player,target_cutoff,team,role,locks_with_current_team,recent_starter_continuity,recent_teammate_change_count,latest_source_match_timestamp
FBI,2024-01-27 20:15:48+00:00,NRG,BOT,2,1.0,0,2024-01-21 23:00:01+00:00
Berserker,2024-01-27 20:15:48+00:00,Cloud9,BOT,2,1.0,0,2024-01-21 21:06:48+00:00
River,2024-01-27 20:15:48+00:00,100 Thieves,JGL,2,1.0,0,2024-01-21 21:06:48+00:00
Blaber,2024-01-27 20:15:48+00:00,Cloud9,JGL,2,1.0,0,2024-01-21 21:06:48+00:00
Mask,2024-01-27 20:15:48+00:00,Immortals,MID,2,1.0,0,2024-01-21 21:58:19+00:00
Jensen,2024-01-27 20:15:48+00:00,FlyQuest,MID,2,1.0,0,2024-01-21 21:58:19+00:00
huhi,2024-01-27 20:15:48+00:00,NRG,SUP,2,1.0,0,2024-01-21 23:00:01+00:00
CoreJJ,2024-01-27 20:15:48+00:00,Team Liquid,SUP,2,1.0,0,2024-01-21 20:12:13+00:00
Fudge,2024-01-27 20:15:48+00:00,Cloud9,TOP,2,1.0,0,2024-01-21 21:06:48+00:00
Sniper,2024-01-27 20:15:48+00:00,100 Thieves,TOP,2,1.0,0,2024-01-21 21:06:48+00:00
Inspired,2024-02-02 21:12:22+00:00,FlyQuest,JGL,4,1.0,0,2024-01-28 21:55:54+00:00
Blaber,2024-02-02 21:12:22+00:00,Cloud9,JGL,4,1.0,0,2024-01-28 21:10:15+00:00
Busio,2024-02-02 21:12:22+00:00,FlyQuest,SUP,4,1.0,0,2024-01-28 21:55:54+00:00
huhi,2024-02-02 21:12:22+00:00,NRG,SUP,4,1.0,0,2024-01-28 21:55:54+00:00
Rich,2024-02-02 21:12:22+00:00,Dignitas,TOP,4,1.0,0,2024-01-28 20:15:18+00:00
Sniper,2024-02-02 21:12:22+00:00,100 Thieves,TOP,4,1.0,0,2024-01-28 20:15:18+00:00
Tactical,2024-06-15 20:11:50+00:00,Immortals,BOT,14,1.0,0,2024-03-10 20:07:55+00:00
FBI,2024-06-15 20:11:50+00:00,NRG,BOT,15,1.0,0,2024-03-16 23:44:56+00:00
Inspired,2024-06-15 20:11:50+00:00,FlyQuest,JGL,17,1.0,0,2024-03-31 22:47:00+00:00
Blaber,2024-06-15 20:11:50+00:00,Cloud9,JGL,17,1.0,0,2024-03-30 22:05:18+00:00
Eyla,2024-06-15 20:11:50+00:00,100 Thieves,SUP,16,1.0,0,2024-03-22 22:49:47+00:00
CoreJJ,2024-06-15 20:11:50+00:00,Team Liquid,SUP,19,1.0,0,2024-03-31 22:47:00+00:00
Impact,2024-06-15 20:11:50+00:00,Team Liquid,TOP,19,1.0,0,2024-03-31 22:47:00+00:00
Zven,2024-06-22 20:11:50+00:00,Dignitas,BOT,16,1.8,4,2024-06-16 00:41:03+00:00
FBI,2024-06-22 20:11:50+00:00,NRG,BOT,16,1.0,0,2024-06-16 20:57:47+00:00
Blaber,2024-06-22 20:11:50+00:00,Cloud9,JGL,19,1.2,1,2024-06-16 00:41:03+00:00
Inspired,2024-06-22 20:11:50+00:00,FlyQuest,JGL,18,1.2,1,2024-06-15 22:02:04+00:00
APA,2024-06-22 20:11:50+00:00,Team Liquid,MID,20,1.0,0,2024-06-15 22:02:04+00:00
Quid,2024-06-22 20:11:50+00:00,100 Thieves,MID,17,1.0,0,2024-06-16 20:57:47+00:00
Thanatos,2024-06-22 20:11:50+00:00,Cloud9,TOP,19,1.2,1,2024-06-16 00:41:03+00:00
Licorice,2024-06-22 20:11:50+00:00,Dignitas,TOP,16,1.8,4,2024-06-16 00:41:03+00:00
Yeon,2024-06-27 20:07:21+00:00,Team Liquid,BOT,21,1.0,0,2024-06-23 23:33:13+00:00
Zven,2024-06-27 20:07:21+00:00,Dignitas,BOT,17,1.0,0,2024-06-22 22:47:46+00:00
Inspired,2024-06-27 20:07:21+00:00,FlyQuest,JGL,19,1.0,0,2024-06-23 21:52:38+00:00
Blaber,2024-06-27 20:07:21+00:00,Cloud9,JGL,20,1.0,0,2024-06-22 20:56:48+00:00
APA,2024-06-27 20:07:21+00:00,Team Liquid,MID,21,1.0,0,2024-06-23 23:33:13+00:00
Quad,2024-06-27 20:07:21+00:00,FlyQuest,MID,19,1.0,0,2024-06-23 21:52:38+00:00
huhi,2024-06-27 20:07:21+00:00,NRG,SUP,17,1.0,0,2024-06-23 21:52:38+00:00
CoreJJ,2024-06-27 20:07:21+00:00,Team Liquid,SUP,21,1.0,0,2024-06-23 23:33:13+00:00
Bvoy,2024-07-20 20:10:15+00:00,Shopify Rebellion,BOT,17,1.0,0,2024-06-28 20:47:05+00:00
Zven,2024-07-20 20:10:15+00:00,Dignitas,BOT,18,1.0,0,2024-06-28 22:16:26+00:00
Contractz,2024-07-20 20:10:15+00:00,NRG,JGL,18,1.0,0,2024-06-27 20:56:17+00:00
Blaber,2024-07-20 20:10:15+00:00,Cloud9,JGL,21,1.0,0,2024-06-28 20:47:05+00:00
APA,2024-07-20 20:10:15+00:00,Team Liquid,MID,22,1.0,0,2024-06-27 22:55:43+00:00
Quid,2024-07-20 20:10:15+00:00,100 Thieves,MID,19,1.0,0,2024-06-27 22:55:43+00:00
Vulcan,2024-07-20 20:10:15+00:00,Cloud9,SUP,21,1.0,0,2024-06-28 20:47:05+00:00
huhi,2024-07-20 20:10:15+00:00,NRG,SUP,18,1.0,0,2024-06-27 20:56:17+00:00
Berserker,2024-07-27 20:09:19+00:00,Cloud9,BOT,22,1.0,0,2024-07-21 20:54:21+00:00
Zven,2024-07-27 20:09:19+00:00,Dignitas,BOT,19,1.0,0,2024-07-20 21:46:03+00:00
Bugi,2024-07-27 20:09:19+00:00,Shopify Rebellion,JGL,18,1.2,1,2024-07-21 22:53:27+00:00
Blaber,2024-07-27 20:09:19+00:00,Cloud9,JGL,22,1.0,0,2024-07-21 20:54:21+00:00
APA,2024-07-27 20:09:19+00:00,Team Liquid,MID,23,1.0,0,2024-07-20 21:46:03+00:00
Quid,2024-07-27 20:09:19+00:00,100 Thieves,MID,20,1.0,0,2024-07-21 20:54:21+00:00
Busio,2024-07-27 20:09:19+00:00,FlyQuest,SUP,21,1.0,0,2024-07-20 23:21:38+00:00
CoreJJ,2024-07-27 20:09:19+00:00,Team Liquid,SUP,23,1.0,0,2024-07-20 21:46:03+00:00
Impact,2024-07-27 20:09:19+00:00,Team Liquid,TOP,23,1.0,0,2024-07-20 21:46:03+00:00
Bwipo,2024-07-27 20:09:19+00:00,FlyQuest,TOP,21,1.0,0,2024-07-20 23:21:38+00:00
Yeon,2024-08-03 20:08:15+00:00,Team Liquid,BOT,24,1.0,0,2024-07-28 23:12:39+00:00
Zven,2024-08-03 20:08:15+00:00,Dignitas,BOT,20,1.0,0,2024-07-27 22:39:35+00:00
Inspired,2024-08-03 20:08:15+00:00,FlyQuest,JGL,22,1.0,0,2024-07-28 21:43:16+00:00
Blaber,2024-08-03 20:08:15+00:00,Cloud9,JGL,23,1.0,0,2024-07-27 21:03:03+00:00
Jensen,2024-08-03 20:08:15+00:00,Dignitas,MID,20,1.0,0,2024-07-27 22:39:35+00:00
Quid,2024-08-03 20:08:15+00:00,100 Thieves,MID,21,1.0,0,2024-07-28 21:43:16+00:00
Eyla,2024-08-03 20:08:15+00:00,100 Thieves,SUP,21,1.0,0,2024-07-28 21:43:16+00:00
huhi,2024-08-03 20:08:15+00:00,NRG,SUP,20,1.0,0,2024-07-27 21:03:03+00:00
FakeGod,2024-08-03 20:08:15+00:00,Shopify Rebellion,TOP,19,1.2,1,2024-07-27 22:39:35+00:00
Impact,2024-08-03 20:08:15+00:00,Team Liquid,TOP,24,1.0,0,2024-07-28 23:12:39+00:00
Yeon,2024-08-05 00:15:54+00:00,Team Liquid,BOT,25,1.0,0,2024-08-04 21:43:36+00:00
Tomo,2024-08-05 00:15:54+00:00,100 Thieves,BOT,22,1.2,1,2024-08-03 22:53:02+00:00
UmTi,2024-08-05 00:15:54+00:00,Team Liquid,JGL,25,1.0,0,2024-08-04 21:43:36+00:00
Bugi,2024-08-05 00:15:54+00:00,Shopify Rebellion,JGL,20,1.0,0,2024-08-04 23:24:32+00:00
CoreJJ,2024-08-05 00:15:54+00:00,Team Liquid,SUP,25,1.0,0,2024-08-04 21:43:36+00:00
Isles,2024-08-05 00:15:54+00:00,Dignitas,SUP,21,1.0,0,2024-08-03 20:53:30+00:00
Licorice,2024-08-05 00:15:54+00:00,Dignitas,TOP,21,1.0,0,2024-08-03 20:53:30+00:00
Impact,2024-08-05 00:15:54+00:00,Team Liquid,TOP,25,1.0,0,2024-08-04 21:43:36+00:00
Massu,2024-08-17 20:07:21+00:00,FlyQuest,BOT,25,1.0,0,2024-08-11 20:52:02+00:00
Zven,2024-08-17 20:07:21+00:00,Dignitas,BOT,22,1.0,0,2024-08-11 23:48:41+00:00
River,2024-08-17 20:07:21+00:00,100 Thieves,JGL,23,1.0,0,2024-08-10 23:06:13+00:00
Inspired,2024-08-17 20:07:21+00:00,FlyQuest,JGL,25,1.0,0,2024-08-11 20:52:02+00:00
Sniper,2024-08-17 20:07:21+00:00,100 Thieves,TOP,23,1.0,0,2024-08-10 23:06:13+00:00
Dhokla,2024-08-17 20:07:21+00:00,NRG,TOP,22,1.0,0,2024-08-10 20:51:54+00:00
Zven,2024-08-23 20:07:51+00:00,Dignitas,BOT,23,1.0,0,2024-08-17 21:40:59+00:00
FBI,2024-08-23 20:07:51+00:00,NRG,BOT,23,1.0,0,2024-08-18 22:50:10+00:00
Quad,2024-08-23 20:07:51+00:00,FlyQuest,MID,26,1.0,0,2024-08-18 22:50:10+00:00
Jensen,2024-08-23 20:07:51+00:00,Dignitas,MID,23,1.0,0,2024-08-17 21:40:59+00:00
huhi,2024-08-23 20:07:51+00:00,NRG,SUP,23,1.0,0,2024-08-18 22:50:10+00:00
Vulcan,2024-08-23 20:07:51+00:00,Cloud9,SUP,25,1.0,0,2024-08-11 20:52:02+00:00
River,2024-08-30 20:08:40+00:00,100 Thieves,JGL,25,1.0,0,2024-08-24 21:47:58+00:00
Inspired,2024-08-30 20:08:40+00:00,FlyQuest,JGL,27,1.0,0,2024-08-25 22:51:53+00:00
Quad,2024-08-30 20:08:40+00:00,FlyQuest,MID,27,1.0,0,2024-08-25 22:51:53+00:00
Quid,2024-08-30 20:08:40+00:00,100 Thieves,MID,25,1.0,0,2024-08-24 21:47:58+00:00
CoreJJ,2024-08-30 20:08:40+00:00,Team Liquid,SUP,27,1.0,0,2024-08-24 21:47:58+00:00
Vulcan,2024-08-30 20:08:40+00:00,Cloud9,SUP,26,1.0,0,2024-08-25 22:51:53+00:00
Licorice,2024-08-30 20:08:40+00:00,Dignitas,TOP,24,1.0,0,2024-08-23 23:39:20+00:00
Impact,2024-08-30 20:08:40+00:00,Team Liquid,TOP,27,1.0,0,2024-08-24 21:47:58+00:00
Massu,2024-09-06 20:13:13+00:00,FlyQuest,BOT,28,1.0,0,2024-08-31 23:47:37+00:00
Yeon,2024-09-06 20:13:13+00:00,Team Liquid,BOT,28,1.0,0,2024-08-31 23:47:37+00:00
Busio,2024-09-06 20:13:13+00:00,FlyQuest,SUP,28,1.0,0,2024-08-31 23:47:37+00:00
CoreJJ,2024-09-06 20:13:13+00:00,Team Liquid,SUP,28,1.0,0,2024-08-31 23:47:37+00:00
FBI,2025-01-25 21:14:31+00:00,NRG,BOT,24,1.0,0,2024-08-23 23:39:20+00:00
Yeon,2025-01-25 21:14:31+00:00,Team Liquid,BOT,29,1.0,0,2024-09-07 22:46:24+00:00
Inspired,2025-01-25 21:14:31+00:00,FlyQuest,JGL,30,1.0,0,2024-09-07 22:46:24+00:00
Blaber,2025-01-25 21:14:31+00:00,Cloud9,JGL,27,1.0,0,2024-09-01 22:37:27+00:00
APA,2025-01-25 21:14:31+00:00,Team Liquid,MID,29,1.0,0,2024-09-07 22:46:24+00:00
Quad,2025-01-25 21:14:31+00:00,FlyQuest,MID,30,1.0,0,2024-09-07 22:46:24+00:00
CoreJJ,2025-01-25 21:14:31+00:00,Team Liquid,SUP,29,1.0,0,2024-09-07 22:46:24+00:00
Eyla,2025-01-25 21:14:31+00:00,100 Thieves,SUP,28,1.0,0,2024-09-06 22:01:47+00:00
Castle,2025-01-25 21:14:31+00:00,Immortals,TOP,21,1.0,0,2024-08-11 23:48:41+00:00
Impact,2025-01-25 21:14:31+00:00,Team Liquid,TOP,29,1.0,0,2024-09-07 22:46:24+00:00
FBI,2025-02-01 21:06:58+00:00,100 Thieves,BOT,29,1.2,1,2025-01-26 22:01:48+00:00
Hena,2025-02-01 21:06:58+00:00,LYON,BOT,1,1.0,0,2025-01-25 23:52:59+00:00
River,2025-02-01 21:06:58+00:00,100 Thieves,JGL,29,1.2,1,2025-01-26 22:01:48+00:00
Contractz,2025-02-01 21:06:58+00:00,Shopify Rebellion,JGL,23,1.6,3,2025-01-25 22:01:01+00:00
Quid,2025-02-01 21:06:58+00:00,100 Thieves,MID,29,1.2,1,2025-01-26 22:01:48+00:00
APA,2025-02-01 21:06:58+00:00,Team Liquid,MID,30,1.0,0,2025-01-26 23:52:28+00:00
CoreJJ,2025-02-01 21:06:58+00:00,Team Liquid,SUP,30,1.0,0,2025-01-26 23:52:28+00:00
huhi,2025-02-01 21:06:58+00:00,Disguised,SUP,1,1.0,0,2025-01-26 22:01:48+00:00
FBI,2025-02-03 00:15:46+00:00,100 Thieves,BOT,30,1.0,0,2025-02-02 23:06:46+00:00
Yeon,2025-02-03 00:15:46+00:00,Team Liquid,BOT,31,1.0,0,2025-02-02 23:06:46+00:00
River,2025-02-03 00:15:46+00:00,100 Thieves,JGL,30,1.0,0,2025-02-02 23:06:46+00:00
Inspired,2025-02-03 00:15:46+00:00,FlyQuest,JGL,31,1.0,0,2025-01-25 22:01:01+00:00
APA,2025-02-03 00:15:46+00:00,Team Liquid,MID,31,1.0,0,2025-02-02 23:06:46+00:00
Quid,2025-02-03 00:15:46+00:00,100 Thieves,MID,30,1.0,0,2025-02-02 23:06:46+00:00
Eyla,2025-02-03 00:15:46+00:00,100 Thieves,SUP,30,1.0,0,2025-02-02 23:06:46+00:00
CoreJJ,2025-02-03 00:15:46+00:00,Team Liquid,SUP,31,1.0,0,2025-02-02 23:06:46+00:00
Bwipo,2025-02-03 00:15:46+00:00,FlyQuest,TOP,31,1.0,0,2025-01-25 22:01:01+00:00
Srtty,2025-02-03 00:15:46+00:00,Dignitas,TOP,28,1.2,1,2025-02-02 01:34:49+00:00
Zven,2025-02-10 00:46:00+00:00,Cloud9,BOT,29,1.0,0,2025-02-03 02:54:42+00:00
Route,2025-02-10 00:46:00+00:00,LOUD,BOT,3,1.0,0,2025-02-09 22:10:45+00:00
Quad,2025-02-10 00:46:00+00:00,FlyQuest,MID,33,1.0,0,2025-02-09 23:49:15+00:00
Quid,2025-02-10 00:46:00+00:00,100 Thieves,MID,31,1.0,0,2025-02-03 02:54:42+00:00
Eyla,2025-02-10 00:46:00+00:00,100 Thieves,SUP,31,1.0,0,2025-02-03 02:54:42+00:00
CoreJJ,2025-02-10 00:46:00+00:00,Team Liquid,SUP,32,1.0,0,2025-02-09 21:57:01+00:00
Bwipo,2025-02-10 00:46:00+00:00,FlyQuest,TOP,33,1.0,0,2025-02-09 23:49:15+00:00
Wizer,2025-02-10 00:46:00+00:00,paiN Gaming,TOP,3,1.0,0,2025-02-09 22:10:45+00:00
Yeon,2025-02-22 19:13:32+00:00,Team Liquid,BOT,34,1.0,0,2025-02-16 23:17:16+00:00
FBI,2025-02-22 19:13:32+00:00,100 Thieves,BOT,32,1.0,0,2025-02-15 20:02:58+00:00
River,2025-02-22 19:13:32+00:00,100 Thieves,JGL,32,1.0,0,2025-02-15 20:02:58+00:00
Inspired,2025-02-22 19:13:32+00:00,FlyQuest,JGL,35,1.0,0,2025-02-15 22:08:12+00:00
APA,2025-02-22 19:13:32+00:00,Team Liquid,MID,34,1.0,0,2025-02-16 23:17:16+00:00
Loki,2025-02-22 19:13:32+00:00,Cloud9,MID,30,1.0,0,2025-02-16 19:58:13+00:00
Zven,2025-04-05 20:14:15+00:00,Cloud9,BOT,32,1.0,0,2025-02-23 00:07:14+00:00
Hena,2025-04-05 20:14:15+00:00,LYON,BOT,2,1.0,0,2025-02-01 22:48:32+00:00
Contractz,2025-04-05 20:14:15+00:00,Shopify Rebellion,JGL,25,1.0,0,2025-02-09 21:57:01+00:00
Inspired,2025-04-05 20:14:15+00:00,FlyQuest,JGL,36,1.0,0,2025-02-22 21:00:03+00:00
Quad,2025-04-05 20:14:15+00:00,FlyQuest,MID,36,1.0,0,2025-02-22 21:00:03+00:00
Quid,2025-04-05 20:14:15+00:00,100 Thieves,MID,34,1.0,0,2025-02-23 21:12:06+00:00
Lyonz,2025-04-05 20:14:15+00:00,LYON,SUP,2,1.0,0,2025-02-01 22:48:32+00:00
CoreJJ,2025-04-05 20:14:15+00:00,Team Liquid,SUP,36,1.0,0,2025-02-23 21:12:06+00:00
Bwipo,2025-04-05 20:14:15+00:00,FlyQuest,TOP,36,1.0,0,2025-02-22 21:00:03+00:00
Srtty,2025-04-05 20:14:15+00:00,Dignitas,TOP,29,1.0,0,2025-02-09 23:49:15+00:00
River,2025-04-12 20:06:56+00:00,100 Thieves,JGL,36,1.0,0,2025-04-06 21:16:20+00:00
Inspired,2025-04-12 20:06:56+00:00,FlyQuest,JGL,38,1.0,0,2025-04-06 22:13:45+00:00
Loki,2025-04-12 20:06:56+00:00,Cloud9,MID,34,1.0,0,2025-04-06 20:07:24+00:00
Quid,2025-04-12 20:06:56+00:00,100 Thieves,MID,36,1.0,0,2025-04-06 21:16:20+00:00
Lyonz,2025-04-12 20:06:56+00:00,LYON,SUP,3,1.0,0,2025-04-06 23:23:09+00:00
CoreJJ,2025-04-12 20:06:56+00:00,Team Liquid,SUP,38,1.0,0,2025-04-06 21:16:20+00:00
Bwipo,2025-04-12 20:06:56+00:00,FlyQuest,TOP,38,1.0,0,2025-04-06 22:13:45+00:00
Licorice,2025-04-12 20:06:56+00:00,LYON,TOP,3,1.0,0,2025-04-06 23:23:09+00:00
Bvoy,2025-04-19 20:08:34+00:00,Shopify Rebellion,BOT,29,1.2,1,2025-04-13 20:59:14+00:00
Zven,2025-04-19 20:08:34+00:00,Cloud9,BOT,36,1.0,0,2025-04-13 22:48:13+00:00
Sheiden,2025-04-19 20:08:34+00:00,Dignitas,JGL,33,1.0,0,2025-04-13 22:48:13+00:00
Inspired,2025-04-19 20:08:34+00:00,FlyQuest,JGL,40,1.0,0,2025-04-13 20:59:14+00:00
Loki,2025-04-19 20:08:34+00:00,Cloud9,MID,36,1.0,0,2025-04-13 22:48:13+00:00
Quid,2025-04-19 20:08:34+00:00,100 Thieves,MID,38,1.0,0,2025-04-13 20:06:51+00:00
Eyla,2025-04-19 20:08:34+00:00,100 Thieves,SUP,38,1.0,0,2025-04-13 20:06:51+00:00
CoreJJ,2025-04-19 20:08:34+00:00,Team Liquid,SUP,40,1.0,0,2025-04-13 21:53:10+00:00
Bwipo,2025-04-19 20:08:34+00:00,FlyQuest,TOP,40,1.0,0,2025-04-13 20:59:14+00:00
Fudge,2025-04-19 20:08:34+00:00,Shopify Rebellion,TOP,29,1.2,1,2025-04-13 20:59:14+00:00
Zven,2025-04-21 20:07:10+00:00,Cloud9,BOT,38,1.0,0,2025-04-20 21:02:57+00:00
Tomo,2025-04-21 20:07:10+00:00,Dignitas,BOT,35,1.0,0,2025-04-20 22:53:25+00:00
Blaber,2025-04-21 20:07:10+00:00,Cloud9,JGL,38,1.0,0,2025-04-20 21:02:57+00:00
Inspired,2025-04-21 20:07:10+00:00,FlyQuest,JGL,42,1.0,0,2025-04-20 21:02:57+00:00
APA,2025-04-21 20:07:10+00:00,Team Liquid,MID,42,1.0,0,2025-04-20 22:02:17+00:00
Loki,2025-04-21 20:07:10+00:00,Cloud9,MID,38,1.0,0,2025-04-20 21:02:57+00:00
Vulcan,2025-04-21 20:07:10+00:00,Cloud9,SUP,38,1.0,0,2025-04-20 21:02:57+00:00
CoreJJ,2025-04-21 20:07:10+00:00,Team Liquid,SUP,42,1.0,0,2025-04-20 22:02:17+00:00
Bwipo,2025-04-21 20:07:10+00:00,FlyQuest,TOP,42,1.0,0,2025-04-20 21:02:57+00:00
Fudge,2025-04-21 20:07:10+00:00,Shopify Rebellion,TOP,31,1.0,0,2025-04-20 22:02:17+00:00
Yeon,2025-05-03 20:08:26+00:00,Team Liquid,BOT,44,1.0,0,2025-04-26 22:55:43+00:00
Zven,2025-05-03 20:08:26+00:00,Cloud9,BOT,40,1.0,0,2025-04-27 20:51:24+00:00
Inspired,2025-05-03 20:08:26+00:00,FlyQuest,JGL,44,1.0,0,2025-04-26 21:16:22+00:00
UmTi,2025-05-03 20:08:26+00:00,Team Liquid,JGL,44,1.0,0,2025-04-26 22:55:43+00:00
Fudge,2025-05-03 20:08:26+00:00,Shopify Rebellion,TOP,33,1.0,0,2025-04-27 23:47:01+00:00
Bwipo,2025-05-03 20:08:26+00:00,FlyQuest,TOP,44,1.0,0,2025-04-26 21:16:22+00:00
Massu,2025-05-10 20:09:23+00:00,FlyQuest,BOT,45,1.0,0,2025-05-03 21:51:15+00:00
Zven,2025-05-10 20:09:23+00:00,Cloud9,BOT,41,1.0,0,2025-05-04 23:57:16+00:00
Blaber,2025-05-10 20:09:23+00:00,Cloud9,JGL,41,1.0,0,2025-05-04 23:57:16+00:00
Inspired,2025-05-10 20:09:23+00:00,FlyQuest,JGL,45,1.0,0,2025-05-03 21:51:15+00:00
Saint,2025-05-10 20:09:23+00:00,LYON,MID,10,1.0,0,2025-05-04 23:57:16+00:00
Quid,2025-05-10 20:09:23+00:00,100 Thieves,MID,43,1.0,0,2025-05-04 21:12:10+00:00
Fudge,2025-05-10 20:09:23+00:00,Shopify Rebellion,TOP,34,1.0,0,2025-05-03 21:51:15+00:00
Impact,2025-05-10 20:09:23+00:00,Team Liquid,TOP,45,1.0,0,2025-05-03 23:56:15+00:00
Yeon,2025-05-17 20:08:05+00:00,Team Liquid,BOT,46,1.0,0,2025-05-10 20:58:20+00:00
FBI,2025-05-17 20:08:05+00:00,100 Thieves,BOT,45,1.0,0,2025-05-11 00:10:15+00:00
Inspired,2025-05-17 20:08:05+00:00,FlyQuest,JGL,46,1.0,0,2025-05-11 20:54:32+00:00
River,2025-05-17 20:08:05+00:00,100 Thieves,JGL,45,1.0,0,2025-05-11 00:10:15+00:00
Eyla,2025-05-17 20:08:05+00:00,100 Thieves,SUP,45,1.0,0,2025-05-11 00:10:15+00:00
CoreJJ,2025-05-17 20:08:05+00:00,Team Liquid,SUP,46,1.0,0,2025-05-10 20:58:20+00:00
Impact,2025-05-17 20:08:05+00:00,Team Liquid,TOP,46,1.0,0,2025-05-10 20:58:20+00:00
Bwipo,2025-05-17 20:08:05+00:00,FlyQuest,TOP,46,1.0,0,2025-05-11 20:54:32+00:00
Bvoy,2025-05-24 20:07:34+00:00,Shopify Rebellion,BOT,37,1.0,0,2025-05-18 20:55:35+00:00
Massu,2025-05-24 20:07:34+00:00,FlyQuest,BOT,47,1.0,0,2025-05-17 20:53:29+00:00
Blaber,2025-05-24 20:07:34+00:00,Cloud9,JGL,43,1.0,0,2025-05-17 20:53:29+00:00
Inspired,2025-05-24 20:07:34+00:00,FlyQuest,JGL,47,1.0,0,2025-05-17 20:53:29+00:00
Busio,2025-05-24 20:07:34+00:00,FlyQuest,SUP,47,1.0,0,2025-05-17 20:53:29+00:00
CoreJJ,2025-05-24 20:07:34+00:00,Team Liquid,SUP,47,1.2,1,2025-05-18 20:55:35+00:00
Thanatos,2025-05-24 20:07:34+00:00,Cloud9,TOP,43,1.0,0,2025-05-17 20:53:29+00:00
Bwipo,2025-05-24 20:07:34+00:00,FlyQuest,TOP,47,1.0,0,2025-05-17 20:53:29+00:00
Bvoy,2025-05-31 20:08:28+00:00,Shopify Rebellion,BOT,38,1.0,0,2025-05-24 22:05:34+00:00
Yeon,2025-05-31 20:08:28+00:00,Team Liquid,BOT,48,1.2,1,2025-05-25 21:52:08+00:00
Contractz,2025-05-31 20:08:28+00:00,Shopify Rebellion,JGL,38,1.0,0,2025-05-24 22:05:34+00:00
River,2025-05-31 20:08:28+00:00,100 Thieves,JGL,46,1.0,0,2025-05-18 22:38:41+00:00
Palafox,2025-05-31 20:08:28+00:00,Shopify Rebellion,MID,38,1.0,0,2025-05-24 22:05:34+00:00
Quid,2025-05-31 20:08:28+00:00,100 Thieves,MID,46,1.0,0,2025-05-18 22:38:41+00:00
Ceos,2025-05-31 20:08:28+00:00,Shopify Rebellion,SUP,38,1.0,0,2025-05-24 22:05:34+00:00
Eyla,2025-05-31 20:08:28+00:00,100 Thieves,SUP,46,1.0,0,2025-05-18 22:38:41+00:00
Massu,2025-06-07 20:06:56+00:00,FlyQuest,BOT,48,1.0,0,2025-05-24 22:05:34+00:00
Yeon,2025-06-07 20:06:56+00:00,Team Liquid,BOT,49,1.2,1,2025-05-31 22:47:04+00:00
Yuuji,2025-06-07 20:06:56+00:00,Team Liquid,JGL,49,1.2,1,2025-05-31 22:47:04+00:00
Inspired,2025-06-07 20:06:56+00:00,FlyQuest,JGL,48,1.0,0,2025-05-24 22:05:34+00:00
Palafox,2025-06-07 20:06:56+00:00,Shopify Rebellion,MID,39,1.0,0,2025-06-01 22:06:16+00:00
APA,2025-06-07 20:06:56+00:00,Team Liquid,MID,49,1.2,1,2025-05-31 22:47:04+00:00
Vulcan,2025-06-07 20:06:56+00:00,Cloud9,SUP,44,1.0,0,2025-05-25 21:52:08+00:00
CoreJJ,2025-06-07 20:06:56+00:00,Team Liquid,SUP,49,1.2,1,2025-05-31 22:47:04+00:00
Thanatos,2025-06-07 20:06:56+00:00,Cloud9,TOP,44,1.0,0,2025-05-25 21:52:08+00:00
Fudge,2025-06-07 20:06:56+00:00,Shopify Rebellion,TOP,39,1.0,0,2025-06-01 22:06:16+00:00
Vulcan,2025-06-14 20:12:24+00:00,Cloud9,SUP,45,1.0,0,2025-06-07 23:33:00+00:00
Busio,2025-06-14 20:12:24+00:00,FlyQuest,SUP,49,1.0,0,2025-06-07 23:33:00+00:00
Bwipo,2025-06-14 20:12:24+00:00,FlyQuest,TOP,49,1.0,0,2025-06-07 23:33:00+00:00
Fudge,2025-06-14 20:12:24+00:00,Shopify Rebellion,TOP,40,1.0,0,2025-06-08 23:09:04+00:00
Contractz,2025-07-26 20:10:23+00:00,Shopify Rebellion,JGL,41,1.0,0,2025-06-14 21:50:18+00:00
Inspired,2025-07-26 20:10:23+00:00,FlyQuest,JGL,50,1.0,0,2025-06-15 23:43:18+00:00
Vulcan,2025-07-26 20:10:23+00:00,Cloud9,SUP,47,1.0,0,2025-06-15 23:43:18+00:00
huhi,2025-07-26 20:10:23+00:00,Disguised,SUP,13,1.0,0,2025-05-18 22:38:41+00:00
Bwipo,2025-07-26 20:10:23+00:00,FlyQuest,TOP,50,1.0,0,2025-06-15 23:43:18+00:00
Fudge,2025-07-26 20:10:23+00:00,Shopify Rebellion,TOP,41,1.0,0,2025-06-14 21:50:18+00:00
Zven,2025-08-02 20:08:18+00:00,Cloud9,BOT,48,1.0,0,2025-07-26 22:37:10+00:00
Yeon,2025-08-02 20:08:18+00:00,Team Liquid,BOT,51,1.0,0,2025-07-27 21:02:05+00:00
Blaber,2025-08-02 20:08:18+00:00,Cloud9,JGL,48,1.0,0,2025-07-26 22:37:10+00:00
Inspired,2025-08-02 20:08:18+00:00,FlyQuest,JGL,51,1.2,1,2025-07-26 20:58:52+00:00
Palafox,2025-08-02 20:08:18+00:00,Shopify Rebellion,MID,42,1.0,0,2025-07-27 22:54:47+00:00
Loki,2025-08-02 20:08:18+00:00,Cloud9,MID,48,1.0,0,2025-07-26 22:37:10+00:00
Srtty,2025-08-02 20:08:18+00:00,Dignitas,TOP,42,1.2,1,2025-07-27 22:54:47+00:00
Fudge,2025-08-02 20:08:18+00:00,Shopify Rebellion,TOP,42,1.0,0,2025-07-27 22:54:47+00:00
Inspired,2025-08-09 20:06:58+00:00,FlyQuest,JGL,52,1.2,1,2025-08-02 20:58:00+00:00
Blaber,2025-08-09 20:06:58+00:00,Cloud9,JGL,49,1.0,0,2025-08-03 21:00:31+00:00
Saint,2025-08-09 20:06:58+00:00,LYON,MID,14,1.2,1,2025-08-02 23:32:14+00:00
Quid,2025-08-09 20:06:58+00:00,100 Thieves,MID,49,1.0,0,2025-08-02 20:58:00+00:00
Thanatos,2025-08-09 20:06:58+00:00,Cloud9,TOP,49,1.0,0,2025-08-03 21:00:31+00:00
Photon,2025-08-09 20:06:58+00:00,Dignitas,TOP,43,1.2,1,2025-08-03 21:00:31+00:00
Massu,2025-08-16 20:06:27+00:00,FlyQuest,BOT,53,1.2,1,2025-08-09 23:25:54+00:00
Zven,2025-08-16 20:06:27+00:00,Cloud9,BOT,50,1.0,0,2025-08-10 20:59:02+00:00
APA,2025-08-16 20:06:27+00:00,Team Liquid,MID,53,1.0,0,2025-08-10 20:59:02+00:00
Loki,2025-08-16 20:06:27+00:00,Cloud9,MID,50,1.0,0,2025-08-10 20:59:02+00:00
Busio,2025-08-16 20:06:27+00:00,FlyQuest,SUP,53,1.2,1,2025-08-09 23:25:54+00:00
Vulcan,2025-08-16 20:06:27+00:00,Cloud9,SUP,50,1.0,0,2025-08-10 20:59:02+00:00
Fudge,2025-08-16 20:06:27+00:00,Shopify Rebellion,TOP,44,1.0,0,2025-08-09 21:49:24+00:00
Bwipo,2025-08-16 20:06:27+00:00,FlyQuest,TOP,53,1.2,1,2025-08-09 23:25:54+00:00
FBI,2025-08-23 20:06:29+00:00,100 Thieves,BOT,50,1.2,1,2025-08-09 21:49:24+00:00
Tomo,2025-08-23 20:06:29+00:00,Dignitas,BOT,44,1.0,0,2025-08-10 23:30:53+00:00
River,2025-08-23 20:06:29+00:00,100 Thieves,JGL,50,1.2,1,2025-08-09 21:49:24+00:00
Sheiden,2025-08-23 20:06:29+00:00,Dignitas,JGL,44,1.0,0,2025-08-10 23:30:53+00:00
Saint,2025-08-23 20:06:29+00:00,LYON,MID,15,1.0,0,2025-08-09 23:25:54+00:00
Quid,2025-08-23 20:06:29+00:00,100 Thieves,MID,50,1.2,1,2025-08-09 21:49:24+00:00
huhi,2025-08-23 20:06:29+00:00,Disguised,SUP,16,1.0,0,2025-08-10 23:30:53+00:00
Isles,2025-08-23 20:06:29+00:00,Dignitas,SUP,44,1.0,0,2025-08-10 23:30:53+00:00
Photon,2025-08-23 20:06:29+00:00,Dignitas,TOP,44,1.0,0,2025-08-10 23:30:53+00:00
Castle,2025-08-23 20:06:29+00:00,Disguised,TOP,16,1.0,0,2025-08-10 23:30:53+00:00
River,2025-08-29 20:06:10+00:00,100 Thieves,JGL,51,1.0,0,2025-08-24 22:42:54+00:00
Inspired,2025-08-29 20:06:10+00:00,FlyQuest,JGL,54,1.0,0,2025-08-17 22:02:15+00:00
Quid,2025-08-29 20:06:10+00:00,100 Thieves,MID,51,1.0,0,2025-08-24 22:42:54+00:00
Loki,2025-08-29 20:06:10+00:00,Cloud9,MID,51,1.0,0,2025-08-16 23:50:45+00:00
Eyla,2025-08-29 20:06:10+00:00,100 Thieves,SUP,51,1.0,0,2025-08-24 22:42:54+00:00
CoreJJ,2025-08-29 20:06:10+00:00,Team Liquid,SUP,54,1.0,0,2025-08-17 22:02:15+00:00
Bwipo,2025-08-29 20:06:10+00:00,FlyQuest,TOP,54,1.0,0,2025-08-17 22:02:15+00:00
Fudge,2025-08-29 20:06:10+00:00,Shopify Rebellion,TOP,45,1.0,0,2025-08-16 23:50:45+00:00
Massu,2025-09-05 20:05:46+00:00,FlyQuest,BOT,55,1.2,1,2025-08-31 22:54:06+00:00
Zven,2025-09-05 20:05:46+00:00,Cloud9,BOT,52,1.0,0,2025-08-29 23:27:33+00:00
Blaber,2025-09-05 20:05:46+00:00,Cloud9,JGL,52,1.0,0,2025-08-29 23:27:33+00:00
Inspired,2025-09-05 20:05:46+00:00,FlyQuest,JGL,55,1.2,1,2025-08-31 22:54:06+00:00
Bwipo,2025-09-05 20:05:46+00:00,FlyQuest,TOP,55,1.2,1,2025-08-31 22:54:06+00:00
Fudge,2025-09-05 20:05:46+00:00,Shopify Rebellion,TOP,46,1.0,0,2025-08-31 22:54:06+00:00
TitaN,2025-09-13 20:14:47+00:00,paiN Gaming,BOT,24,1.0,0,2025-09-06 18:07:07+00:00
Rabelo,2025-09-13 20:14:47+00:00,RED Canids,BOT,23,1.0,0,2025-09-07 17:54:49+00:00
River,2025-09-13 20:14:47+00:00,100 Thieves,JGL,55,1.0,0,2025-09-07 22:50:47+00:00
CarioK,2025-09-13 20:14:47+00:00,paiN Gaming,JGL,24,1.0,0,2025-09-06 18:07:07+00:00
Massu,2025-09-20 20:12:24+00:00,FlyQuest,BOT,56,1.0,0,2025-09-07 22:50:47+00:00
Morttheus,2025-09-20 20:12:24+00:00,Vivo Keyd Stars,BOT,22,1.0,0,2025-09-07 17:54:49+00:00
Busio,2025-09-20 20:12:24+00:00,FlyQuest,SUP,56,1.0,0,2025-09-07 22:50:47+00:00
frosty,2025-09-20 20:12:24+00:00,RED Canids,SUP,24,1.0,0,2025-09-14 23:42:24+00:00
Gakgos,2025-09-20 20:12:24+00:00,FlyQuest,TOP,56,1.0,0,2025-09-07 22:50:47+00:00
fNb,2025-09-20 20:12:24+00:00,RED Canids,TOP,24,1.0,0,2025-09-14 23:42:24+00:00
River,2025-09-27 20:15:13+00:00,100 Thieves,JGL,57,1.0,0,2025-09-21 21:53:03+00:00
Inspired,2025-09-27 20:15:13+00:00,FlyQuest,JGL,57,1.2,1,2025-09-20 21:56:51+00:00
Mireu,2025-09-27 20:15:13+00:00,Vivo Keyd Stars,MID,23,1.0,0,2025-09-20 21:56:51+00:00
Quid,2025-09-27 20:15:13+00:00,100 Thieves,MID,57,1.0,0,2025-09-21 21:53:03+00:00
DARKWINGS,2026-02-14 21:11:50+00:00,Sentinels,MID,5,1.0,0,2026-02-07 23:13:38+00:00
APA,2026-02-14 21:11:50+00:00,Cloud9,MID,57,1.0,0,2026-02-09 00:51:15+00:00
Vulcan,2026-02-14 21:11:50+00:00,Cloud9,SUP,57,1.0,0,2026-02-09 00:51:15+00:00
Lyonz,2026-02-14 21:11:50+00:00,Disguised,SUP,26,1.2,1,2026-02-08 01:49:13+00:00
Castle,2026-02-14 21:11:50+00:00,Disguised,TOP,26,1.2,1,2026-02-08 01:49:13+00:00
Impact,2026-02-14 21:11:50+00:00,Sentinels,TOP,5,1.0,0,2026-02-07 23:13:38+00:00
Berserker,2026-05-02 20:10:20+00:00,LYON,BOT,29,1.0,0,2026-04-26 21:06:20+00:00
Zven,2026-05-02 20:10:20+00:00,Cloud9,BOT,65,1.0,0,2026-04-25 23:00:25+00:00
Blaber,2026-05-02 20:10:20+00:00,Cloud9,JGL,65,1.0,0,2026-04-25 23:00:25+00:00
Inspired,2026-05-02 20:10:20+00:00,LYON,JGL,29,1.0,0,2026-04-26 21:06:20+00:00
CoreJJ,2026-05-02 20:10:20+00:00,Team Liquid,SUP,66,1.0,0,2026-04-26 23:48:02+00:00
Vulcan,2026-05-02 20:10:20+00:00,Cloud9,SUP,65,1.0,0,2026-04-25 23:00:25+00:00
Dhokla,2026-05-02 20:10:20+00:00,LYON,TOP,29,1.0,0,2026-04-26 21:06:20+00:00
Thanatos,2026-05-02 20:10:20+00:00,Cloud9,TOP,65,1.0,0,2026-04-25 23:00:25+00:00
Zven,2026-01-24 21:24:34+00:00,Cloud9,BOT,53,1.0,0,2025-09-05 23:36:21+00:00
APA,2026-01-24 21:24:34+00:00,Team Liquid,MID,55,1.0,0,2025-08-30 22:02:02+00:00
Quad,2026-01-24 21:24:34+00:00,FlyQuest,MID,58,1.2,1,2025-09-28 22:54:04+00:00
Isles,2026-01-24 21:24:34+00:00,Dignitas,SUP,45,1.0,0,2025-08-23 22:39:00+00:00
Vulcan,2026-01-24 21:24:34+00:00,Cloud9,SUP,53,1.0,0,2025-09-05 23:36:21+00:00
Gakgos,2026-01-24 21:24:34+00:00,FlyQuest,TOP,58,1.2,1,2025-09-28 22:54:04+00:00
Impact,2026-01-24 21:24:34+00:00,Team Liquid,TOP,55,1.0,0,2025-08-30 22:02:02+00:00
Zven,2026-01-31 21:07:01+00:00,Cloud9,BOT,54,1.2,1,2026-01-24 22:19:00+00:00
Massu,2026-01-31 21:07:01+00:00,FlyQuest,BOT,59,1.6,3,2026-01-25 22:12:03+00:00
HamBak,2026-01-31 21:07:01+00:00,Sentinels,JGL,2,1.0,0,2026-01-25 01:17:06+00:00
Blaber,2026-01-31 21:07:01+00:00,Cloud9,JGL,54,1.2,1,2026-01-24 22:19:00+00:00
DARKWINGS,2026-01-31 21:07:01+00:00,Sentinels,MID,2,1.0,0,2026-01-25 01:17:06+00:00
Quid,2026-01-31 21:07:01+00:00,Team Liquid,MID,56,1.6,3,2026-01-24 22:19:00+00:00
Cryogen,2026-01-31 21:07:01+00:00,FlyQuest,SUP,59,1.6,3,2026-01-25 22:12:03+00:00
Vulcan,2026-01-31 21:07:01+00:00,Cloud9,SUP,54,1.2,1,2026-01-24 22:19:00+00:00
Bvoy,2026-04-04 20:17:46+00:00,Shopify Rebellion,BOT,52,1.0,0,2026-02-08 22:13:29+00:00
FBI,2026-04-04 20:17:46+00:00,Dignitas,BOT,51,1.0,0,2026-02-09 01:41:45+00:00
Contractz,2026-04-04 20:17:46+00:00,Shopify Rebellion,JGL,52,1.0,0,2026-02-08 22:13:29+00:00
HamBak,2026-04-04 20:17:46+00:00,Sentinels,JGL,10,1.0,0,2026-03-01 00:00:08+00:00
Ceos,2026-04-04 20:17:46+00:00,Shopify Rebellion,SUP,52,1.0,0,2026-02-08 22:13:29+00:00
CoreJJ,2026-04-04 20:17:46+00:00,Team Liquid,SUP,62,1.0,0,2026-02-27 23:47:08+00:00
Thanatos,2026-04-04 20:17:46+00:00,Cloud9,TOP,61,1.0,0,2026-03-02 00:22:41+00:00
Fudge,2026-04-04 20:17:46+00:00,Shopify Rebellion,TOP,52,1.0,0,2026-02-08 22:13:29+00:00
Blaber,2026-04-18 20:07:45+00:00,Cloud9,JGL,63,1.0,0,2026-04-12 23:30:01+00:00
Inspired,2026-04-18 20:07:45+00:00,LYON,JGL,27,1.0,0,2026-04-11 23:40:13+00:00
Saint,2026-04-18 20:07:45+00:00,LYON,MID,27,1.0,0,2026-04-11 23:40:13+00:00
Quid,2026-04-18 20:07:45+00:00,Team Liquid,MID,64,1.0,0,2026-04-11 20:55:34+00:00
Impact,2026-04-18 20:07:45+00:00,Sentinels,TOP,13,1.0,0,2026-04-12 23:30:01+00:00
Gakgos,2026-04-18 20:07:45+00:00,FlyQuest,TOP,66,1.0,0,2026-04-12 21:00:02+00:00
Quad,2026-04-25 20:09:02+00:00,FlyQuest,MID,67,1.0,0,2026-04-18 23:15:41+00:00
Quid,2026-04-25 20:09:02+00:00,Team Liquid,MID,65,1.0,0,2026-04-19 23:52:55+00:00
Thanatos,2026-04-25 20:09:02+00:00,Cloud9,TOP,64,1.0,0,2026-04-18 20:49:34+00:00
Gakgos,2026-04-25 20:09:02+00:00,FlyQuest,TOP,67,1.0,0,2026-04-18 23:15:41+00:00
FBI,2026-02-07 21:11:32+00:00,Dignitas,BOT,49,2.2,6,2026-02-01 00:06:03+00:00
Berserker,2026-02-07 21:11:32+00:00,LYON,BOT,19,1.8,4,2026-01-31 22:10:44+00:00
eXyu,2026-02-07 21:11:32+00:00,Dignitas,JGL,49,2.2,6,2026-02-01 00:06:03+00:00
Inspired,2026-02-07 21:11:32+00:00,LYON,JGL,19,1.8,4,2026-01-31 22:10:44+00:00
APA,2026-02-07 21:11:32+00:00,Cloud9,MID,55,1.2,1,2026-01-31 22:10:44+00:00
Quad,2026-02-07 21:11:32+00:00,FlyQuest,MID,60,1.0,0,2026-02-01 22:55:17+00:00
Lyonz,2026-02-07 21:11:32+00:00,Disguised,SUP,25,1.0,0,2026-02-01 22:55:17+00:00
Ceos,2026-02-07 21:11:32+00:00,Shopify Rebellion,SUP,51,1.2,1,2026-02-02 00:35:19+00:00
Impact,2026-02-07 21:11:32+00:00,Sentinels,TOP,4,1.0,0,2026-02-01 00:06:03+00:00
Photon,2026-02-07 21:11:32+00:00,Dignitas,TOP,49,2.2,6,2026-02-01 00:06:03+00:00
Berserker,2026-02-27 21:09:38+00:00,LYON,BOT,21,1.0,0,2026-02-21 22:57:01+00:00
Zven,2026-02-27 21:09:38+00:00,Cloud9,BOT,59,1.0,0,2026-02-22 23:02:24+00:00
Inspired,2026-02-27 21:09:38+00:00,LYON,JGL,21,1.0,0,2026-02-21 22:57:01+00:00
Blaber,2026-02-27 21:09:38+00:00,Cloud9,JGL,59,1.0,0,2026-02-22 23:02:24+00:00
Saint,2026-02-27 21:09:38+00:00,LYON,MID,21,1.0,0,2026-02-21 22:57:01+00:00
APA,2026-02-27 21:09:38+00:00,Cloud9,MID,59,1.0,0,2026-02-22 23:02:24+00:00
Isles,2026-02-27 21:09:38+00:00,LYON,SUP,21,1.0,0,2026-02-21 22:57:01+00:00
CoreJJ,2026-02-27 21:09:38+00:00,Team Liquid,SUP,61,1.0,0,2026-02-20 22:45:31+00:00
Dhokla,2026-02-27 21:09:38+00:00,LYON,TOP,21,1.0,0,2026-02-21 22:57:01+00:00
Impact,2026-02-27 21:09:38+00:00,Sentinels,TOP,8,1.0,0,2026-02-22 23:02:24+00:00
Josedeodo,2026-02-20 21:09:00+00:00,Team Liquid,JGL,60,1.0,0,2026-02-09 01:41:45+00:00
Inspired,2026-02-20 21:09:00+00:00,LYON,JGL,20,1.0,0,2026-02-08 01:49:13+00:00
Saint,2026-02-20 21:09:00+00:00,LYON,MID,20,1.0,0,2026-02-08 01:49:13+00:00
Quid,2026-02-20 21:09:00+00:00,Team Liquid,MID,60,1.0,0,2026-02-09 01:41:45+00:00
Dhokla,2026-02-20 21:09:00+00:00,LYON,TOP,20,1.0,0,2026-02-08 01:49:13+00:00
Gakgos,2026-02-20 21:09:00+00:00,FlyQuest,TOP,63,1.0,0,2026-02-15 22:58:30+00:00
Gryffinn,2026-04-11 20:08:26+00:00,FlyQuest,JGL,65,1.0,0,2026-04-05 21:51:16+00:00
Inspired,2026-04-11 20:08:26+00:00,LYON,JGL,26,1.0,0,2026-04-04 22:00:50+00:00
Quad,2026-04-11 20:08:26+00:00,FlyQuest,MID,65,1.0,0,2026-04-05 21:51:16+00:00
Quid,2026-04-11 20:08:26+00:00,Team Liquid,MID,63,1.0,0,2026-04-05 21:51:16+00:00
Cryogen,2026-04-11 20:08:26+00:00,FlyQuest,SUP,65,1.0,0,2026-04-05 21:51:16+00:00
Lyonz,2026-04-11 20:08:26+00:00,Disguised,SUP,31,1.0,0,2026-04-05 00:42:52+00:00
Morgan,2026-04-11 20:08:26+00:00,Team Liquid,TOP,63,1.0,0,2026-04-05 21:51:16+00:00
Gakgos,2026-04-11 20:08:26+00:00,FlyQuest,TOP,65,1.0,0,2026-04-05 21:51:16+00:00
