season,split,period_id,fantasy_lock_time,series_id,best_of,maximum_possible_games,scheduled_series_count,minimum_possible_games,BO_profile
2025,split_1,2025-01-20T00:00:00+00:00,2025-01-25 21:14:31+00:00,63418,,,1,,UNQUALIFIED_NO_RESULT_PARSING
2025,split_1,2025-01-20T00:00:00+00:00,2025-01-25 21:14:31+00:00,63421,,,1,,UNQUALIFIED_NO_RESULT_PARSING
2025,split_1,2025-01-20T00:00:00+00:00,2025-01-25 21:14:31+00:00,63214,,,1,,UNQUALIFIED_NO_RESULT_PARSING
2025,split_1,2025-01-20T00:00:00+00:00,2025-01-25 21:14:31+00:00,63217,,,1,,UNQUALIFIED_NO_RESULT_PARSING
2025,split_1,2025-01-20T00:00:00+00:00,2025-01-25 21:14:31+00:00,63418,,,1,,UNQUALIFIED_NO_RESULT_PARSING
2025,split_1,2025-01-27T00:00:00+00:00,2025-02-01 21:06:58+00:00,63476,,,1,,UNQUALIFIED_NO_RESULT_PARSING
2025,split_1,2025-01-27T00:00:00+00:00,2025-02-01 21:06:58+00:00,63476,,,1,,UNQUALIFIED_NO_RESULT_PARSING
2025,split_1,2025-01-27T00:00:00+00:00,2025-02-01 21:06:58+00:00,63479,,,1,,UNQUALIFIED_NO_RESULT_PARSING
2025,split_1,2025-01-27T00:00:00+00:00,2025-02-01 21:06:58+00:00,63473,,,1,,UNQUALIFIED_NO_RESULT_PARSING
2025,split_1,2025-02-03T00:00:00+00:00,2025-02-03 00:15:46+00:00,63557,,,1,,UNQUALIFIED_NO_RESULT_PARSING
2025,split_2,2025-03-31T00:00:00+00:00,2025-04-05 20:14:15+00:00,65456,,,1,,UNQUALIFIED_NO_RESULT_PARSING
2025,split_2,2025-03-31T00:00:00+00:00,2025-04-05 20:14:15+00:00,65461,,,1,,UNQUALIFIED_NO_RESULT_PARSING
2025,split_2,2025-03-31T00:00:00+00:00,2025-04-05 20:14:15+00:00,65455,,,1,,UNQUALIFIED_NO_RESULT_PARSING
2025,split_2,2025-03-31T00:00:00+00:00,2025-04-05 20:14:15+00:00,65454,,,1,,UNQUALIFIED_NO_RESULT_PARSING
2025,split_2,2025-03-31T00:00:00+00:00,2025-04-05 20:14:15+00:00,65456,,,1,,UNQUALIFIED_NO_RESULT_PARSING
2025,split_2,2025-03-31T00:00:00+00:00,2025-04-05 20:14:15+00:00,65454,,,1,,UNQUALIFIED_NO_RESULT_PARSING
2025,split_2,2025-03-31T00:00:00+00:00,2025-04-05 20:14:15+00:00,65455,,,1,,UNQUALIFIED_NO_RESULT_PARSING
2025,split_2,2025-04-07T00:00:00+00:00,2025-04-12 20:06:56+00:00,65631,,,1,,UNQUALIFIED_NO_RESULT_PARSING
2025,split_2,2025-04-07T00:00:00+00:00,2025-04-12 20:06:56+00:00,65631,,,1,,UNQUALIFIED_NO_RESULT_PARSING
2025,split_2,2025-04-07T00:00:00+00:00,2025-04-12 20:06:56+00:00,65630,,,1,,UNQUALIFIED_NO_RESULT_PARSING
2025,split_2,2025-04-07T00:00:00+00:00,2025-04-12 20:06:56+00:00,65633,,,1,,UNQUALIFIED_NO_RESULT_PARSING
2025,split_2,2025-04-07T00:00:00+00:00,2025-04-12 20:06:56+00:00,65632,,,1,,UNQUALIFIED_NO_RESULT_PARSING
2025,split_2,2025-04-14T00:00:00+00:00,2025-04-19 20:08:34+00:00,66235,,,1,,UNQUALIFIED_NO_RESULT_PARSING
2025,split_2,2025-04-14T00:00:00+00:00,2025-04-19 20:08:34+00:00,66233,,,1,,UNQUALIFIED_NO_RESULT_PARSING
2025,split_2,2025-04-14T00:00:00+00:00,2025-04-19 20:08:34+00:00,66234,,,1,,UNQUALIFIED_NO_RESULT_PARSING
2025,split_2,2025-04-14T00:00:00+00:00,2025-04-19 20:08:34+00:00,66232,,,1,,UNQUALIFIED_NO_RESULT_PARSING
2025,split_2,2025-04-14T00:00:00+00:00,2025-04-19 20:08:34+00:00,66234,,,1,,UNQUALIFIED_NO_RESULT_PARSING
2025,split_2,2025-04-14T00:00:00+00:00,2025-04-19 20:08:34+00:00,66233,,,1,,UNQUALIFIED_NO_RESULT_PARSING
2025,split_2,2025-04-21T00:00:00+00:00,2025-04-21 20:07:10+00:00,66241,,,1,,UNQUALIFIED_NO_RESULT_PARSING
2025,split_2,2025-04-21T00:00:00+00:00,2025-04-21 20:07:10+00:00,66240,,,1,,UNQUALIFIED_NO_RESULT_PARSING
2025,split_2,2025-04-21T00:00:00+00:00,2025-04-21 20:07:10+00:00,66240,,,1,,UNQUALIFIED_NO_RESULT_PARSING
2025,split_2,2025-04-21T00:00:00+00:00,2025-04-21 20:07:10+00:00,66242,,,1,,UNQUALIFIED_NO_RESULT_PARSING
2025,split_2,2025-04-21T00:00:00+00:00,2025-04-21 20:07:10+00:00,66243,,,1,,UNQUALIFIED_NO_RESULT_PARSING
2025,split_2,2025-04-28T00:00:00+00:00,2025-05-03 20:08:26+00:00,67093,,,1,,UNQUALIFIED_NO_RESULT_PARSING
2025,split_2,2025-04-28T00:00:00+00:00,2025-05-03 20:08:26+00:00,67096,,,1,,UNQUALIFIED_NO_RESULT_PARSING
2025,split_2,2025-04-28T00:00:00+00:00,2025-05-03 20:08:26+00:00,67090,,,1,,UNQUALIFIED_NO_RESULT_PARSING
2025,split_2,2025-04-28T00:00:00+00:00,2025-05-03 20:08:26+00:00,67090,,,1,,UNQUALIFIED_NO_RESULT_PARSING
2025,split_2,2025-05-05T00:00:00+00:00,2025-05-10 20:09:23+00:00,67519,,,1,,UNQUALIFIED_NO_RESULT_PARSING
2025,split_2,2025-05-05T00:00:00+00:00,2025-05-10 20:09:23+00:00,67513,,,1,,UNQUALIFIED_NO_RESULT_PARSING
2025,split_2,2025-05-05T00:00:00+00:00,2025-05-10 20:09:23+00:00,67522,,,1,,UNQUALIFIED_NO_RESULT_PARSING
2025,split_2,2025-05-05T00:00:00+00:00,2025-05-10 20:09:23+00:00,67516,,,1,,UNQUALIFIED_NO_RESULT_PARSING
2025,split_2,2025-05-05T00:00:00+00:00,2025-05-10 20:09:23+00:00,67516,,,1,,UNQUALIFIED_NO_RESULT_PARSING
2025,split_2,2025-05-05T00:00:00+00:00,2025-05-10 20:09:23+00:00,67513,,,1,,UNQUALIFIED_NO_RESULT_PARSING
2025,split_2,2025-05-12T00:00:00+00:00,2025-05-17 20:08:05+00:00,67897,,,1,,UNQUALIFIED_NO_RESULT_PARSING
2025,split_2,2025-05-12T00:00:00+00:00,2025-05-17 20:08:05+00:00,67900,,,1,,UNQUALIFIED_NO_RESULT_PARSING
2025,split_2,2025-05-12T00:00:00+00:00,2025-05-17 20:08:05+00:00,67891,,,1,,UNQUALIFIED_NO_RESULT_PARSING
2025,split_3,2025-07-21T00:00:00+00:00,2025-07-26 20:10:23+00:00,69534,,,1,,UNQUALIFIED_NO_RESULT_PARSING
2025,split_3,2025-07-21T00:00:00+00:00,2025-07-26 20:10:23+00:00,69525,,,1,,UNQUALIFIED_NO_RESULT_PARSING
2025,split_3,2025-07-21T00:00:00+00:00,2025-07-26 20:10:23+00:00,69528,,,1,,UNQUALIFIED_NO_RESULT_PARSING
2025,split_3,2025-07-21T00:00:00+00:00,2025-07-26 20:10:23+00:00,69525,,,1,,UNQUALIFIED_NO_RESULT_PARSING
2025,split_3,2025-07-28T00:00:00+00:00,2025-08-02 20:08:18+00:00,70269,,,1,,UNQUALIFIED_NO_RESULT_PARSING
2025,split_3,2025-07-28T00:00:00+00:00,2025-08-02 20:08:18+00:00,70266,,,1,,UNQUALIFIED_NO_RESULT_PARSING
2025,split_3,2025-07-28T00:00:00+00:00,2025-08-02 20:08:18+00:00,70263,,,1,,UNQUALIFIED_NO_RESULT_PARSING
2025,split_3,2025-07-28T00:00:00+00:00,2025-08-02 20:08:18+00:00,70272,,,1,,UNQUALIFIED_NO_RESULT_PARSING
2025,split_3,2025-07-28T00:00:00+00:00,2025-08-02 20:08:18+00:00,70266,,,1,,UNQUALIFIED_NO_RESULT_PARSING
2025,split_3,2025-08-04T00:00:00+00:00,2025-08-09 20:06:58+00:00,70673,,,1,,UNQUALIFIED_NO_RESULT_PARSING
2025,split_3,2025-08-04T00:00:00+00:00,2025-08-09 20:06:58+00:00,70670,,,1,,UNQUALIFIED_NO_RESULT_PARSING
2025,split_3,2025-08-04T00:00:00+00:00,2025-08-09 20:06:58+00:00,70673,,,1,,UNQUALIFIED_NO_RESULT_PARSING
2025,split_3,2025-08-04T00:00:00+00:00,2025-08-09 20:06:58+00:00,70676,,,1,,UNQUALIFIED_NO_RESULT_PARSING
2025,split_3,2025-08-04T00:00:00+00:00,2025-08-09 20:06:58+00:00,70679,,,1,,UNQUALIFIED_NO_RESULT_PARSING
2025,split_3,2025-08-11T00:00:00+00:00,2025-08-16 20:06:27+00:00,71058,,,1,,UNQUALIFIED_NO_RESULT_PARSING
2025,split_3,2025-08-11T00:00:00+00:00,2025-08-16 20:06:27+00:00,71053,,,1,,UNQUALIFIED_NO_RESULT_PARSING
2025,split_3,2025-08-11T00:00:00+00:00,2025-08-16 20:06:27+00:00,71058,,,1,,UNQUALIFIED_NO_RESULT_PARSING
2025,split_3,2025-08-11T00:00:00+00:00,2025-08-16 20:06:27+00:00,71053,,,1,,UNQUALIFIED_NO_RESULT_PARSING
2025,split_3,2025-08-18T00:00:00+00:00,2025-08-23 20:06:29+00:00,71048,,,1,,UNQUALIFIED_NO_RESULT_PARSING
2025,split_3,2025-08-18T00:00:00+00:00,2025-08-23 20:06:29+00:00,71043,,,1,,UNQUALIFIED_NO_RESULT_PARSING
2025,split_3,2025-08-18T00:00:00+00:00,2025-08-23 20:06:29+00:00,71048,,,1,,UNQUALIFIED_NO_RESULT_PARSING
2025,split_3,2025-08-18T00:00:00+00:00,2025-08-23 20:06:29+00:00,71043,,,1,,UNQUALIFIED_NO_RESULT_PARSING
2025,split_3,2025-08-25T00:00:00+00:00,2025-08-29 20:06:10+00:00,71742,,,1,,UNQUALIFIED_NO_RESULT_PARSING
2025,split_3,2025-08-25T00:00:00+00:00,2025-08-29 20:06:10+00:00,71747,,,1,,UNQUALIFIED_NO_RESULT_PARSING
2025,split_3,2025-08-25T00:00:00+00:00,2025-08-29 20:06:10+00:00,71737,,,1,,UNQUALIFIED_NO_RESULT_PARSING
2025,split_3,2025-08-25T00:00:00+00:00,2025-08-29 20:06:10+00:00,71742,,,1,,UNQUALIFIED_NO_RESULT_PARSING
2025,split_3,2025-08-25T00:00:00+00:00,2025-08-29 20:06:10+00:00,71747,,,1,,UNQUALIFIED_NO_RESULT_PARSING
2025,split_3,2025-09-01T00:00:00+00:00,2025-09-05 20:05:46+00:00,72293,,,1,,UNQUALIFIED_NO_RESULT_PARSING
2025,split_3,2025-09-01T00:00:00+00:00,2025-09-05 20:05:46+00:00,72044,,,1,,UNQUALIFIED_NO_RESULT_PARSING
2025,split_3,2025-09-01T00:00:00+00:00,2025-09-05 20:05:46+00:00,72255,,,1,,UNQUALIFIED_NO_RESULT_PARSING
2026,split_1,period:0a890f671f8ce6bbde59,2026-05-02 20:10:20+00:00,77322,,,1,,UNQUALIFIED_NO_RESULT_PARSING
2026,split_1,period:0a890f671f8ce6bbde59,2026-05-02 20:10:20+00:00,77316,,,1,,UNQUALIFIED_NO_RESULT_PARSING
2026,split_1,period:0a890f671f8ce6bbde59,2026-05-02 20:10:20+00:00,77319,,,1,,UNQUALIFIED_NO_RESULT_PARSING
2026,split_1,period:74efed7e4a28a304cc30,2026-04-04 20:17:46+00:00,76138,,,1,,UNQUALIFIED_NO_RESULT_PARSING
2026,split_1,period:74efed7e4a28a304cc30,2026-04-04 20:17:46+00:00,76138,,,1,,UNQUALIFIED_NO_RESULT_PARSING
2026,split_1,period:74efed7e4a28a304cc30,2026-04-04 20:17:46+00:00,75990,,,1,,UNQUALIFIED_NO_RESULT_PARSING
2026,split_1,period:74efed7e4a28a304cc30,2026-04-04 20:17:46+00:00,76135,,,1,,UNQUALIFIED_NO_RESULT_PARSING
2026,split_1,period:74efed7e4a28a304cc30,2026-04-04 20:17:46+00:00,75987,,,1,,UNQUALIFIED_NO_RESULT_PARSING
2026,split_1,period:9ad9f360f988761d91c1,2026-04-18 20:07:45+00:00,76590,,,1,,UNQUALIFIED_NO_RESULT_PARSING
2026,split_1,period:9ad9f360f988761d91c1,2026-04-18 20:07:45+00:00,76596,,,1,,UNQUALIFIED_NO_RESULT_PARSING
2026,split_1,period:9ad9f360f988761d91c1,2026-04-18 20:07:45+00:00,76599,,,1,,UNQUALIFIED_NO_RESULT_PARSING
2026,split_1,period:9ad9f360f988761d91c1,2026-04-18 20:07:45+00:00,76593,,,1,,UNQUALIFIED_NO_RESULT_PARSING
2026,split_1,period:9ad9f360f988761d91c1,2026-04-18 20:07:45+00:00,76593,,,1,,UNQUALIFIED_NO_RESULT_PARSING
2026,split_1,period:b0a60cf2f3d3558f5e56,2026-04-25 20:09:02+00:00,77013,,,1,,UNQUALIFIED_NO_RESULT_PARSING
2026,split_1,period:b0a60cf2f3d3558f5e56,2026-04-25 20:09:02+00:00,77022,,,1,,UNQUALIFIED_NO_RESULT_PARSING
2026,split_1,period:b0a60cf2f3d3558f5e56,2026-04-25 20:09:02+00:00,77016,,,1,,UNQUALIFIED_NO_RESULT_PARSING
2026,split_1,period:fc48b32f725285a09f66,2026-04-11 20:08:26+00:00,76147,,,1,,UNQUALIFIED_NO_RESULT_PARSING
2026,split_1,period:fc48b32f725285a09f66,2026-04-11 20:08:26+00:00,76144,,,1,,UNQUALIFIED_NO_RESULT_PARSING
2026,split_1,period:fc48b32f725285a09f66,2026-04-11 20:08:26+00:00,76141,,,1,,UNQUALIFIED_NO_RESULT_PARSING
2026,split_1,period:fc48b32f725285a09f66,2026-04-11 20:08:26+00:00,76147,,,1,,UNQUALIFIED_NO_RESULT_PARSING
