season,split,period_id,fantasy_lock_time,GoL_tournament,GoL_round,match_date,team,opponent,series_id,best_of,maximum_possible_games,patch,source_page_type,source_reference,retrieval_timestamp,identity_mapping_status
2025,split_1,2025-01-20T00:00:00+00:00,2025-01-25 21:14:31+00:00,ltanorth2025split1,ROUND1,2025-01-26,100 Thieves,Disguised,63418,,,15.2,GoL tournament match-list cache,data/raw/gol_gg/player_model_v2_stage_3d/acquisition/tournaments/ltanorth2025split1-matchlist.html,preserved repository cache,DETERMINISTIC_DATE_TEAM
2025,split_1,2025-01-20T00:00:00+00:00,2025-01-25 21:14:31+00:00,ltanorth2025split1,ROUND1,2025-01-26,Team Liquid,Dignitas,63421,,,15.2,GoL tournament match-list cache,data/raw/gol_gg/player_model_v2_stage_3d/acquisition/tournaments/ltanorth2025split1-matchlist.html,preserved repository cache,DETERMINISTIC_DATE_TEAM
2025,split_1,2025-01-20T00:00:00+00:00,2025-01-25 21:14:31+00:00,ltanorth2025split1,ROUND1,2025-01-25,FlyQuest,SR,63214,,,15.2,GoL tournament match-list cache,data/raw/gol_gg/player_model_v2_stage_3d/acquisition/tournaments/ltanorth2025split1-matchlist.html,preserved repository cache,DETERMINISTIC_DATE_TEAM
2025,split_1,2025-01-20T00:00:00+00:00,2025-01-25 21:14:31+00:00,ltanorth2025split1,ROUND1,2025-01-25,Cloud9,LYON,63217,,,15.2,GoL tournament match-list cache,data/raw/gol_gg/player_model_v2_stage_3d/acquisition/tournaments/ltanorth2025split1-matchlist.html,preserved repository cache,DETERMINISTIC_DATE_TEAM
2025,split_1,2025-01-20T00:00:00+00:00,2025-01-25 21:14:31+00:00,ltanorth2025split1,ROUND1,2025-01-26,Disguised,100 Thieves,63418,,,15.2,GoL tournament match-list cache,data/raw/gol_gg/player_model_v2_stage_3d/acquisition/tournaments/ltanorth2025split1-matchlist.html,preserved repository cache,DETERMINISTIC_DATE_TEAM
2025,split_1,2025-01-27T00:00:00+00:00,2025-02-01 21:06:58+00:00,ltanorth2025split1,ROUND1,2025-02-01,LYON,SR,63476,,,15.2,GoL tournament match-list cache,data/raw/gol_gg/player_model_v2_stage_3d/acquisition/tournaments/ltanorth2025split1-matchlist.html,preserved repository cache,DETERMINISTIC_DATE_TEAM
2025,split_1,2025-01-27T00:00:00+00:00,2025-02-01 21:06:58+00:00,ltanorth2025split1,ROUND1,2025-02-01,SR,LYON,63476,,,15.2,GoL tournament match-list cache,data/raw/gol_gg/player_model_v2_stage_3d/acquisition/tournaments/ltanorth2025split1-matchlist.html,preserved repository cache,DETERMINISTIC_DATE_TEAM
2025,split_1,2025-01-27T00:00:00+00:00,2025-02-01 21:06:58+00:00,ltanorth2025split1,ROUND2,2025-02-02,Team Liquid,100 Thieves,63479,,,15.2,GoL tournament match-list cache,data/raw/gol_gg/player_model_v2_stage_3d/acquisition/tournaments/ltanorth2025split1-matchlist.html,preserved repository cache,DETERMINISTIC_DATE_TEAM
2025,split_1,2025-01-27T00:00:00+00:00,2025-02-01 21:06:58+00:00,ltanorth2025split1,ROUND1,2025-02-01,Disguised,Dignitas,63473,,,15.2,GoL tournament match-list cache,data/raw/gol_gg/player_model_v2_stage_3d/acquisition/tournaments/ltanorth2025split1-matchlist.html,preserved repository cache,DETERMINISTIC_DATE_TEAM
2025,split_1,2025-02-03T00:00:00+00:00,2025-02-03 00:15:46+00:00,ltanorth2025split1,ROUND2,2025-02-09,Dignitas,FlyQuest,63557,,,15.3,GoL tournament match-list cache,data/raw/gol_gg/player_model_v2_stage_3d/acquisition/tournaments/ltanorth2025split1-matchlist.html,preserved repository cache,DETERMINISTIC_DATE_TEAM
2025,split_2,2025-03-31T00:00:00+00:00,2025-04-05 20:14:15+00:00,ltanorth2025split2,WEEK1,2025-04-05,Cloud9,100 Thieves,65456,,,15.7,GoL tournament match-list cache,data/raw/gol_gg/player_model_v2_stage_3d/acquisition/tournaments/ltanorth2025split2-matchlist.html,preserved repository cache,DETERMINISTIC_DATE_TEAM
2025,split_2,2025-03-31T00:00:00+00:00,2025-04-05 20:14:15+00:00,ltanorth2025split2,WEEK1,2025-04-06,LYON,Dignitas,65461,,,15.7,GoL tournament match-list cache,data/raw/gol_gg/player_model_v2_stage_3d/acquisition/tournaments/ltanorth2025split2-matchlist.html,preserved repository cache,DETERMINISTIC_DATE_TEAM
2025,split_2,2025-03-31T00:00:00+00:00,2025-04-05 20:14:15+00:00,ltanorth2025split2,WEEK1,2025-04-05,SR,Dignitas,65455,,,15.7,GoL tournament match-list cache,data/raw/gol_gg/player_model_v2_stage_3d/acquisition/tournaments/ltanorth2025split2-matchlist.html,preserved repository cache,DETERMINISTIC_DATE_TEAM
2025,split_2,2025-03-31T00:00:00+00:00,2025-04-05 20:14:15+00:00,ltanorth2025split2,WEEK1,2025-04-05,FlyQuest,Team Liquid,65454,,,15.7,GoL tournament match-list cache,data/raw/gol_gg/player_model_v2_stage_3d/acquisition/tournaments/ltanorth2025split2-matchlist.html,preserved repository cache,DETERMINISTIC_DATE_TEAM
2025,split_2,2025-03-31T00:00:00+00:00,2025-04-05 20:14:15+00:00,ltanorth2025split2,WEEK1,2025-04-05,100 Thieves,Cloud9,65456,,,15.7,GoL tournament match-list cache,data/raw/gol_gg/player_model_v2_stage_3d/acquisition/tournaments/ltanorth2025split2-matchlist.html,preserved repository cache,DETERMINISTIC_DATE_TEAM
2025,split_2,2025-03-31T00:00:00+00:00,2025-04-05 20:14:15+00:00,ltanorth2025split2,WEEK1,2025-04-05,Team Liquid,FlyQuest,65454,,,15.7,GoL tournament match-list cache,data/raw/gol_gg/player_model_v2_stage_3d/acquisition/tournaments/ltanorth2025split2-matchlist.html,preserved repository cache,DETERMINISTIC_DATE_TEAM
2025,split_2,2025-03-31T00:00:00+00:00,2025-04-05 20:14:15+00:00,ltanorth2025split2,WEEK1,2025-04-05,Dignitas,SR,65455,,,15.7,GoL tournament match-list cache,data/raw/gol_gg/player_model_v2_stage_3d/acquisition/tournaments/ltanorth2025split2-matchlist.html,preserved repository cache,DETERMINISTIC_DATE_TEAM
2025,split_2,2025-04-07T00:00:00+00:00,2025-04-12 20:06:56+00:00,ltanorth2025split2,WEEK2,2025-04-12,100 Thieves,FlyQuest,65631,,,15.7,GoL tournament match-list cache,data/raw/gol_gg/player_model_v2_stage_3d/acquisition/tournaments/ltanorth2025split2-matchlist.html,preserved repository cache,DETERMINISTIC_DATE_TEAM
2025,split_2,2025-04-07T00:00:00+00:00,2025-04-12 20:06:56+00:00,ltanorth2025split2,WEEK2,2025-04-12,FlyQuest,100 Thieves,65631,,,15.7,GoL tournament match-list cache,data/raw/gol_gg/player_model_v2_stage_3d/acquisition/tournaments/ltanorth2025split2-matchlist.html,preserved repository cache,DETERMINISTIC_DATE_TEAM
2025,split_2,2025-04-07T00:00:00+00:00,2025-04-12 20:06:56+00:00,ltanorth2025split2,WEEK2,2025-04-12,Cloud9,Disguised,65630,,,15.7,GoL tournament match-list cache,data/raw/gol_gg/player_model_v2_stage_3d/acquisition/tournaments/ltanorth2025split2-matchlist.html,preserved repository cache,DETERMINISTIC_DATE_TEAM
2025,split_2,2025-04-07T00:00:00+00:00,2025-04-12 20:06:56+00:00,ltanorth2025split2,WEEK2,2025-04-12,LYON,SR,65633,,,15.7,GoL tournament match-list cache,data/raw/gol_gg/player_model_v2_stage_3d/acquisition/tournaments/ltanorth2025split2-matchlist.html,preserved repository cache,DETERMINISTIC_DATE_TEAM
2025,split_2,2025-04-07T00:00:00+00:00,2025-04-12 20:06:56+00:00,ltanorth2025split2,WEEK2,2025-04-12,Team Liquid,Dignitas,65632,,,15.7,GoL tournament match-list cache,data/raw/gol_gg/player_model_v2_stage_3d/acquisition/tournaments/ltanorth2025split2-matchlist.html,preserved repository cache,DETERMINISTIC_DATE_TEAM
2025,split_2,2025-04-14T00:00:00+00:00,2025-04-19 20:08:34+00:00,ltanorth2025split2,WEEK3,2025-04-19,SR,DSG,66235,,,15.8,GoL tournament match-list cache,data/raw/gol_gg/player_model_v2_stage_3d/acquisition/tournaments/ltanorth2025split2-matchlist.html,preserved repository cache,DETERMINISTIC_DATE_TEAM
2025,split_2,2025-04-14T00:00:00+00:00,2025-04-19 20:08:34+00:00,ltanorth2025split2,WEEK3,2025-04-19,Cloud9,Team Liquid,66233,,,15.8,GoL tournament match-list cache,data/raw/gol_gg/player_model_v2_stage_3d/acquisition/tournaments/ltanorth2025split2-matchlist.html,preserved repository cache,DETERMINISTIC_DATE_TEAM
2025,split_2,2025-04-14T00:00:00+00:00,2025-04-19 20:08:34+00:00,ltanorth2025split2,WEEK3,2025-04-19,Dignitas,100 Thieves,66234,,,15.8,GoL tournament match-list cache,data/raw/gol_gg/player_model_v2_stage_3d/acquisition/tournaments/ltanorth2025split2-matchlist.html,preserved repository cache,DETERMINISTIC_DATE_TEAM
2025,split_2,2025-04-14T00:00:00+00:00,2025-04-19 20:08:34+00:00,ltanorth2025split2,WEEK3,2025-04-19,FlyQuest,LYON,66232,,,15.8,GoL tournament match-list cache,data/raw/gol_gg/player_model_v2_stage_3d/acquisition/tournaments/ltanorth2025split2-matchlist.html,preserved repository cache,DETERMINISTIC_DATE_TEAM
2025,split_2,2025-04-14T00:00:00+00:00,2025-04-19 20:08:34+00:00,ltanorth2025split2,WEEK3,2025-04-19,100 Thieves,Dignitas,66234,,,15.8,GoL tournament match-list cache,data/raw/gol_gg/player_model_v2_stage_3d/acquisition/tournaments/ltanorth2025split2-matchlist.html,preserved repository cache,DETERMINISTIC_DATE_TEAM
2025,split_2,2025-04-14T00:00:00+00:00,2025-04-19 20:08:34+00:00,ltanorth2025split2,WEEK3,2025-04-19,Team Liquid,Cloud9,66233,,,15.8,GoL tournament match-list cache,data/raw/gol_gg/player_model_v2_stage_3d/acquisition/tournaments/ltanorth2025split2-matchlist.html,preserved repository cache,DETERMINISTIC_DATE_TEAM
2025,split_2,2025-04-21T00:00:00+00:00,2025-04-21 20:07:10+00:00,ltanorth2025split2,WEEK3,2025-04-21,Cloud9,LYON,66241,,,15.8,GoL tournament match-list cache,data/raw/gol_gg/player_model_v2_stage_3d/acquisition/tournaments/ltanorth2025split2-matchlist.html,preserved repository cache,DETERMINISTIC_DATE_TEAM
2025,split_2,2025-04-21T00:00:00+00:00,2025-04-21 20:07:10+00:00,ltanorth2025split2,WEEK3,2025-04-21,Dignitas,FlyQuest,66240,,,15.8,GoL tournament match-list cache,data/raw/gol_gg/player_model_v2_stage_3d/acquisition/tournaments/ltanorth2025split2-matchlist.html,preserved repository cache,DETERMINISTIC_DATE_TEAM
2025,split_2,2025-04-21T00:00:00+00:00,2025-04-21 20:07:10+00:00,ltanorth2025split2,WEEK3,2025-04-21,FlyQuest,Dignitas,66240,,,15.8,GoL tournament match-list cache,data/raw/gol_gg/player_model_v2_stage_3d/acquisition/tournaments/ltanorth2025split2-matchlist.html,preserved repository cache,DETERMINISTIC_DATE_TEAM
2025,split_2,2025-04-21T00:00:00+00:00,2025-04-21 20:07:10+00:00,ltanorth2025split2,WEEK3,2025-04-21,Team Liquid,Disguised,66242,,,15.8,GoL tournament match-list cache,data/raw/gol_gg/player_model_v2_stage_3d/acquisition/tournaments/ltanorth2025split2-matchlist.html,preserved repository cache,DETERMINISTIC_DATE_TEAM
2025,split_2,2025-04-21T00:00:00+00:00,2025-04-21 20:07:10+00:00,ltanorth2025split2,WEEK3,2025-04-21,SR,100 Thieves,66243,,,15.8,GoL tournament match-list cache,data/raw/gol_gg/player_model_v2_stage_3d/acquisition/tournaments/ltanorth2025split2-matchlist.html,preserved repository cache,DETERMINISTIC_DATE_TEAM
2025,split_2,2025-04-28T00:00:00+00:00,2025-05-03 20:08:26+00:00,ltanorth2025split2,WEEK5,2025-05-03,Team Liquid,Disguised,67093,,,15.9,GoL tournament match-list cache,data/raw/gol_gg/player_model_v2_stage_3d/acquisition/tournaments/ltanorth2025split2-matchlist.html,preserved repository cache,DETERMINISTIC_DATE_TEAM
2025,split_2,2025-04-28T00:00:00+00:00,2025-05-03 20:08:26+00:00,ltanorth2025split2,WEEK5,2025-05-04,Cloud9,LYON,67096,,,15.9,GoL tournament match-list cache,data/raw/gol_gg/player_model_v2_stage_3d/acquisition/tournaments/ltanorth2025split2-matchlist.html,preserved repository cache,DETERMINISTIC_DATE_TEAM
2025,split_2,2025-04-28T00:00:00+00:00,2025-05-03 20:08:26+00:00,ltanorth2025split2,WEEK5,2025-05-03,FlyQuest,SR,67090,,,15.9,GoL tournament match-list cache,data/raw/gol_gg/player_model_v2_stage_3d/acquisition/tournaments/ltanorth2025split2-matchlist.html,preserved repository cache,DETERMINISTIC_DATE_TEAM
2025,split_2,2025-04-28T00:00:00+00:00,2025-05-03 20:08:26+00:00,ltanorth2025split2,WEEK5,2025-05-03,SR,FlyQuest,67090,,,15.9,GoL tournament match-list cache,data/raw/gol_gg/player_model_v2_stage_3d/acquisition/tournaments/ltanorth2025split2-matchlist.html,preserved repository cache,DETERMINISTIC_DATE_TEAM
2025,split_2,2025-05-05T00:00:00+00:00,2025-05-10 20:09:23+00:00,ltanorth2025split2,WEEK6,2025-05-11,FlyQuest,Dignitas,67519,,,15.9,GoL tournament match-list cache,data/raw/gol_gg/player_model_v2_stage_3d/acquisition/tournaments/ltanorth2025split2-matchlist.html,preserved repository cache,DETERMINISTIC_DATE_TEAM
2025,split_2,2025-05-05T00:00:00+00:00,2025-05-10 20:09:23+00:00,ltanorth2025split2,WEEK6,2025-05-10,Cloud9,Team Liquid,67513,,,15.9,GoL tournament match-list cache,data/raw/gol_gg/player_model_v2_stage_3d/acquisition/tournaments/ltanorth2025split2-matchlist.html,preserved repository cache,DETERMINISTIC_DATE_TEAM
2025,split_2,2025-05-05T00:00:00+00:00,2025-05-10 20:09:23+00:00,ltanorth2025split2,WEEK6,2025-05-11,LYON,Disguised,67522,,,15.9,GoL tournament match-list cache,data/raw/gol_gg/player_model_v2_stage_3d/acquisition/tournaments/ltanorth2025split2-matchlist.html,preserved repository cache,DETERMINISTIC_DATE_TEAM
2025,split_2,2025-05-05T00:00:00+00:00,2025-05-10 20:09:23+00:00,ltanorth2025split2,WEEK6,2025-05-10,100 Thieves,SR,67516,,,15.9,GoL tournament match-list cache,data/raw/gol_gg/player_model_v2_stage_3d/acquisition/tournaments/ltanorth2025split2-matchlist.html,preserved repository cache,DETERMINISTIC_DATE_TEAM
2025,split_2,2025-05-05T00:00:00+00:00,2025-05-10 20:09:23+00:00,ltanorth2025split2,WEEK6,2025-05-10,SR,100 Thieves,67516,,,15.9,GoL tournament match-list cache,data/raw/gol_gg/player_model_v2_stage_3d/acquisition/tournaments/ltanorth2025split2-matchlist.html,preserved repository cache,DETERMINISTIC_DATE_TEAM
2025,split_2,2025-05-05T00:00:00+00:00,2025-05-10 20:09:23+00:00,ltanorth2025split2,WEEK6,2025-05-10,Team Liquid,Cloud9,67513,,,15.9,GoL tournament match-list cache,data/raw/gol_gg/player_model_v2_stage_3d/acquisition/tournaments/ltanorth2025split2-matchlist.html,preserved repository cache,DETERMINISTIC_DATE_TEAM
2025,split_2,2025-05-12T00:00:00+00:00,2025-05-17 20:08:05+00:00,ltanorth2025split2,WEEK7,2025-05-18,Team Liquid,SR,67897,,,15.10,GoL tournament match-list cache,data/raw/gol_gg/player_model_v2_stage_3d/acquisition/tournaments/ltanorth2025split2-matchlist.html,preserved repository cache,DETERMINISTIC_DATE_TEAM
2025,split_2,2025-05-12T00:00:00+00:00,2025-05-17 20:08:05+00:00,ltanorth2025split2,WEEK7,2025-05-18,100 Thieves,Disguised,67900,,,15.10,GoL tournament match-list cache,data/raw/gol_gg/player_model_v2_stage_3d/acquisition/tournaments/ltanorth2025split2-matchlist.html,preserved repository cache,DETERMINISTIC_DATE_TEAM
2025,split_2,2025-05-12T00:00:00+00:00,2025-05-17 20:08:05+00:00,ltanorth2025split2,WEEK7,2025-05-17,FlyQuest,Cloud9,67891,,,15.10,GoL tournament match-list cache,data/raw/gol_gg/player_model_v2_stage_3d/acquisition/tournaments/ltanorth2025split2-matchlist.html,preserved repository cache,DETERMINISTIC_DATE_TEAM
2025,split_3,2025-07-21T00:00:00+00:00,2025-07-26 20:10:23+00:00,ltanorth2025split3,WEEK1,2025-07-27,SR,Dignitas,69534,,,15.14,GoL tournament match-list cache,data/raw/gol_gg/player_model_v2_stage_3d/acquisition/tournaments/ltanorth2025split3-matchlist.html,preserved repository cache,DETERMINISTIC_DATE_TEAM
2025,split_3,2025-07-21T00:00:00+00:00,2025-07-26 20:10:23+00:00,ltanorth2025split3,WEEK1,2025-07-26,FlyQuest,Disguised,69525,,,15.14,GoL tournament match-list cache,data/raw/gol_gg/player_model_v2_stage_3d/acquisition/tournaments/ltanorth2025split3-matchlist.html,preserved repository cache,DETERMINISTIC_DATE_TEAM
2025,split_3,2025-07-21T00:00:00+00:00,2025-07-26 20:10:23+00:00,ltanorth2025split3,WEEK1,2025-07-26,Cloud9,LYON,69528,,,15.14,GoL tournament match-list cache,data/raw/gol_gg/player_model_v2_stage_3d/acquisition/tournaments/ltanorth2025split3-matchlist.html,preserved repository cache,DETERMINISTIC_DATE_TEAM
2025,split_3,2025-07-21T00:00:00+00:00,2025-07-26 20:10:23+00:00,ltanorth2025split3,WEEK1,2025-07-26,Disguised,FlyQuest,69525,,,15.14,GoL tournament match-list cache,data/raw/gol_gg/player_model_v2_stage_3d/acquisition/tournaments/ltanorth2025split3-matchlist.html,preserved repository cache,DETERMINISTIC_DATE_TEAM
2025,split_3,2025-07-28T00:00:00+00:00,2025-08-02 20:08:18+00:00,ltanorth2025split3,WEEK2,2025-08-03,Cloud9,Dignitas,70269,,,15.15,GoL tournament match-list cache,data/raw/gol_gg/player_model_v2_stage_3d/acquisition/tournaments/ltanorth2025split3-matchlist.html,preserved repository cache,DETERMINISTIC_DATE_TEAM
2025,split_3,2025-07-28T00:00:00+00:00,2025-08-02 20:08:18+00:00,ltanorth2025split3,WEEK2,2025-08-02,Team Liquid,LYON,70266,,,15.15,GoL tournament match-list cache,data/raw/gol_gg/player_model_v2_stage_3d/acquisition/tournaments/ltanorth2025split3-matchlist.html,preserved repository cache,DETERMINISTIC_DATE_TEAM
2025,split_3,2025-07-28T00:00:00+00:00,2025-08-02 20:08:18+00:00,ltanorth2025split3,WEEK2,2025-08-02,FlyQuest,100 Thieves,70263,,,15.15,GoL tournament match-list cache,data/raw/gol_gg/player_model_v2_stage_3d/acquisition/tournaments/ltanorth2025split3-matchlist.html,preserved repository cache,DETERMINISTIC_DATE_TEAM
2025,split_3,2025-07-28T00:00:00+00:00,2025-08-02 20:08:18+00:00,ltanorth2025split3,WEEK2,2025-08-03,SR,Disguised,70272,,,15.15,GoL tournament match-list cache,data/raw/gol_gg/player_model_v2_stage_3d/acquisition/tournaments/ltanorth2025split3-matchlist.html,preserved repository cache,DETERMINISTIC_DATE_TEAM
2025,split_3,2025-07-28T00:00:00+00:00,2025-08-02 20:08:18+00:00,ltanorth2025split3,WEEK2,2025-08-02,LYON,Team Liquid,70266,,,15.15,GoL tournament match-list cache,data/raw/gol_gg/player_model_v2_stage_3d/acquisition/tournaments/ltanorth2025split3-matchlist.html,preserved repository cache,DETERMINISTIC_DATE_TEAM
2025,split_3,2025-08-04T00:00:00+00:00,2025-08-09 20:06:58+00:00,ltanorth2025split3,WEEK3,2025-08-09,FlyQuest,LYON,70673,,,15.15,GoL tournament match-list cache,data/raw/gol_gg/player_model_v2_stage_3d/acquisition/tournaments/ltanorth2025split3-matchlist.html,preserved repository cache,DETERMINISTIC_DATE_TEAM
2025,split_3,2025-08-04T00:00:00+00:00,2025-08-09 20:06:58+00:00,ltanorth2025split3,WEEK3,2025-08-10,Cloud9,Team Liquid,70670,,,15.15,GoL tournament match-list cache,data/raw/gol_gg/player_model_v2_stage_3d/acquisition/tournaments/ltanorth2025split3-matchlist.html,preserved repository cache,DETERMINISTIC_DATE_TEAM
2025,split_3,2025-08-04T00:00:00+00:00,2025-08-09 20:06:58+00:00,ltanorth2025split3,WEEK3,2025-08-09,LYON,FlyQuest,70673,,,15.15,GoL tournament match-list cache,data/raw/gol_gg/player_model_v2_stage_3d/acquisition/tournaments/ltanorth2025split3-matchlist.html,preserved repository cache,DETERMINISTIC_DATE_TEAM
2025,split_3,2025-08-04T00:00:00+00:00,2025-08-09 20:06:58+00:00,ltanorth2025split3,WEEK3,2025-08-09,100 Thieves,SR,70676,,,15.15,GoL tournament match-list cache,data/raw/gol_gg/player_model_v2_stage_3d/acquisition/tournaments/ltanorth2025split3-matchlist.html,preserved repository cache,DETERMINISTIC_DATE_TEAM
2025,split_3,2025-08-04T00:00:00+00:00,2025-08-09 20:06:58+00:00,ltanorth2025split3,WEEK3,2025-08-10,Dignitas,Disguised,70679,,,15.15,GoL tournament match-list cache,data/raw/gol_gg/player_model_v2_stage_3d/acquisition/tournaments/ltanorth2025split3-matchlist.html,preserved repository cache,DETERMINISTIC_DATE_TEAM
2025,split_3,2025-08-11T00:00:00+00:00,2025-08-16 20:06:27+00:00,ltanorth2025split3,ROUND2,2025-08-17,FlyQuest,Team Liquid,71058,,,15.16,GoL tournament match-list cache,data/raw/gol_gg/player_model_v2_stage_3d/acquisition/tournaments/ltanorth2025split3-matchlist.html,preserved repository cache,DETERMINISTIC_DATE_TEAM
2025,split_3,2025-08-11T00:00:00+00:00,2025-08-16 20:06:27+00:00,ltanorth2025split3,ROUND2,2025-08-16,Cloud9,SR,71053,,,15.16,GoL tournament match-list cache,data/raw/gol_gg/player_model_v2_stage_3d/acquisition/tournaments/ltanorth2025split3-matchlist.html,preserved repository cache,DETERMINISTIC_DATE_TEAM
2025,split_3,2025-08-11T00:00:00+00:00,2025-08-16 20:06:27+00:00,ltanorth2025split3,ROUND2,2025-08-17,Team Liquid,FlyQuest,71058,,,15.16,GoL tournament match-list cache,data/raw/gol_gg/player_model_v2_stage_3d/acquisition/tournaments/ltanorth2025split3-matchlist.html,preserved repository cache,DETERMINISTIC_DATE_TEAM
2025,split_3,2025-08-11T00:00:00+00:00,2025-08-16 20:06:27+00:00,ltanorth2025split3,ROUND2,2025-08-16,SR,Cloud9,71053,,,15.16,GoL tournament match-list cache,data/raw/gol_gg/player_model_v2_stage_3d/acquisition/tournaments/ltanorth2025split3-matchlist.html,preserved repository cache,DETERMINISTIC_DATE_TEAM
2025,split_3,2025-08-18T00:00:00+00:00,2025-08-23 20:06:29+00:00,ltanorth2025split3,ROUND1,2025-08-24,100 Thieves,LYON,71048,,,15.16,GoL tournament match-list cache,data/raw/gol_gg/player_model_v2_stage_3d/acquisition/tournaments/ltanorth2025split3-matchlist.html,preserved repository cache,DETERMINISTIC_DATE_TEAM
2025,split_3,2025-08-18T00:00:00+00:00,2025-08-23 20:06:29+00:00,ltanorth2025split3,ROUND1,2025-08-23,Dignitas,Disguised,71043,,,15.16,GoL tournament match-list cache,data/raw/gol_gg/player_model_v2_stage_3d/acquisition/tournaments/ltanorth2025split3-matchlist.html,preserved repository cache,DETERMINISTIC_DATE_TEAM
2025,split_3,2025-08-18T00:00:00+00:00,2025-08-23 20:06:29+00:00,ltanorth2025split3,ROUND1,2025-08-24,LYON,100 Thieves,71048,,,15.16,GoL tournament match-list cache,data/raw/gol_gg/player_model_v2_stage_3d/acquisition/tournaments/ltanorth2025split3-matchlist.html,preserved repository cache,DETERMINISTIC_DATE_TEAM
2025,split_3,2025-08-18T00:00:00+00:00,2025-08-23 20:06:29+00:00,ltanorth2025split3,ROUND1,2025-08-23,Disguised,Dignitas,71043,,,15.16,GoL tournament match-list cache,data/raw/gol_gg/player_model_v2_stage_3d/acquisition/tournaments/ltanorth2025split3-matchlist.html,preserved repository cache,DETERMINISTIC_DATE_TEAM
2025,split_3,2025-08-25T00:00:00+00:00,2025-08-29 20:06:10+00:00,ltanorth2025split3,ROUND2,2025-08-30,100 Thieves,Team Liquid,71742,,,15.17,GoL tournament match-list cache,data/raw/gol_gg/player_model_v2_stage_3d/acquisition/tournaments/ltanorth2025split3-matchlist.html,preserved repository cache,DETERMINISTIC_DATE_TEAM
2025,split_3,2025-08-25T00:00:00+00:00,2025-08-29 20:06:10+00:00,ltanorth2025split3,ROUND4,2025-08-31,FlyQuest,SR,71747,,,15.17,GoL tournament match-list cache,data/raw/gol_gg/player_model_v2_stage_3d/acquisition/tournaments/ltanorth2025split3-matchlist.html,preserved repository cache,DETERMINISTIC_DATE_TEAM
2025,split_3,2025-08-25T00:00:00+00:00,2025-08-29 20:06:10+00:00,ltanorth2025split3,ROUND2,2025-08-29,Cloud9,Disguised,71737,,,15.17,GoL tournament match-list cache,data/raw/gol_gg/player_model_v2_stage_3d/acquisition/tournaments/ltanorth2025split3-matchlist.html,preserved repository cache,DETERMINISTIC_DATE_TEAM
2025,split_3,2025-08-25T00:00:00+00:00,2025-08-29 20:06:10+00:00,ltanorth2025split3,ROUND2,2025-08-30,Team Liquid,100 Thieves,71742,,,15.17,GoL tournament match-list cache,data/raw/gol_gg/player_model_v2_stage_3d/acquisition/tournaments/ltanorth2025split3-matchlist.html,preserved repository cache,DETERMINISTIC_DATE_TEAM
2025,split_3,2025-08-25T00:00:00+00:00,2025-08-29 20:06:10+00:00,ltanorth2025split3,ROUND4,2025-08-31,SR,FlyQuest,71747,,,15.17,GoL tournament match-list cache,data/raw/gol_gg/player_model_v2_stage_3d/acquisition/tournaments/ltanorth2025split3-matchlist.html,preserved repository cache,DETERMINISTIC_DATE_TEAM
2025,split_3,2025-09-01T00:00:00+00:00,2025-09-05 20:05:46+00:00,ltanorth2025split3,FINALS,2025-09-07,FlyQuest,100 Thieves,72293,,,15.17,GoL tournament match-list cache,data/raw/gol_gg/player_model_v2_stage_3d/acquisition/tournaments/ltanorth2025split3-matchlist.html,preserved repository cache,DETERMINISTIC_DATE_TEAM
2025,split_3,2025-09-01T00:00:00+00:00,2025-09-05 20:05:46+00:00,ltanorth2025split3,ROUND3,2025-09-05,Cloud9,100 Thieves,72044,,,15.17,GoL tournament match-list cache,data/raw/gol_gg/player_model_v2_stage_3d/acquisition/tournaments/ltanorth2025split3-matchlist.html,preserved repository cache,DETERMINISTIC_DATE_TEAM
2025,split_3,2025-09-01T00:00:00+00:00,2025-09-05 20:05:46+00:00,ltanorth2025split3,ROUND4,2025-09-06,SR,100 Thieves,72255,,,15.17,GoL tournament match-list cache,data/raw/gol_gg/player_model_v2_stage_3d/acquisition/tournaments/ltanorth2025split3-matchlist.html,preserved repository cache,DETERMINISTIC_DATE_TEAM
2026,split_1,period:0a890f671f8ce6bbde59,2026-05-02 20:10:20+00:00,lcs2026spring,WEEK5,2026-05-03,LYON,Sentinels,77322,,,16.9,GoL tournament match-list cache,data/raw/gol_gg/player_model_v2_stage_3d/acquisition/tournaments/lcs2026spring-matchlist.html,preserved repository cache,DETERMINISTIC_DATE_TEAM
2026,split_1,period:0a890f671f8ce6bbde59,2026-05-02 20:10:20+00:00,lcs2026spring,WEEK5,2026-05-02,Cloud9,Dignitas,77316,,,16.9,GoL tournament match-list cache,data/raw/gol_gg/player_model_v2_stage_3d/acquisition/tournaments/lcs2026spring-matchlist.html,preserved repository cache,DETERMINISTIC_DATE_TEAM
2026,split_1,period:0a890f671f8ce6bbde59,2026-05-02 20:10:20+00:00,lcs2026spring,WEEK5,2026-05-02,Team Liquid,Disguised,77319,,,16.9,GoL tournament match-list cache,data/raw/gol_gg/player_model_v2_stage_3d/acquisition/tournaments/lcs2026spring-matchlist.html,preserved repository cache,DETERMINISTIC_DATE_TEAM
2026,split_1,period:74efed7e4a28a304cc30,2026-04-04 20:17:46+00:00,lcs2026spring,WEEK1,2026-04-05,SR,Dignitas,76138,,,16.7,GoL tournament match-list cache,data/raw/gol_gg/player_model_v2_stage_3d/acquisition/tournaments/lcs2026spring-matchlist.html,preserved repository cache,DETERMINISTIC_DATE_TEAM
2026,split_1,period:74efed7e4a28a304cc30,2026-04-04 20:17:46+00:00,lcs2026spring,WEEK1,2026-04-05,Dignitas,SR,76138,,,16.7,GoL tournament match-list cache,data/raw/gol_gg/player_model_v2_stage_3d/acquisition/tournaments/lcs2026spring-matchlist.html,preserved repository cache,DETERMINISTIC_DATE_TEAM
2026,split_1,period:74efed7e4a28a304cc30,2026-04-04 20:17:46+00:00,lcs2026spring,WEEK1,2026-04-04,Sentinels,Disguised,75990,,,16.7,GoL tournament match-list cache,data/raw/gol_gg/player_model_v2_stage_3d/acquisition/tournaments/lcs2026spring-matchlist.html,preserved repository cache,DETERMINISTIC_DATE_TEAM
2026,split_1,period:74efed7e4a28a304cc30,2026-04-04 20:17:46+00:00,lcs2026spring,WEEK1,2026-04-05,Team Liquid,FlyQuest,76135,,,16.7,GoL tournament match-list cache,data/raw/gol_gg/player_model_v2_stage_3d/acquisition/tournaments/lcs2026spring-matchlist.html,preserved repository cache,DETERMINISTIC_DATE_TEAM
2026,split_1,period:74efed7e4a28a304cc30,2026-04-04 20:17:46+00:00,lcs2026spring,WEEK1,2026-04-04,Cloud9,LYON,75987,,,16.7,GoL tournament match-list cache,data/raw/gol_gg/player_model_v2_stage_3d/acquisition/tournaments/lcs2026spring-matchlist.html,preserved repository cache,DETERMINISTIC_DATE_TEAM
2026,split_1,period:9ad9f360f988761d91c1,2026-04-18 20:07:45+00:00,lcs2026spring,WEEK3,2026-04-18,Cloud9,Disguised,76590,,,16.8,GoL tournament match-list cache,data/raw/gol_gg/player_model_v2_stage_3d/acquisition/tournaments/lcs2026spring-matchlist.html,preserved repository cache,DETERMINISTIC_DATE_TEAM
2026,split_1,period:9ad9f360f988761d91c1,2026-04-18 20:07:45+00:00,lcs2026spring,WEEK3,2026-04-19,LYON,SR,76596,,,16.8,GoL tournament match-list cache,data/raw/gol_gg/player_model_v2_stage_3d/acquisition/tournaments/lcs2026spring-matchlist.html,preserved repository cache,DETERMINISTIC_DATE_TEAM
2026,split_1,period:9ad9f360f988761d91c1,2026-04-18 20:07:45+00:00,lcs2026spring,WEEK3,2026-04-19,Team Liquid,Dignitas,76599,,,16.8,GoL tournament match-list cache,data/raw/gol_gg/player_model_v2_stage_3d/acquisition/tournaments/lcs2026spring-matchlist.html,preserved repository cache,DETERMINISTIC_DATE_TEAM
2026,split_1,period:9ad9f360f988761d91c1,2026-04-18 20:07:45+00:00,lcs2026spring,WEEK3,2026-04-18,Sentinels,FlyQuest,76593,,,16.8,GoL tournament match-list cache,data/raw/gol_gg/player_model_v2_stage_3d/acquisition/tournaments/lcs2026spring-matchlist.html,preserved repository cache,DETERMINISTIC_DATE_TEAM
2026,split_1,period:9ad9f360f988761d91c1,2026-04-18 20:07:45+00:00,lcs2026spring,WEEK3,2026-04-18,FlyQuest,Sentinels,76593,,,16.8,GoL tournament match-list cache,data/raw/gol_gg/player_model_v2_stage_3d/acquisition/tournaments/lcs2026spring-matchlist.html,preserved repository cache,DETERMINISTIC_DATE_TEAM
2026,split_1,period:b0a60cf2f3d3558f5e56,2026-04-25 20:09:02+00:00,lcs2026spring,WEEK4,2026-04-25,FlyQuest,Dignitas,77013,,,16.8,GoL tournament match-list cache,data/raw/gol_gg/player_model_v2_stage_3d/acquisition/tournaments/lcs2026spring-matchlist.html,preserved repository cache,DETERMINISTIC_DATE_TEAM
2026,split_1,period:b0a60cf2f3d3558f5e56,2026-04-25 20:09:02+00:00,lcs2026spring,WEEK4,2026-04-26,Team Liquid,Sentinels,77022,,,16.8,GoL tournament match-list cache,data/raw/gol_gg/player_model_v2_stage_3d/acquisition/tournaments/lcs2026spring-matchlist.html,preserved repository cache,DETERMINISTIC_DATE_TEAM
2026,split_1,period:b0a60cf2f3d3558f5e56,2026-04-25 20:09:02+00:00,lcs2026spring,WEEK4,2026-04-25,Cloud9,SR,77016,,,16.8,GoL tournament match-list cache,data/raw/gol_gg/player_model_v2_stage_3d/acquisition/tournaments/lcs2026spring-matchlist.html,preserved repository cache,DETERMINISTIC_DATE_TEAM
2026,split_1,period:fc48b32f725285a09f66,2026-04-11 20:08:26+00:00,lcs2026spring,WEEK2,2026-04-12,FlyQuest,Disguised,76147,,,16.7,GoL tournament match-list cache,data/raw/gol_gg/player_model_v2_stage_3d/acquisition/tournaments/lcs2026spring-matchlist.html,preserved repository cache,DETERMINISTIC_DATE_TEAM
2026,split_1,period:fc48b32f725285a09f66,2026-04-11 20:08:26+00:00,lcs2026spring,WEEK2,2026-04-11,LYON,Dignitas,76144,,,16.7,GoL tournament match-list cache,data/raw/gol_gg/player_model_v2_stage_3d/acquisition/tournaments/lcs2026spring-matchlist.html,preserved repository cache,DETERMINISTIC_DATE_TEAM
2026,split_1,period:fc48b32f725285a09f66,2026-04-11 20:08:26+00:00,lcs2026spring,WEEK2,2026-04-11,Team Liquid,SR,76141,,,16.7,GoL tournament match-list cache,data/raw/gol_gg/player_model_v2_stage_3d/acquisition/tournaments/lcs2026spring-matchlist.html,preserved repository cache,DETERMINISTIC_DATE_TEAM
2026,split_1,period:fc48b32f725285a09f66,2026-04-11 20:08:26+00:00,lcs2026spring,WEEK2,2026-04-12,Disguised,FlyQuest,76147,,,16.7,GoL tournament match-list cache,data/raw/gol_gg/player_model_v2_stage_3d/acquisition/tournaments/lcs2026spring-matchlist.html,preserved repository cache,DETERMINISTIC_DATE_TEAM
