captured_at_utc,round_id,round_name,round_index_in_split,market_opens_at,market_closes_at,market_is_open,round_player_id,pro_player_id,summoner_name,role,team_id,team_code,team_name,price,previous_round_price,price_change,is_split_start_price,average_round_score,last_round_score,min_round_score,max_round_score,stats_last_round_price,stats_split_id,stats_split_name,stats_split_year,opponent_codes,opponent_sides,match_timestamps,image_url,source_endpoint
2026-08-05T22:38:48.280380Z,7acdea78-152f-4d53-8cca-f42e37534be8,Round 3 (Split 3),2,2026-08-04T15:00:00.000Z,2026-08-08T20:00:00.000Z,True,bcc4b088-212c-4c88-9340-73fa9be7e7cf,48c588fd-35f6-4f4b-a7aa-90d6b15a607f,Loki ,mid,1155b4eb-b55e-4cf2-9d66-9476d31db16f,C9,Cloud9 Kia,17.4,15.2,2.2,False,18.3925,26.27,10.515,26.27,17.4,b4b7af39-ebdc-4e51-84a9-95ce4196793e,2026 - Split 2,2026,DSG,red,2026-08-08T20:00:00.000Z,http://static.lolesports.com/players/1739477209687_headsshot.png,https://api.lcsofficial.gg/market
2026-08-05T22:38:48.280380Z,7acdea78-152f-4d53-8cca-f42e37534be8,Round 3 (Split 3),2,2026-08-04T15:00:00.000Z,2026-08-08T20:00:00.000Z,True,79f4e1b8-f350-473c-abff-db3b8a530676,5dfe05bf-d04f-4d10-baa0-abcc8c44916b,FBI,bottom,cf32ee67-1ed0-483e-8c80-9a45a2406ec7,DIG,Dignitas,14.1,14,0.1,False,15.376666666666669,16.150000000000002,14.603333333333333,16.150000000000002,14.1,b4b7af39-ebdc-4e51-84a9-95ce4196793e,2026 - Split 2,2026,LYON,red,2026-08-09T20:00:00.000Z,http://static.lolesports.com/players/1753349110894_image6224.png,https://api.lcsofficial.gg/market
2026-08-05T22:38:48.280380Z,7acdea78-152f-4d53-8cca-f42e37534be8,Round 3 (Split 3),2,2026-08-04T15:00:00.000Z,2026-08-08T20:00:00.000Z,True,f00237c5-8ca0-4216-8cec-fcac64bd6da7,3f0fbcc9-0ad5-41c1-af28-35aa47117f36,Palafox,mid,cf32ee67-1ed0-483e-8c80-9a45a2406ec7,DIG,Dignitas,13.2,13.4,-0.2,False,14.579999999999998,13.90333333333333,13.90333333333333,15.256666666666668,13.2,b4b7af39-ebdc-4e51-84a9-95ce4196793e,2026 - Split 2,2026,LYON,red,2026-08-09T20:00:00.000Z,http://static.lolesports.com/players/1739479665255_ggsdgs21.png,https://api.lcsofficial.gg/market
2026-08-05T22:38:48.280380Z,7acdea78-152f-4d53-8cca-f42e37534be8,Round 3 (Split 3),2,2026-08-04T15:00:00.000Z,2026-08-08T20:00:00.000Z,True,6f2c65a5-97fd-41e8-9dfc-beb5c27f4c79,64124525-7371-441e-8d57-66d8563d9d29,Impact,top,3dbff4da-4675-4f41-847b-342815a72e39,SEN,Sentinels,12.3,14.2,-1.9,False,12.484166666666667,7.675000000000001,7.675000000000001,17.293333333333333,12.3,b4b7af39-ebdc-4e51-84a9-95ce4196793e,2026 - Split 2,2026,SR,red,2026-08-08T23:00:00.000Z,http://static.lolesports.com/players/1726214749557_TL_1500x1500_IMPACT_02.png,https://api.lcsofficial.gg/market
2026-08-05T22:38:48.280380Z,7acdea78-152f-4d53-8cca-f42e37534be8,Round 3 (Split 3),2,2026-08-04T15:00:00.000Z,2026-08-08T20:00:00.000Z,True,690ef6c9-a5e6-4703-8e1e-ef8e5d625c0e,0da01860-823a-43a5-9359-d76fa47792e6,Srtty,top,a7520418-4986-4870-8c86-7c5acd3f443c,DSG,Disguised,10.5,13.3,-2.8,False,5.745,2.805,2.805,8.685,10.5,b4b7af39-ebdc-4e51-84a9-95ce4196793e,2026 - Split 2,2026,C9,blue,2026-08-08T20:00:00.000Z,http://static.lolesports.com/players/1739516062006_ggsdgs4.png,https://api.lcsofficial.gg/market
2026-08-05T22:38:48.280380Z,7acdea78-152f-4d53-8cca-f42e37534be8,Round 3 (Split 3),2,2026-08-04T15:00:00.000Z,2026-08-08T20:00:00.000Z,True,b6ba9645-426b-4f3e-8cf5-263bb81713df,72bc17f3-6be0-406b-99d5-a81186829c51,huhi,support,3dbff4da-4675-4f41-847b-342815a72e39,SEN,Sentinels,15.4,16.5,-1.1,False,18.59166666666667,13.7,13.7,23.483333333333334,15.4,b4b7af39-ebdc-4e51-84a9-95ce4196793e,2026 - Split 2,2026,SR,red,2026-08-08T23:00:00.000Z,http://static.lolesports.com/players/1739478876354_ggsdgs8.png,https://api.lcsofficial.gg/market
2026-08-05T22:38:48.280380Z,7acdea78-152f-4d53-8cca-f42e37534be8,Round 3 (Split 3),2,2026-08-04T15:00:00.000Z,2026-08-08T20:00:00.000Z,True,d96bcebf-195d-484c-9dea-a1d0478439ec,3d069aeb-9508-4c56-a390-b6dda95527c4,Quad,mid,848fdaaf-589a-4e94-b3dc-90299584db0b,FLY,FlyQuest,18.3,15.7,2.6,False,18.0075,28.46,7.555,28.46,18.3,b4b7af39-ebdc-4e51-84a9-95ce4196793e,2026 - Split 2,2026,TLAW,red,2026-08-09T23:00:00.000Z,http://static.lolesports.com/players/1726214531962_FLY_1500x1500_QUAD_01.png,https://api.lcsofficial.gg/market
2026-08-05T22:38:48.280380Z,7acdea78-152f-4d53-8cca-f42e37534be8,Round 3 (Split 3),2,2026-08-04T15:00:00.000Z,2026-08-08T20:00:00.000Z,True,e5b96e2f-ef85-4603-99ae-874b4b20c56b,4cce3077-b9b4-45d7-9f12-4cb74b272196,Isles,support,47a8978e-8e16-434c-ba6d-a9e7bb1956ef,LYON,LYON,21.6,18.6,3.0,False,25.8725,33.525,18.22,33.525,21.6,b4b7af39-ebdc-4e51-84a9-95ce4196793e,2026 - Split 2,2026,DIG,blue,2026-08-09T20:00:00.000Z,http://static.lolesports.com/players/1739478353611_ggsdgs123.png,https://api.lcsofficial.gg/market
2026-08-05T22:38:48.280380Z,7acdea78-152f-4d53-8cca-f42e37534be8,Round 3 (Split 3),2,2026-08-04T15:00:00.000Z,2026-08-08T20:00:00.000Z,True,9992a5e5-bbe2-4f31-9e88-de08c54cae53,728578de-d384-40d7-9008-22dbb71806d3,Saint,mid,47a8978e-8e16-434c-ba6d-a9e7bb1956ef,LYON,LYON,21.6,20.6,1.0,False,23.1175,27.465,18.77,27.465,21.6,b4b7af39-ebdc-4e51-84a9-95ce4196793e,2026 - Split 2,2026,DIG,blue,2026-08-09T20:00:00.000Z,http://static.lolesports.com/players/1739479237170_ggsdgs4.png,https://api.lcsofficial.gg/market
2026-08-05T22:38:48.280380Z,7acdea78-152f-4d53-8cca-f42e37534be8,Round 3 (Split 3),2,2026-08-04T15:00:00.000Z,2026-08-08T20:00:00.000Z,True,5d2abf54-5950-4a3d-89b9-21a4515827f2,4422bc32-4b72-4eeb-afc0-76ce0946d4bb,Blaber,jungle,1155b4eb-b55e-4cf2-9d66-9476d31db16f,C9,Cloud9 Kia,17.8,15.6,2.2,False,18.6875,27,10.375,27,17.8,b4b7af39-ebdc-4e51-84a9-95ce4196793e,2026 - Split 2,2026,DSG,red,2026-08-08T20:00:00.000Z,http://static.lolesports.com/players/1739477380185_ggsdgsd.png,https://api.lcsofficial.gg/market
2026-08-05T22:38:48.280380Z,7acdea78-152f-4d53-8cca-f42e37534be8,Round 3 (Split 3),2,2026-08-04T15:00:00.000Z,2026-08-08T20:00:00.000Z,True,71fbf133-8818-41bf-a783-554a7e3c3c8c,7cf2a890-7c07-46b1-af4f-5cfff67e4728,Thanatos,top,1155b4eb-b55e-4cf2-9d66-9476d31db16f,C9,Cloud9 Kia,17.6,18,-0.4,False,15.4275,18.21,12.645,18.21,17.6,b4b7af39-ebdc-4e51-84a9-95ce4196793e,2026 - Split 2,2026,DSG,red,2026-08-08T20:00:00.000Z,http://static.lolesports.com/players/1739476937623_image13.png,https://api.lcsofficial.gg/market
2026-08-05T22:38:48.280380Z,7acdea78-152f-4d53-8cca-f42e37534be8,Round 3 (Split 3),2,2026-08-04T15:00:00.000Z,2026-08-08T20:00:00.000Z,True,78c144e3-c92a-49cf-88c8-3c3b9116b4f9,126a414a-52a9-4289-91f3-5370c312d825,Zven,bottom,1155b4eb-b55e-4cf2-9d66-9476d31db16f,C9,Cloud9 Kia,20,20,0.0,False,,,,,,b4b7af39-ebdc-4e51-84a9-95ce4196793e,2026 - Split 2,2026,DSG,red,2026-08-08T20:00:00.000Z,http://static.lolesports.com/players/1739477500671_ggsdgs1.png,https://api.lcsofficial.gg/market
2026-08-05T22:38:48.280380Z,7acdea78-152f-4d53-8cca-f42e37534be8,Round 3 (Split 3),2,2026-08-04T15:00:00.000Z,2026-08-08T20:00:00.000Z,True,4a124f7d-0465-47a7-8eca-5cb97295265c,5a2e6a51-614e-46d6-a6a9-9b56656bfa54,Vulcan,support,1155b4eb-b55e-4cf2-9d66-9476d31db16f,C9,Cloud9 Kia,18.5,17.4,1.1,False,17.963333333333335,24.346666666666668,11.58,24.346666666666668,18.5,b4b7af39-ebdc-4e51-84a9-95ce4196793e,2026 - Split 2,2026,DSG,red,2026-08-08T20:00:00.000Z,http://static.lolesports.com/players/1739477742600_ggsdgs12.png,https://api.lcsofficial.gg/market
2026-08-05T22:38:48.280380Z,7acdea78-152f-4d53-8cca-f42e37534be8,Round 3 (Split 3),2,2026-08-04T15:00:00.000Z,2026-08-08T20:00:00.000Z,True,4679bf06-b788-4a83-a167-8e6121fe4ca9,5051003b-a465-42b8-ab18-5765d5668348,APA,mid,1155b4eb-b55e-4cf2-9d66-9476d31db16f,C9,Cloud9 Kia,17.5,17.5,0.0,False,,,,,,b4b7af39-ebdc-4e51-84a9-95ce4196793e,2026 - Split 2,2026,DSG,red,2026-08-08T20:00:00.000Z,http://static.lolesports.com/players/1726214761765_TL_1500x1500_APA_04.png,https://api.lcsofficial.gg/market
2026-08-05T22:38:48.280380Z,7acdea78-152f-4d53-8cca-f42e37534be8,Round 3 (Split 3),2,2026-08-04T15:00:00.000Z,2026-08-08T20:00:00.000Z,True,db7c50b1-a307-4f9d-8df3-b0c6ac8c3f05,ad1d3cd7-b135-4063-9230-529d64631ffb,Yeon,bottom,40dbf5d2-24ba-4894-b90f-4397fe4a53ea,TLAW,Team Liquid Alienware,22,21.4,0.6,False,28.0975,26.5,26.5,29.695,22,b4b7af39-ebdc-4e51-84a9-95ce4196793e,2026 - Split 2,2026,FLY,blue,2026-08-09T23:00:00.000Z,http://static.lolesports.com/players/1726214767306_TL_1500x1500_YEON_03.png,https://api.lcsofficial.gg/market
2026-08-05T22:38:48.280380Z,7acdea78-152f-4d53-8cca-f42e37534be8,Round 3 (Split 3),2,2026-08-04T15:00:00.000Z,2026-08-08T20:00:00.000Z,True,5b76982d-8d0e-4877-83cb-38bea42f23cd,89cd186d-7ba4-44e4-9f69-caaa0b1c859a,Josedeodo,jungle,40dbf5d2-24ba-4894-b90f-4397fe4a53ea,TLAW,Team Liquid Alienware,20,19.6,0.4,False,21.475,23.810000000000002,19.14,23.810000000000002,20,b4b7af39-ebdc-4e51-84a9-95ce4196793e,2026 - Split 2,2026,FLY,blue,2026-08-09T23:00:00.000Z,http://static.lolesports.com/players/1753347194592_image6420.png,https://api.lcsofficial.gg/market
2026-08-05T22:38:48.280380Z,7acdea78-152f-4d53-8cca-f42e37534be8,Round 3 (Split 3),2,2026-08-04T15:00:00.000Z,2026-08-08T20:00:00.000Z,True,d3257be3-4df9-4cc9-ba5c-5ffcbf01d1d3,eb1c7f89-eeb7-42aa-b224-41876f739288,eXyu,jungle,cf32ee67-1ed0-483e-8c80-9a45a2406ec7,DIG,Dignitas,12.5,12.8,-0.3,False,13.833333333333334,13.08,13.08,14.586666666666668,12.5,b4b7af39-ebdc-4e51-84a9-95ce4196793e,2026 - Split 2,2026,LYON,red,2026-08-09T20:00:00.000Z,http://static.lolesports.com/players/1739478623419_ggsdgs0.png,https://api.lcsofficial.gg/market
2026-08-05T22:38:48.280380Z,7acdea78-152f-4d53-8cca-f42e37534be8,Round 3 (Split 3),2,2026-08-04T15:00:00.000Z,2026-08-08T20:00:00.000Z,True,ca02586a-dcd9-411b-aad1-a97c340952ca,d133f390-cbca-4fc9-990a-1698add0efcb,Quid,mid,40dbf5d2-24ba-4894-b90f-4397fe4a53ea,TLAW,Team Liquid Alienware,21.2,21.4,-0.2,False,24.9675,22.924999999999997,22.924999999999997,27.01,21.2,b4b7af39-ebdc-4e51-84a9-95ce4196793e,2026 - Split 2,2026,FLY,blue,2026-08-09T23:00:00.000Z,http://static.lolesports.com/players/1753349183025_image6322.png,https://api.lcsofficial.gg/market
2026-08-05T22:38:48.280380Z,7acdea78-152f-4d53-8cca-f42e37534be8,Round 3 (Split 3),2,2026-08-04T15:00:00.000Z,2026-08-08T20:00:00.000Z,True,8b8ccd52-b672-4bab-bf3d-c9599b8a5ebd,cafdb5d6-31c1-431c-95ba-488bc87d60f1,CoreJJ,support,40dbf5d2-24ba-4894-b90f-4397fe4a53ea,TLAW,Team Liquid Alienware,19.8,19.5,0.3,False,24.7875,22.91,22.91,26.665,19.8,b4b7af39-ebdc-4e51-84a9-95ce4196793e,2026 - Split 2,2026,FLY,blue,2026-08-09T23:00:00.000Z,http://static.lolesports.com/players/1726214772049_TL_1500x1500_COREJJ_03.png,https://api.lcsofficial.gg/market
2026-08-05T22:38:48.280380Z,7acdea78-152f-4d53-8cca-f42e37534be8,Round 3 (Split 3),2,2026-08-04T15:00:00.000Z,2026-08-08T20:00:00.000Z,True,204ec2c6-7f76-4ac9-916f-bea49de0735a,f816aaa5-3310-4b52-9929-a8c94bcca72b,Lyonz,support,a7520418-4986-4870-8c86-7c5acd3f443c,DSG,Disguised,11.8,13.3,-1.5,False,11.547500000000001,8.270000000000001,8.270000000000001,14.825000000000001,11.8,b4b7af39-ebdc-4e51-84a9-95ce4196793e,2026 - Split 2,2026,C9,blue,2026-08-08T20:00:00.000Z,http://static.lolesports.com/players/1739479327358_ggsdgs41.png,https://api.lcsofficial.gg/market
2026-08-05T22:38:48.280380Z,7acdea78-152f-4d53-8cca-f42e37534be8,Round 3 (Split 3),2,2026-08-04T15:00:00.000Z,2026-08-08T20:00:00.000Z,True,66964da4-30ec-4b60-b425-ca81c351d3fe,d04c0d8f-c618-4536-a8c4-d80f822306cc,Bvoy,bottom,d45bf435-19e0-4e92-8120-dfcd6badfd8e,SR,Shopify Rebellion,16.9,19.5,-2.6,False,19.39,10.515,10.515,28.265,16.9,b4b7af39-ebdc-4e51-84a9-95ce4196793e,2026 - Split 2,2026,SEN,blue,2026-08-08T23:00:00.000Z,http://static.lolesports.com/players/1739479753154_ggsdgs2.png,https://api.lcsofficial.gg/market
2026-08-05T22:38:48.280380Z,7acdea78-152f-4d53-8cca-f42e37534be8,Round 3 (Split 3),2,2026-08-04T15:00:00.000Z,2026-08-08T20:00:00.000Z,True,f9b8eda0-ed1d-4e78-a644-ff4670fdefe4,ef3066b1-6975-4cbb-a1a9-001fbca927b6,Fudge,top,d45bf435-19e0-4e92-8120-dfcd6badfd8e,SR,Shopify Rebellion,13.4,16.1,-2.7,False,16.4575,6.495,6.495,26.42,13.4,b4b7af39-ebdc-4e51-84a9-95ce4196793e,2026 - Split 2,2026,SEN,blue,2026-08-08T23:00:00.000Z,http://static.lolesports.com/players/1739479418626_ggsdgs3.png,https://api.lcsofficial.gg/market
2026-08-05T22:38:48.280380Z,7acdea78-152f-4d53-8cca-f42e37534be8,Round 3 (Split 3),2,2026-08-04T15:00:00.000Z,2026-08-08T20:00:00.000Z,True,62764447-8860-4dce-9f47-c831db4ae975,95c6d0e4-5447-49bf-a91d-a95c7e13ae24,Contractz,jungle,d45bf435-19e0-4e92-8120-dfcd6badfd8e,SR,Shopify Rebellion,14.9,17.2,-2.3,False,15.445,9.305,9.305,21.585,14.9,b4b7af39-ebdc-4e51-84a9-95ce4196793e,2026 - Split 2,2026,SEN,blue,2026-08-08T23:00:00.000Z,http://static.lolesports.com/players/1739479571030_ggsdgs2.png,https://api.lcsofficial.gg/market
2026-08-05T22:38:48.280380Z,7acdea78-152f-4d53-8cca-f42e37534be8,Round 3 (Split 3),2,2026-08-04T15:00:00.000Z,2026-08-08T20:00:00.000Z,True,313169e0-e825-42fd-8d53-c751e8e4bf78,bdb4f785-38d6-428e-b6ea-f09924c43129,Massu,bottom,848fdaaf-589a-4e94-b3dc-90299584db0b,FLY,FlyQuest,19.7,15.3,4.4,False,21.882499999999997,36.035,7.7299999999999995,36.035,19.7,b4b7af39-ebdc-4e51-84a9-95ce4196793e,2026 - Split 2,2026,TLAW,red,2026-08-09T23:00:00.000Z,http://static.lolesports.com/players/1726214536898_FLY_1500x1500_MASSU_01.png,https://api.lcsofficial.gg/market
2026-08-05T22:38:48.280380Z,7acdea78-152f-4d53-8cca-f42e37534be8,Round 3 (Split 3),2,2026-08-04T15:00:00.000Z,2026-08-08T20:00:00.000Z,True,7e18b23c-0460-4e5f-ad96-40eedd7b4817,aa8db8ec-4e94-4cd5-9a91-275fbe122727,Inspired,jungle,47a8978e-8e16-434c-ba6d-a9e7bb1956ef,LYON,LYON,23,23,0.0,False,,,,,,b4b7af39-ebdc-4e51-84a9-95ce4196793e,2026 - Split 2,2026,DIG,blue,2026-08-09T20:00:00.000Z,http://static.lolesports.com/players/1726214526028_FLY_1500x1500_INSPIRED_02.png,https://api.lcsofficial.gg/market
2026-08-05T22:38:48.280380Z,7acdea78-152f-4d53-8cca-f42e37534be8,Round 3 (Split 3),2,2026-08-04T15:00:00.000Z,2026-08-08T20:00:00.000Z,True,1c7e2f82-09af-4256-a6c2-5b71f999f24b,f57e5f8c-a53e-4504-96fc-6062a0685cb5,KryRa,jungle,a7520418-4986-4870-8c86-7c5acd3f443c,DSG,Disguised,12.4,12.4,0.0,False,12.39,13.735,11.045,13.735,12.4,b4b7af39-ebdc-4e51-84a9-95ce4196793e,2026 - Split 2,2026,C9,blue,2026-08-08T20:00:00.000Z,http://static.lolesports.com/players/1675150271520_placeholder.png,https://api.lcsofficial.gg/market
2026-08-05T22:38:48.280380Z,7acdea78-152f-4d53-8cca-f42e37534be8,Round 3 (Split 3),2,2026-08-04T15:00:00.000Z,2026-08-08T20:00:00.000Z,True,a976b429-3363-40dc-9dcd-9c0d158bb432,63313716-3689-4cc3-a097-8c1f2473efd0,Callme,mid,a7520418-4986-4870-8c86-7c5acd3f443c,DSG,Disguised,13.3,13.8,-0.5,False,12.0325,13.48,10.585,13.48,13.3,b4b7af39-ebdc-4e51-84a9-95ce4196793e,2026 - Split 2,2026,C9,blue,2026-08-08T20:00:00.000Z,http://static.lolesports.com/players/1718362648003_NS_Callme_784.png,https://api.lcsofficial.gg/market
2026-08-05T22:38:48.280380Z,7acdea78-152f-4d53-8cca-f42e37534be8,Round 3 (Split 3),2,2026-08-04T15:00:00.000Z,2026-08-08T20:00:00.000Z,True,bbd0b233-f987-4194-8cf4-42cda7e3f2ab,23d8c015-60b5-45d1-83cb-7479e2687719,sajed,bottom,a7520418-4986-4870-8c86-7c5acd3f443c,DSG,Disguised,11,11.5,-0.5,False,9.025,10.610000000000001,7.4399999999999995,10.610000000000001,11,b4b7af39-ebdc-4e51-84a9-95ce4196793e,2026 - Split 2,2026,C9,blue,2026-08-08T20:00:00.000Z,http://static.lolesports.com/players/1633033031951_silhouette.png,https://api.lcsofficial.gg/market
2026-08-05T22:38:48.280380Z,7acdea78-152f-4d53-8cca-f42e37534be8,Round 3 (Split 3),2,2026-08-04T15:00:00.000Z,2026-08-08T20:00:00.000Z,True,eca61d6d-eabe-470d-8310-55e4488854db,6aada3b3-df5c-4ed9-b908-ad17e484a174,Gakgos,top,848fdaaf-589a-4e94-b3dc-90299584db0b,FLY,FlyQuest,16,15,1.0,False,14.567499999999999,21.134999999999998,8,21.134999999999998,16,b4b7af39-ebdc-4e51-84a9-95ce4196793e,2026 - Split 2,2026,TLAW,red,2026-08-09T23:00:00.000Z,http://static.lolesports.com/players/1753348399682_image6125.png,https://api.lcsofficial.gg/market
2026-08-05T22:38:48.280380Z,7acdea78-152f-4d53-8cca-f42e37534be8,Round 3 (Split 3),2,2026-08-04T15:00:00.000Z,2026-08-08T20:00:00.000Z,True,03d3b724-fb47-4e81-b5b6-549b47c6b27b,7b168cdb-f74e-4353-9b35-3594d8fd40c0,HamBak,jungle,3dbff4da-4675-4f41-847b-342815a72e39,SEN,Sentinels,15.7,18.5,-2.8,False,20.2,8.57,8.57,31.83,15.7,b4b7af39-ebdc-4e51-84a9-95ce4196793e,2026 - Split 2,2026,SR,red,2026-08-08T23:00:00.000Z,http://static.lolesports.com/players/1758213278005_hambak.png,https://api.lcsofficial.gg/market
2026-08-05T22:38:48.280380Z,7acdea78-152f-4d53-8cca-f42e37534be8,Round 3 (Split 3),2,2026-08-04T15:00:00.000Z,2026-08-08T20:00:00.000Z,True,54146257-96e9-4fbb-a46b-9ba67671964c,cddfc250-82c2-4a9c-ab3d-159f64ee29b0,Rahel,bottom,3dbff4da-4675-4f41-847b-342815a72e39,SEN,Sentinels,15,17.7,-2.7,False,17.574166666666667,8.145,8.145,27.003333333333334,15,b4b7af39-ebdc-4e51-84a9-95ce4196793e,2026 - Split 2,2026,SR,red,2026-08-08T23:00:00.000Z,http://static.lolesports.com/players/1753348624075_image6422.png,https://api.lcsofficial.gg/market
2026-08-05T22:38:48.280380Z,7acdea78-152f-4d53-8cca-f42e37534be8,Round 3 (Split 3),2,2026-08-04T15:00:00.000Z,2026-08-08T20:00:00.000Z,True,4e88f704-3f59-4461-98a1-6f8a907c30f5,e53238fc-40b9-4add-95f5-0986f55e7e0b,DARKWINGS,mid,3dbff4da-4675-4f41-847b-342815a72e39,SEN,Sentinels,15.1,17.7,-2.6,False,14.844999999999999,8.81,8.81,20.88,15.1,b4b7af39-ebdc-4e51-84a9-95ce4196793e,2026 - Split 2,2026,SR,red,2026-08-08T23:00:00.000Z,http://static.lolesports.com/players/1753348536253_image6223.png,https://api.lcsofficial.gg/market
2026-08-05T22:38:48.280380Z,7acdea78-152f-4d53-8cca-f42e37534be8,Round 3 (Split 3),2,2026-08-04T15:00:00.000Z,2026-08-08T20:00:00.000Z,True,2463344e-e18a-46d3-9216-ba5c47db2feb,5a830e34-4aa1-456c-a253-85e99f933611,Gryffinn,jungle,848fdaaf-589a-4e94-b3dc-90299584db0b,FLY,FlyQuest,19.5,16.5,3.0,False,20.42,31.365000000000002,9.475,31.365000000000002,19.5,b4b7af39-ebdc-4e51-84a9-95ce4196793e,2026 - Split 2,2026,TLAW,red,2026-08-09T23:00:00.000Z,http://static.lolesports.com/players/1753429869537_image622.png,https://api.lcsofficial.gg/market
2026-08-05T22:38:48.280380Z,7acdea78-152f-4d53-8cca-f42e37534be8,Round 3 (Split 3),2,2026-08-04T15:00:00.000Z,2026-08-08T20:00:00.000Z,True,bd9391a2-067b-4e2f-aa20-60827605f3cf,657c0b93-29f2-476d-ab23-4633592e62a1,Cryogen,support,848fdaaf-589a-4e94-b3dc-90299584db0b,FLY,FlyQuest,17.9,15,2.9,False,20.91,29.25,12.569999999999999,29.25,17.9,b4b7af39-ebdc-4e51-84a9-95ce4196793e,2026 - Split 2,2026,TLAW,red,2026-08-09T23:00:00.000Z,http://static.lolesports.com/players/1686642979840_placeholder.png,https://api.lcsofficial.gg/market
2026-08-05T22:38:48.280380Z,7acdea78-152f-4d53-8cca-f42e37534be8,Round 3 (Split 3),2,2026-08-04T15:00:00.000Z,2026-08-08T20:00:00.000Z,True,e3d1333f-9165-472c-bd48-04599743c06c,81be3e3f-7ae8-4802-8b9b-5be817e59314,Ignar,support,cf32ee67-1ed0-483e-8c80-9a45a2406ec7,DIG,Dignitas,12.8,12.1,0.7,False,13.959999999999999,16.646666666666665,11.273333333333333,16.646666666666665,12.8,b4b7af39-ebdc-4e51-84a9-95ce4196793e,2026 - Split 2,2026,LYON,red,2026-08-09T20:00:00.000Z,http://static.lolesports.com/players/1705026333045_ignar.png,https://api.lcsofficial.gg/market
2026-08-05T22:38:48.280380Z,7acdea78-152f-4d53-8cca-f42e37534be8,Round 3 (Split 3),2,2026-08-04T15:00:00.000Z,2026-08-08T20:00:00.000Z,True,56b538d9-953f-492e-b752-4d35d645158a,fa1800bf-32f8-424a-9aa8-f78db37971e1,Morgan,top,40dbf5d2-24ba-4894-b90f-4397fe4a53ea,TLAW,Team Liquid Alienware,16.6,17.2,-0.6,False,16.035,16.7,15.370000000000001,16.7,16.6,b4b7af39-ebdc-4e51-84a9-95ce4196793e,2026 - Split 2,2026,FLY,blue,2026-08-09T23:00:00.000Z,http://static.lolesports.com/players/1758213645297_morgan.png,https://api.lcsofficial.gg/market
2026-08-05T22:38:48.280380Z,7acdea78-152f-4d53-8cca-f42e37534be8,Round 3 (Split 3),2,2026-08-04T15:00:00.000Z,2026-08-08T20:00:00.000Z,True,c9a86dc6-b0dd-42a0-9f44-00fc0bd6e691,5611f586-88b0-4431-8d57-edd4e69e94d4,Berserker,bottom,47a8978e-8e16-434c-ba6d-a9e7bb1956ef,LYON,LYON,24.3,21.9,2.4,False,30.2575,34.54,25.974999999999998,34.54,24.3,b4b7af39-ebdc-4e51-84a9-95ce4196793e,2026 - Split 2,2026,DIG,blue,2026-08-09T20:00:00.000Z,http://static.lolesports.com/players/1758212268095_berserker.png,https://api.lcsofficial.gg/market
2026-08-05T22:38:48.280380Z,7acdea78-152f-4d53-8cca-f42e37534be8,Round 3 (Split 3),2,2026-08-04T15:00:00.000Z,2026-08-08T20:00:00.000Z,True,60170b47-a2b9-4454-9377-9b15b3e86374,370a2030-9673-4b3e-b1bc-0ea9d9ba2df1,Dhokla,top,47a8978e-8e16-434c-ba6d-a9e7bb1956ef,LYON,LYON,18.6,19.8,-1.2,False,19.375,16.9,16.9,21.85,18.6,b4b7af39-ebdc-4e51-84a9-95ce4196793e,2026 - Split 2,2026,DIG,blue,2026-08-09T20:00:00.000Z,http://static.lolesports.com/players/1687315758448_NRG_DHOKLA.png,https://api.lcsofficial.gg/market
2026-08-05T22:38:48.280380Z,7acdea78-152f-4d53-8cca-f42e37534be8,Round 3 (Split 3),2,2026-08-04T15:00:00.000Z,2026-08-08T20:00:00.000Z,True,fd127ddf-1bb1-4a86-a1c9-5f6874ac3f7a,02436a08-1587-442c-8d30-450821f54b91,Reignover,coach,47a8978e-8e16-434c-ba6d-a9e7bb1956ef,LYON,LYON,18.3,16,2.3,False,24.683999999999997,27.863999999999997,21.503999999999998,27.863999999999997,18.3,b4b7af39-ebdc-4e51-84a9-95ce4196793e,2026 - Split 2,2026,DIG,blue,2026-08-09T20:00:00.000Z,http://static.lolesports.com/players/default-headshot.png,https://api.lcsofficial.gg/market
2026-08-05T22:38:48.280380Z,7acdea78-152f-4d53-8cca-f42e37534be8,Round 3 (Split 3),2,2026-08-04T15:00:00.000Z,2026-08-08T20:00:00.000Z,True,8e59cbee-ff93-43b6-89d3-f552cb485ae5,062c2ce9-1367-408e-a4aa-d73546989588,Reven,coach,d45bf435-19e0-4e92-8120-dfcd6badfd8e,SR,Shopify Rebellion,13,15.3,-2.3,False,15.376000000000001,7.448,7.448,23.304000000000002,13,b4b7af39-ebdc-4e51-84a9-95ce4196793e,2026 - Split 2,2026,SEN,blue,2026-08-08T23:00:00.000Z,http://static.lolesports.com/players/default-headshot.png,https://api.lcsofficial.gg/market
2026-08-05T22:38:48.280380Z,7acdea78-152f-4d53-8cca-f42e37534be8,Round 3 (Split 3),2,2026-08-04T15:00:00.000Z,2026-08-08T20:00:00.000Z,True,0c79824f-c244-4a9a-99f2-fe6d0dfba251,2a7d72fe-4a25-4617-a290-7e679a9f629c,Goldenglue,coach,3dbff4da-4675-4f41-847b-342815a72e39,SEN,Sentinels,13.9,15.9,-2.0,False,16.739,9.38,9.38,24.098,13.9,b4b7af39-ebdc-4e51-84a9-95ce4196793e,2026 - Split 2,2026,SR,red,2026-08-08T23:00:00.000Z,http://static.lolesports.com/players/default-headshot.png,https://api.lcsofficial.gg/market
2026-08-05T22:38:48.280380Z,7acdea78-152f-4d53-8cca-f42e37534be8,Round 3 (Split 3),2,2026-08-04T15:00:00.000Z,2026-08-08T20:00:00.000Z,True,97817efe-cfea-4133-8a2b-d064ece52b39,20e3b396-e689-4314-beff-b3d481b49cd0,Swiffer,coach,cf32ee67-1ed0-483e-8c80-9a45a2406ec7,DIG,Dignitas,12.4,12.1,0.3,False,13.927333333333333,14.888,12.966666666666665,14.888,12.4,b4b7af39-ebdc-4e51-84a9-95ce4196793e,2026 - Split 2,2026,LYON,red,2026-08-09T20:00:00.000Z,http://static.lolesports.com/players/default-headshot.png,https://api.lcsofficial.gg/market
2026-08-05T22:38:48.280380Z,7acdea78-152f-4d53-8cca-f42e37534be8,Round 3 (Split 3),2,2026-08-04T15:00:00.000Z,2026-08-08T20:00:00.000Z,True,007c0089-ff77-494d-8bab-a07c8f719322,a5ba4d63-5d27-478d-a819-0467e5df39b2,Spawn,coach,40dbf5d2-24ba-4894-b90f-4397fe4a53ea,TLAW,Team Liquid Alienware,17.8,16.9,0.9,False,23.072499999999998,22.569,22.569,23.576,17.8,b4b7af39-ebdc-4e51-84a9-95ce4196793e,2026 - Split 2,2026,FLY,blue,2026-08-09T23:00:00.000Z,http://static.lolesports.com/players/default-headshot.png,https://api.lcsofficial.gg/market
2026-08-05T22:38:48.280380Z,7acdea78-152f-4d53-8cca-f42e37534be8,Round 3 (Split 3),2,2026-08-04T15:00:00.000Z,2026-08-08T20:00:00.000Z,True,759f7243-0abc-4ec0-bea8-c777d48bf4f7,01b0e738-0009-4c57-a16c-a943c69acea4,Thinkcard,coach,848fdaaf-589a-4e94-b3dc-90299584db0b,FLY,FlyQuest,16.2,12.7,3.5,False,19.1575,29.249000000000002,9.065999999999999,29.249000000000002,16.2,b4b7af39-ebdc-4e51-84a9-95ce4196793e,2026 - Split 2,2026,TLAW,red,2026-08-09T23:00:00.000Z,http://static.lolesports.com/players/default-headshot.png,https://api.lcsofficial.gg/market
2026-08-05T22:38:48.280380Z,7acdea78-152f-4d53-8cca-f42e37534be8,Round 3 (Split 3),2,2026-08-04T15:00:00.000Z,2026-08-08T20:00:00.000Z,True,e3bd8023-c7c8-4c0c-9a0e-8df1eb44b539,0eb5ed88-c366-4ac1-8b6c-8423419c40ad,Zinie,mid,d45bf435-19e0-4e92-8120-dfcd6badfd8e,SR,Shopify Rebellion,11.9,14.3,-2.4,False,10.7925,5.625,5.625,15.959999999999999,11.9,b4b7af39-ebdc-4e51-84a9-95ce4196793e,2026 - Split 2,2026,SEN,blue,2026-08-08T23:00:00.000Z,http://static.lolesports.com/players/default-headshot.png,https://api.lcsofficial.gg/market
2026-08-05T22:38:48.280380Z,7acdea78-152f-4d53-8cca-f42e37534be8,Round 3 (Split 3),2,2026-08-04T15:00:00.000Z,2026-08-08T20:00:00.000Z,True,7d725ec2-60e2-44b1-bcac-1a4260b09ece,9c3659ab-6630-49f2-836b-e31b6da00ef1,ido,coach,a7520418-4986-4870-8c86-7c5acd3f443c,DSG,Disguised,11.1,11.9,-0.8,False,10.148,9.780000000000001,9.780000000000001,10.516,11.1,b4b7af39-ebdc-4e51-84a9-95ce4196793e,2026 - Split 2,2026,C9,blue,2026-08-08T20:00:00.000Z,http://static.lolesports.com/players/default-headshot.png,https://api.lcsofficial.gg/market
2026-08-05T22:38:48.280380Z,7acdea78-152f-4d53-8cca-f42e37534be8,Round 3 (Split 3),2,2026-08-04T15:00:00.000Z,2026-08-08T20:00:00.000Z,True,14e57566-cc00-41ba-839e-a82e52d3105c,26c604a2-2864-4e48-97cf-803e4946db7c,Denathor,top,cf32ee67-1ed0-483e-8c80-9a45a2406ec7,DIG,Dignitas,13.3,13.4,-0.1,False,11.886666666666667,14.660000000000002,9.113333333333333,14.660000000000002,13.3,b4b7af39-ebdc-4e51-84a9-95ce4196793e,2026 - Split 2,2026,LYON,red,2026-08-09T20:00:00.000Z,http://static.lolesports.com/players/default-headshot.png,https://api.lcsofficial.gg/market
2026-08-05T22:38:48.280380Z,7acdea78-152f-4d53-8cca-f42e37534be8,Round 3 (Split 3),2,2026-08-04T15:00:00.000Z,2026-08-08T20:00:00.000Z,True,1b449bd7-6180-4f57-9dec-d5faaa5b837c,83c0b8a2-3a42-4ff9-af93-45328f4e0d22,Tactical,bottom,1155b4eb-b55e-4cf2-9d66-9476d31db16f,C9,Cloud9 Kia,14.6,14.8,-0.2,False,12.240833333333333,15.836666666666666,8.645,15.836666666666666,14.6,b4b7af39-ebdc-4e51-84a9-95ce4196793e,2026 - Split 2,2026,DSG,red,2026-08-08T20:00:00.000Z,http://static.lolesports.com/players/default-headshot.png,https://api.lcsofficial.gg/market
2026-08-05T22:38:48.280380Z,7acdea78-152f-4d53-8cca-f42e37534be8,Round 3 (Split 3),2,2026-08-04T15:00:00.000Z,2026-08-08T20:00:00.000Z,True,baa81e86-8dc4-4ca8-8894-2bdf61b2ab0b,fa8a85a1-4205-4baf-9a9d-9b65eb46a177,Zeyzal,support,d45bf435-19e0-4e92-8120-dfcd6badfd8e,SR,Shopify Rebellion,13.9,17.1,-3.2,False,14.795,5.3,5.3,24.29,13.9,b4b7af39-ebdc-4e51-84a9-95ce4196793e,2026 - Split 2,2026,SEN,blue,2026-08-08T23:00:00.000Z,http://static.lolesports.com/players/default-headshot.png,https://api.lcsofficial.gg/market
2026-08-05T22:38:48.280380Z,7acdea78-152f-4d53-8cca-f42e37534be8,Round 3 (Split 3),2,2026-08-04T15:00:00.000Z,2026-08-08T20:00:00.000Z,True,aa6c491a-2d32-41d3-8e87-10625e021eac,e68f870e-28bb-4b94-b631-7e5414edd6f8,IWDominate,coach,1155b4eb-b55e-4cf2-9d66-9476d31db16f,C9,Cloud9 Kia,15.1,13.4,1.7,False,16.542333333333332,22.332666666666665,10.751999999999999,22.332666666666665,15.1,b4b7af39-ebdc-4e51-84a9-95ce4196793e,2026 - Split 2,2026,DSG,red,2026-08-08T20:00:00.000Z,http://static.lolesports.com/players/default-headshot.png,https://api.lcsofficial.gg/market
2026-08-05T22:38:48.280380Z,7acdea78-152f-4d53-8cca-f42e37534be8,Round 3 (Split 3),2,2026-08-04T15:00:00.000Z,2026-08-08T20:00:00.000Z,True,84721bcc-604c-4e71-bc1c-a8e91b0aa6fa,415f40ac-92d4-44fb-aa6b-1f7ec78ed1b5,Armao,jungle,47a8978e-8e16-434c-ba6d-a9e7bb1956ef,LYON,LYON,19.6,18,1.6,False,24.7975,26.89,22.705,26.89,19.6,b4b7af39-ebdc-4e51-84a9-95ce4196793e,2026 - Split 2,2026,DIG,blue,2026-08-09T20:00:00.000Z,https://static.lolesports.com/players/default-headshot.png,https://api.lcsofficial.gg/market
