prediction_period_id,competition_id,season,split_id,stage_id,period_label,period_sequence,period_start_utc,period_end_utc,target_cutoff,cutoff_policy_id,mapping_method,direct_evidence,inference_used,provenance,quality_status
period:5a2658b56ec5d5c6a04d,LCS,2020,LCS:2020:spring,LCS:2020:spring:playoffs,LCS:2020:spring:playoffs:event-group-01,1,2020-04-04T19:44:42Z,2020-04-12T23:49:32Z,2020-04-04T19:44:42Z,player-model-v2-historical-target-period-start-v1,FROZEN_COMPETITION_LOCAL_EVENT_GROUP_GAP_GT_3_DAYS,Stage 3D competition/split/stage and event date,new local group after more than three empty event dates,label-blind deterministic grouping; no ISO calendar week,PASS_CONSERVATIVE_RETROSPECTIVE_CUTOFF
period:be73ead0e53874776373,LCS,2020,LCS:2020:spring,LCS:2020:spring:playoffs,LCS:2020:spring:playoffs:event-group-02,2,2020-04-18T19:37:34Z,2020-04-19T21:43:13Z,2020-04-18T19:37:34Z,player-model-v2-historical-target-period-start-v1,FROZEN_COMPETITION_LOCAL_EVENT_GROUP_GAP_GT_3_DAYS,Stage 3D competition/split/stage and event date,new local group after more than three empty event dates,label-blind deterministic grouping; no ISO calendar week,PASS_CONSERVATIVE_RETROSPECTIVE_CUTOFF
period:01bed218199c5fc6a295,LCS,2020,LCS:2020:spring,LCS:2020:spring:regular,LCS:2020:spring:regular:event-group-01,1,2020-01-25T21:37:53Z,2020-01-28T02:16:14Z,2020-01-25T21:37:53Z,player-model-v2-historical-target-period-start-v1,FROZEN_COMPETITION_LOCAL_EVENT_GROUP_GAP_GT_3_DAYS,Stage 3D competition/split/stage and event date,new local group after more than three empty event dates,label-blind deterministic grouping; no ISO calendar week,PASS_CONSERVATIVE_RETROSPECTIVE_CUTOFF
period:18c306f73901eb8e548e,LCS,2020,LCS:2020:spring,LCS:2020:spring:regular,LCS:2020:spring:regular:event-group-02,2,2020-02-01T21:36:35Z,2020-02-04T02:11:50Z,2020-02-01T21:36:35Z,player-model-v2-historical-target-period-start-v1,FROZEN_COMPETITION_LOCAL_EVENT_GROUP_GAP_GT_3_DAYS,Stage 3D competition/split/stage and event date,new local group after more than three empty event dates,label-blind deterministic grouping; no ISO calendar week,PASS_CONSERVATIVE_RETROSPECTIVE_CUTOFF
period:bd2e80371da37619c695,LCS,2020,LCS:2020:spring,LCS:2020:spring:regular,LCS:2020:spring:regular:event-group-03,3,2020-02-08T21:30:18Z,2020-02-11T02:07:52Z,2020-02-08T21:30:18Z,player-model-v2-historical-target-period-start-v1,FROZEN_COMPETITION_LOCAL_EVENT_GROUP_GAP_GT_3_DAYS,Stage 3D competition/split/stage and event date,new local group after more than three empty event dates,label-blind deterministic grouping; no ISO calendar week,PASS_CONSERVATIVE_RETROSPECTIVE_CUTOFF
period:94dc307a169a4236f643,LCS,2020,LCS:2020:spring,LCS:2020:spring:regular,LCS:2020:spring:regular:event-group-04,4,2020-02-15T21:33:19Z,2020-02-18T02:07:45Z,2020-02-15T21:33:19Z,player-model-v2-historical-target-period-start-v1,FROZEN_COMPETITION_LOCAL_EVENT_GROUP_GAP_GT_3_DAYS,Stage 3D competition/split/stage and event date,new local group after more than three empty event dates,label-blind deterministic grouping; no ISO calendar week,PASS_CONSERVATIVE_RETROSPECTIVE_CUTOFF
period:90cc39f891e2dbcab3ef,LCS,2020,LCS:2020:spring,LCS:2020:spring:regular,LCS:2020:spring:regular:event-group-05,5,2020-02-22T21:37:14Z,2020-02-25T02:09:45Z,2020-02-22T21:37:14Z,player-model-v2-historical-target-period-start-v1,FROZEN_COMPETITION_LOCAL_EVENT_GROUP_GAP_GT_3_DAYS,Stage 3D competition/split/stage and event date,new local group after more than three empty event dates,label-blind deterministic grouping; no ISO calendar week,PASS_CONSERVATIVE_RETROSPECTIVE_CUTOFF
period:cb03c621696fc2e91764,LCS,2020,LCS:2020:spring,LCS:2020:spring:regular,LCS:2020:spring:regular:event-group-06,6,2020-02-29T21:26:53Z,2020-03-03T02:30:07Z,2020-02-29T21:26:53Z,player-model-v2-historical-target-period-start-v1,FROZEN_COMPETITION_LOCAL_EVENT_GROUP_GAP_GT_3_DAYS,Stage 3D competition/split/stage and event date,new local group after more than three empty event dates,label-blind deterministic grouping; no ISO calendar week,PASS_CONSERVATIVE_RETROSPECTIVE_CUTOFF
period:14606e5066005561df07,LCS,2020,LCS:2020:spring,LCS:2020:spring:regular,LCS:2020:spring:regular:event-group-07,7,2020-03-07T21:40:12Z,2020-03-10T01:09:26Z,2020-03-07T21:40:12Z,player-model-v2-historical-target-period-start-v1,FROZEN_COMPETITION_LOCAL_EVENT_GROUP_GAP_GT_3_DAYS,Stage 3D competition/split/stage and event date,new local group after more than three empty event dates,label-blind deterministic grouping; no ISO calendar week,PASS_CONSERVATIVE_RETROSPECTIVE_CUTOFF
period:b2e2840d56c789b5030c,LCS,2020,LCS:2020:spring,LCS:2020:spring:regular,LCS:2020:spring:regular:event-group-08,8,2020-03-21T20:18:48Z,2020-03-22T22:54:45Z,2020-03-21T20:18:48Z,player-model-v2-historical-target-period-start-v1,FROZEN_COMPETITION_LOCAL_EVENT_GROUP_GAP_GT_3_DAYS,Stage 3D competition/split/stage and event date,new local group after more than three empty event dates,label-blind deterministic grouping; no ISO calendar week,PASS_CONSERVATIVE_RETROSPECTIVE_CUTOFF
period:666de7dcc2eb91211639,LCS,2020,LCS:2020:spring,LCS:2020:spring:regular,LCS:2020:spring:regular:event-group-09,9,2020-03-28T20:29:42Z,2020-03-30T21:13:23Z,2020-03-28T20:29:42Z,player-model-v2-historical-target-period-start-v1,FROZEN_COMPETITION_LOCAL_EVENT_GROUP_GAP_GT_3_DAYS,Stage 3D competition/split/stage and event date,new local group after more than three empty event dates,label-blind deterministic grouping; no ISO calendar week,PASS_CONSERVATIVE_RETROSPECTIVE_CUTOFF
period:0836494c11a0b381c084,LCS,2020,LCS:2020:summer,LCS:2020:summer:playoffs,LCS:2020:summer:playoffs:event-group-01,1,2020-08-13T19:38:23Z,2020-08-16T21:47:55Z,2020-08-13T19:38:23Z,player-model-v2-historical-target-period-start-v1,FROZEN_COMPETITION_LOCAL_EVENT_GROUP_GAP_GT_3_DAYS,Stage 3D competition/split/stage and event date,new local group after more than three empty event dates,label-blind deterministic grouping; no ISO calendar week,PASS_CONSERVATIVE_RETROSPECTIVE_CUTOFF
period:38cb400566e2a3aee1c8,LCS,2020,LCS:2020:summer,LCS:2020:summer:playoffs,LCS:2020:summer:playoffs:event-group-02,2,2020-08-20T19:31:44Z,2020-08-23T23:21:02Z,2020-08-20T19:31:44Z,player-model-v2-historical-target-period-start-v1,FROZEN_COMPETITION_LOCAL_EVENT_GROUP_GAP_GT_3_DAYS,Stage 3D competition/split/stage and event date,new local group after more than three empty event dates,label-blind deterministic grouping; no ISO calendar week,PASS_CONSERVATIVE_RETROSPECTIVE_CUTOFF
period:53a986e97c4e64053db8,LCS,2020,LCS:2020:summer,LCS:2020:summer:playoffs,LCS:2020:summer:playoffs:event-group-03,3,2020-08-29T19:32:38Z,2020-08-30T23:55:50Z,2020-08-29T19:32:38Z,player-model-v2-historical-target-period-start-v1,FROZEN_COMPETITION_LOCAL_EVENT_GROUP_GAP_GT_3_DAYS,Stage 3D competition/split/stage and event date,new local group after more than three empty event dates,label-blind deterministic grouping; no ISO calendar week,PASS_CONSERVATIVE_RETROSPECTIVE_CUTOFF
period:c131bd9da535908c94f0,LCS,2020,LCS:2020:summer,LCS:2020:summer:playoffs,LCS:2020:summer:playoffs:event-group-04,4,2020-09-05T19:31:41Z,2020-09-07T01:13:41Z,2020-09-05T19:31:41Z,player-model-v2-historical-target-period-start-v1,FROZEN_COMPETITION_LOCAL_EVENT_GROUP_GAP_GT_3_DAYS,Stage 3D competition/split/stage and event date,new local group after more than three empty event dates,label-blind deterministic grouping; no ISO calendar week,PASS_CONSERVATIVE_RETROSPECTIVE_CUTOFF
period:1970df0ebd4246c6ea3b,LCS,2020,LCS:2020:summer,LCS:2020:summer:regular,LCS:2020:summer:regular:event-group-01,1,2020-06-13T00:40:51Z,2020-06-14T22:34:36Z,2020-06-13T00:40:51Z,player-model-v2-historical-target-period-start-v1,FROZEN_COMPETITION_LOCAL_EVENT_GROUP_GAP_GT_3_DAYS,Stage 3D competition/split/stage and event date,new local group after more than three empty event dates,label-blind deterministic grouping; no ISO calendar week,PASS_CONSERVATIVE_RETROSPECTIVE_CUTOFF
period:3968b01a861a52d381a8,LCS,2020,LCS:2020:summer,LCS:2020:summer:regular,LCS:2020:summer:regular:event-group-02,2,2020-06-20T00:31:26Z,2020-06-21T22:34:57Z,2020-06-20T00:31:26Z,player-model-v2-historical-target-period-start-v1,FROZEN_COMPETITION_LOCAL_EVENT_GROUP_GAP_GT_3_DAYS,Stage 3D competition/split/stage and event date,new local group after more than three empty event dates,label-blind deterministic grouping; no ISO calendar week,PASS_CONSERVATIVE_RETROSPECTIVE_CUTOFF
period:642a5bb7deff76d164b5,LCS,2020,LCS:2020:summer,LCS:2020:summer:regular,LCS:2020:summer:regular:event-group-03,3,2020-06-27T00:39:52Z,2020-06-28T23:05:54Z,2020-06-27T00:39:52Z,player-model-v2-historical-target-period-start-v1,FROZEN_COMPETITION_LOCAL_EVENT_GROUP_GAP_GT_3_DAYS,Stage 3D competition/split/stage and event date,new local group after more than three empty event dates,label-blind deterministic grouping; no ISO calendar week,PASS_CONSERVATIVE_RETROSPECTIVE_CUTOFF
period:7813fa8e90f59320de07,LCS,2020,LCS:2020:summer,LCS:2020:summer:regular,LCS:2020:summer:regular:event-group-04,4,2020-07-04T00:21:06Z,2020-07-05T23:37:29Z,2020-07-04T00:21:06Z,player-model-v2-historical-target-period-start-v1,FROZEN_COMPETITION_LOCAL_EVENT_GROUP_GAP_GT_3_DAYS,Stage 3D competition/split/stage and event date,new local group after more than three empty event dates,label-blind deterministic grouping; no ISO calendar week,PASS_CONSERVATIVE_RETROSPECTIVE_CUTOFF
period:1e2c5a7144cf9a8bc308,LCS,2020,LCS:2020:summer,LCS:2020:summer:regular,LCS:2020:summer:regular:event-group-05,5,2020-07-11T00:50:27Z,2020-07-12T22:40:38Z,2020-07-11T00:50:27Z,player-model-v2-historical-target-period-start-v1,FROZEN_COMPETITION_LOCAL_EVENT_GROUP_GAP_GT_3_DAYS,Stage 3D competition/split/stage and event date,new local group after more than three empty event dates,label-blind deterministic grouping; no ISO calendar week,PASS_CONSERVATIVE_RETROSPECTIVE_CUTOFF
period:2d69b4a154591d5cca77,LCS,2020,LCS:2020:summer,LCS:2020:summer:regular,LCS:2020:summer:regular:event-group-06,6,2020-07-18T00:30:49Z,2020-07-19T22:33:42Z,2020-07-18T00:30:49Z,player-model-v2-historical-target-period-start-v1,FROZEN_COMPETITION_LOCAL_EVENT_GROUP_GAP_GT_3_DAYS,Stage 3D competition/split/stage and event date,new local group after more than three empty event dates,label-blind deterministic grouping; no ISO calendar week,PASS_CONSERVATIVE_RETROSPECTIVE_CUTOFF
period:fe3df3b5886d9a4a5234,LCS,2020,LCS:2020:summer,LCS:2020:summer:regular,LCS:2020:summer:regular:event-group-07,7,2020-07-25T00:38:07Z,2020-07-26T22:46:26Z,2020-07-25T00:38:07Z,player-model-v2-historical-target-period-start-v1,FROZEN_COMPETITION_LOCAL_EVENT_GROUP_GAP_GT_3_DAYS,Stage 3D competition/split/stage and event date,new local group after more than three empty event dates,label-blind deterministic grouping; no ISO calendar week,PASS_CONSERVATIVE_RETROSPECTIVE_CUTOFF
period:3e89f4975798019beec8,LCS,2020,LCS:2020:summer,LCS:2020:summer:regular,LCS:2020:summer:regular:event-group-08,8,2020-08-01T00:35:44Z,2020-08-02T22:41:45Z,2020-08-01T00:35:44Z,player-model-v2-historical-target-period-start-v1,FROZEN_COMPETITION_LOCAL_EVENT_GROUP_GAP_GT_3_DAYS,Stage 3D competition/split/stage and event date,new local group after more than three empty event dates,label-blind deterministic grouping; no ISO calendar week,PASS_CONSERVATIVE_RETROSPECTIVE_CUTOFF
period:9cfbd3e5ecdd20626eed,LCS,2020,LCS:2020:summer,LCS:2020:summer:regular,LCS:2020:summer:regular:event-group-09,9,2020-08-08T00:43:41Z,2020-08-09T23:40:56Z,2020-08-08T00:43:41Z,player-model-v2-historical-target-period-start-v1,FROZEN_COMPETITION_LOCAL_EVENT_GROUP_GAP_GT_3_DAYS,Stage 3D competition/split/stage and event date,new local group after more than three empty event dates,label-blind deterministic grouping; no ISO calendar week,PASS_CONSERVATIVE_RETROSPECTIVE_CUTOFF
period:fcb777e33a04482e7bfb,LCS,2021,LCS:2021:spring,LCS:2021:spring:playoffs,LCS:2021:spring:playoffs:event-group-01,1,2021-01-15T23:10:17Z,2021-01-18T00:34:58Z,2021-01-15T23:10:17Z,player-model-v2-historical-target-period-start-v1,FROZEN_COMPETITION_LOCAL_EVENT_GROUP_GAP_GT_3_DAYS,Stage 3D competition/split/stage and event date,new local group after more than three empty event dates,label-blind deterministic grouping; no ISO calendar week,PASS_CONSERVATIVE_RETROSPECTIVE_CUTOFF
period:2e302fc7c4bd7a4b3864,LCS,2021,LCS:2021:spring,LCS:2021:spring:playoffs,LCS:2021:spring:playoffs:event-group-02,2,2021-01-22T22:29:56Z,2021-01-24T23:42:37Z,2021-01-22T22:29:56Z,player-model-v2-historical-target-period-start-v1,FROZEN_COMPETITION_LOCAL_EVENT_GROUP_GAP_GT_3_DAYS,Stage 3D competition/split/stage and event date,new local group after more than three empty event dates,label-blind deterministic grouping; no ISO calendar week,PASS_CONSERVATIVE_RETROSPECTIVE_CUTOFF
period:9b9f3f2ec839feb3a947,LCS,2021,LCS:2021:spring,LCS:2021:spring:playoffs,LCS:2021:spring:playoffs:event-group-03,3,2021-01-29T22:28:31Z,2021-02-01T00:12:52Z,2021-01-29T22:28:31Z,player-model-v2-historical-target-period-start-v1,FROZEN_COMPETITION_LOCAL_EVENT_GROUP_GAP_GT_3_DAYS,Stage 3D competition/split/stage and event date,new local group after more than three empty event dates,label-blind deterministic grouping; no ISO calendar week,PASS_CONSERVATIVE_RETROSPECTIVE_CUTOFF
period:4a6e60b4d46361a99310,LCS,2021,LCS:2021:spring,LCS:2021:spring:playoffs,LCS:2021:spring:playoffs:event-group-04,4,2021-03-20T19:21:03Z,2021-03-21T21:41:33Z,2021-03-20T19:21:03Z,player-model-v2-historical-target-period-start-v1,FROZEN_COMPETITION_LOCAL_EVENT_GROUP_GAP_GT_3_DAYS,Stage 3D competition/split/stage and event date,new local group after more than three empty event dates,label-blind deterministic grouping; no ISO calendar week,PASS_CONSERVATIVE_RETROSPECTIVE_CUTOFF
period:22dfd57f1594beeba715,LCS,2021,LCS:2021:spring,LCS:2021:spring:playoffs,LCS:2021:spring:playoffs:event-group-05,5,2021-03-27T19:16:36Z,2021-03-28T21:40:13Z,2021-03-27T19:16:36Z,player-model-v2-historical-target-period-start-v1,FROZEN_COMPETITION_LOCAL_EVENT_GROUP_GAP_GT_3_DAYS,Stage 3D competition/split/stage and event date,new local group after more than three empty event dates,label-blind deterministic grouping; no ISO calendar week,PASS_CONSERVATIVE_RETROSPECTIVE_CUTOFF
period:8e2682918e14580d212b,LCS,2021,LCS:2021:spring,LCS:2021:spring:playoffs,LCS:2021:spring:playoffs:event-group-06,6,2021-04-03T19:17:31Z,2021-04-04T22:50:51Z,2021-04-03T19:17:31Z,player-model-v2-historical-target-period-start-v1,FROZEN_COMPETITION_LOCAL_EVENT_GROUP_GAP_GT_3_DAYS,Stage 3D competition/split/stage and event date,new local group after more than three empty event dates,label-blind deterministic grouping; no ISO calendar week,PASS_CONSERVATIVE_RETROSPECTIVE_CUTOFF
period:759dd00fd0d693b754cc,LCS,2021,LCS:2021:spring,LCS:2021:spring:playoffs,LCS:2021:spring:playoffs:event-group-07,7,2021-04-10T19:41:22Z,2021-04-12T01:19:15Z,2021-04-10T19:41:22Z,player-model-v2-historical-target-period-start-v1,FROZEN_COMPETITION_LOCAL_EVENT_GROUP_GAP_GT_3_DAYS,Stage 3D competition/split/stage and event date,new local group after more than three empty event dates,label-blind deterministic grouping; no ISO calendar week,PASS_CONSERVATIVE_RETROSPECTIVE_CUTOFF
period:7c66db573c65177b96bf,LCS,2021,LCS:2021:spring,LCS:2021:spring:regular,LCS:2021:spring:regular:event-group-01,1,2021-02-05T22:24:44Z,2021-02-08T00:34:43Z,2021-02-05T22:24:44Z,player-model-v2-historical-target-period-start-v1,FROZEN_COMPETITION_LOCAL_EVENT_GROUP_GAP_GT_3_DAYS,Stage 3D competition/split/stage and event date,new local group after more than three empty event dates,label-blind deterministic grouping; no ISO calendar week,PASS_CONSERVATIVE_RETROSPECTIVE_CUTOFF
period:19d1212ec047ea2c2e1c,LCS,2021,LCS:2021:spring,LCS:2021:spring:regular,LCS:2021:spring:regular:event-group-02,2,2021-02-12T22:29:59Z,2021-02-15T00:34:17Z,2021-02-12T22:29:59Z,player-model-v2-historical-target-period-start-v1,FROZEN_COMPETITION_LOCAL_EVENT_GROUP_GAP_GT_3_DAYS,Stage 3D competition/split/stage and event date,new local group after more than three empty event dates,label-blind deterministic grouping; no ISO calendar week,PASS_CONSERVATIVE_RETROSPECTIVE_CUTOFF
period:577ed5ecd652eb981e79,LCS,2021,LCS:2021:spring,LCS:2021:spring:regular,LCS:2021:spring:regular:event-group-03,3,2021-02-19T22:21:31Z,2021-02-22T01:10:12Z,2021-02-19T22:21:31Z,player-model-v2-historical-target-period-start-v1,FROZEN_COMPETITION_LOCAL_EVENT_GROUP_GAP_GT_3_DAYS,Stage 3D competition/split/stage and event date,new local group after more than three empty event dates,label-blind deterministic grouping; no ISO calendar week,PASS_CONSERVATIVE_RETROSPECTIVE_CUTOFF
period:3482fd65afd711052651,LCS,2021,LCS:2021:spring,LCS:2021:spring:regular,LCS:2021:spring:regular:event-group-04,4,2021-02-26T22:23:25Z,2021-03-01T00:45:51Z,2021-02-26T22:23:25Z,player-model-v2-historical-target-period-start-v1,FROZEN_COMPETITION_LOCAL_EVENT_GROUP_GAP_GT_3_DAYS,Stage 3D competition/split/stage and event date,new local group after more than three empty event dates,label-blind deterministic grouping; no ISO calendar week,PASS_CONSERVATIVE_RETROSPECTIVE_CUTOFF
period:433079f36e14953ffe3e,LCS,2021,LCS:2021:spring,LCS:2021:spring:regular,LCS:2021:spring:regular:event-group-05,5,2021-03-05T22:15:28Z,2021-03-08T01:01:49Z,2021-03-05T22:15:28Z,player-model-v2-historical-target-period-start-v1,FROZEN_COMPETITION_LOCAL_EVENT_GROUP_GAP_GT_3_DAYS,Stage 3D competition/split/stage and event date,new local group after more than three empty event dates,label-blind deterministic grouping; no ISO calendar week,PASS_CONSERVATIVE_RETROSPECTIVE_CUTOFF
period:2eea81e5fabdc42a729f,LCS,2021,LCS:2021:spring,LCS:2021:spring:regular,LCS:2021:spring:regular:event-group-06,6,2021-03-12T22:24:45Z,2021-03-14T23:48:29Z,2021-03-12T22:24:45Z,player-model-v2-historical-target-period-start-v1,FROZEN_COMPETITION_LOCAL_EVENT_GROUP_GAP_GT_3_DAYS,Stage 3D competition/split/stage and event date,new local group after more than three empty event dates,label-blind deterministic grouping; no ISO calendar week,PASS_CONSERVATIVE_RETROSPECTIVE_CUTOFF
period:a8f8fd7e2f96bbacb87c,LCS,2021,LCS:2021:summer,LCS:2021:summer:playoffs,LCS:2021:summer:playoffs:event-group-01,1,2021-08-07T20:23:28Z,2021-08-08T22:40:26Z,2021-08-07T20:23:28Z,player-model-v2-historical-target-period-start-v1,FROZEN_COMPETITION_LOCAL_EVENT_GROUP_GAP_GT_3_DAYS,Stage 3D competition/split/stage and event date,new local group after more than three empty event dates,label-blind deterministic grouping; no ISO calendar week,PASS_CONSERVATIVE_RETROSPECTIVE_CUTOFF
period:3951db25bbaff1ec59cd,LCS,2021,LCS:2021:summer,LCS:2021:summer:playoffs,LCS:2021:summer:playoffs:event-group-02,2,2021-08-12T21:13:39Z,2021-08-15T22:50:13Z,2021-08-12T21:13:39Z,player-model-v2-historical-target-period-start-v1,FROZEN_COMPETITION_LOCAL_EVENT_GROUP_GAP_GT_3_DAYS,Stage 3D competition/split/stage and event date,new local group after more than three empty event dates,label-blind deterministic grouping; no ISO calendar week,PASS_CONSERVATIVE_RETROSPECTIVE_CUTOFF
period:7c5e83ab4c6a7ca8c86a,LCS,2021,LCS:2021:summer,LCS:2021:summer:playoffs,LCS:2021:summer:playoffs:event-group-03,3,2021-08-19T21:11:40Z,2021-08-22T23:51:54Z,2021-08-19T21:11:40Z,player-model-v2-historical-target-period-start-v1,FROZEN_COMPETITION_LOCAL_EVENT_GROUP_GAP_GT_3_DAYS,Stage 3D competition/split/stage and event date,new local group after more than three empty event dates,label-blind deterministic grouping; no ISO calendar week,PASS_CONSERVATIVE_RETROSPECTIVE_CUTOFF
period:dbb9ba645ae8a19c6555,LCS,2021,LCS:2021:summer,LCS:2021:summer:playoffs,LCS:2021:summer:playoffs:event-group-04,4,2021-08-28T19:41:05Z,2021-08-29T21:42:24Z,2021-08-28T19:41:05Z,player-model-v2-historical-target-period-start-v1,FROZEN_COMPETITION_LOCAL_EVENT_GROUP_GAP_GT_3_DAYS,Stage 3D competition/split/stage and event date,new local group after more than three empty event dates,label-blind deterministic grouping; no ISO calendar week,PASS_CONSERVATIVE_RETROSPECTIVE_CUTOFF
period:debddf61a872640eadfb,LCS,2021,LCS:2021:summer,LCS:2021:summer:regular,LCS:2021:summer:regular:event-group-01,1,2021-06-04T22:02:02Z,2021-06-07T00:24:24Z,2021-06-04T22:02:02Z,player-model-v2-historical-target-period-start-v1,FROZEN_COMPETITION_LOCAL_EVENT_GROUP_GAP_GT_3_DAYS,Stage 3D competition/split/stage and event date,new local group after more than three empty event dates,label-blind deterministic grouping; no ISO calendar week,PASS_CONSERVATIVE_RETROSPECTIVE_CUTOFF
period:24ddb9953986c3386cb5,LCS,2021,LCS:2021:summer,LCS:2021:summer:regular,LCS:2021:summer:regular:event-group-02,2,2021-06-11T21:37:50Z,2021-06-13T23:43:02Z,2021-06-11T21:37:50Z,player-model-v2-historical-target-period-start-v1,FROZEN_COMPETITION_LOCAL_EVENT_GROUP_GAP_GT_3_DAYS,Stage 3D competition/split/stage and event date,new local group after more than three empty event dates,label-blind deterministic grouping; no ISO calendar week,PASS_CONSERVATIVE_RETROSPECTIVE_CUTOFF
period:111e9dfa6ccd70cbab3b,LCS,2021,LCS:2021:summer,LCS:2021:summer:regular,LCS:2021:summer:regular:event-group-03,3,2021-06-18T21:02:38Z,2021-06-21T00:37:58Z,2021-06-18T21:02:38Z,player-model-v2-historical-target-period-start-v1,FROZEN_COMPETITION_LOCAL_EVENT_GROUP_GAP_GT_3_DAYS,Stage 3D competition/split/stage and event date,new local group after more than three empty event dates,label-blind deterministic grouping; no ISO calendar week,PASS_CONSERVATIVE_RETROSPECTIVE_CUTOFF
period:32c02d32a3c87111d752,LCS,2021,LCS:2021:summer,LCS:2021:summer:regular,LCS:2021:summer:regular:event-group-04,4,2021-06-25T21:33:16Z,2021-06-28T00:15:18Z,2021-06-25T21:33:16Z,player-model-v2-historical-target-period-start-v1,FROZEN_COMPETITION_LOCAL_EVENT_GROUP_GAP_GT_3_DAYS,Stage 3D competition/split/stage and event date,new local group after more than three empty event dates,label-blind deterministic grouping; no ISO calendar week,PASS_CONSERVATIVE_RETROSPECTIVE_CUTOFF
period:4f8f85e36ba842416702,LCS,2021,LCS:2021:summer,LCS:2021:summer:regular,LCS:2021:summer:regular:event-group-05,5,2021-07-02T21:10:28Z,2021-07-05T00:03:53Z,2021-07-02T21:10:28Z,player-model-v2-historical-target-period-start-v1,FROZEN_COMPETITION_LOCAL_EVENT_GROUP_GAP_GT_3_DAYS,Stage 3D competition/split/stage and event date,new local group after more than three empty event dates,label-blind deterministic grouping; no ISO calendar week,PASS_CONSERVATIVE_RETROSPECTIVE_CUTOFF
period:490dcd8b072f0c76bfcd,LCS,2021,LCS:2021:summer,LCS:2021:summer:regular,LCS:2021:summer:regular:event-group-06,6,2021-07-09T21:35:31Z,2021-07-11T23:33:24Z,2021-07-09T21:35:31Z,player-model-v2-historical-target-period-start-v1,FROZEN_COMPETITION_LOCAL_EVENT_GROUP_GAP_GT_3_DAYS,Stage 3D competition/split/stage and event date,new local group after more than three empty event dates,label-blind deterministic grouping; no ISO calendar week,PASS_CONSERVATIVE_RETROSPECTIVE_CUTOFF
period:5ede35b384e34b4e7cf7,LCS,2021,LCS:2021:summer,LCS:2021:summer:regular,LCS:2021:summer:regular:event-group-07,7,2021-07-16T21:20:22Z,2021-07-18T23:54:05Z,2021-07-16T21:20:22Z,player-model-v2-historical-target-period-start-v1,FROZEN_COMPETITION_LOCAL_EVENT_GROUP_GAP_GT_3_DAYS,Stage 3D competition/split/stage and event date,new local group after more than three empty event dates,label-blind deterministic grouping; no ISO calendar week,PASS_CONSERVATIVE_RETROSPECTIVE_CUTOFF
period:5befa75590802ab7de54,LCS,2021,LCS:2021:summer,LCS:2021:summer:regular,LCS:2021:summer:regular:event-group-08,8,2021-07-23T20:58:06Z,2021-07-25T23:42:16Z,2021-07-23T20:58:06Z,player-model-v2-historical-target-period-start-v1,FROZEN_COMPETITION_LOCAL_EVENT_GROUP_GAP_GT_3_DAYS,Stage 3D competition/split/stage and event date,new local group after more than three empty event dates,label-blind deterministic grouping; no ISO calendar week,PASS_CONSERVATIVE_RETROSPECTIVE_CUTOFF
period:afb91f11a5c9c66cc35b,LCS,2021,LCS:2021:summer,LCS:2021:summer:regular,LCS:2021:summer:regular:event-group-09,9,2021-07-30T21:12:55Z,2021-08-01T23:43:37Z,2021-07-30T21:12:55Z,player-model-v2-historical-target-period-start-v1,FROZEN_COMPETITION_LOCAL_EVENT_GROUP_GAP_GT_3_DAYS,Stage 3D competition/split/stage and event date,new local group after more than three empty event dates,label-blind deterministic grouping; no ISO calendar week,PASS_CONSERVATIVE_RETROSPECTIVE_CUTOFF
period:3921ed3cc984afb56c50,LCS,2022,LCS:2022:spring,LCS:2022:spring:playoffs,LCS:2022:spring:playoffs:event-group-01,1,2022-01-14T21:26:31Z,2022-01-16T23:57:17Z,2022-01-14T21:26:31Z,player-model-v2-historical-target-period-start-v1,FROZEN_COMPETITION_LOCAL_EVENT_GROUP_GAP_GT_3_DAYS,Stage 3D competition/split/stage and event date,new local group after more than three empty event dates,label-blind deterministic grouping; no ISO calendar week,PASS_CONSERVATIVE_RETROSPECTIVE_CUTOFF
period:ea5caa919fbd4b75da18,LCS,2022,LCS:2022:spring,LCS:2022:spring:playoffs,LCS:2022:spring:playoffs:event-group-02,2,2022-01-21T21:45:47Z,2022-01-23T23:55:27Z,2022-01-21T21:45:47Z,player-model-v2-historical-target-period-start-v1,FROZEN_COMPETITION_LOCAL_EVENT_GROUP_GAP_GT_3_DAYS,Stage 3D competition/split/stage and event date,new local group after more than three empty event dates,label-blind deterministic grouping; no ISO calendar week,PASS_CONSERVATIVE_RETROSPECTIVE_CUTOFF
period:3b01aa4d9786587a33b3,LCS,2022,LCS:2022:spring,LCS:2022:spring:playoffs,LCS:2022:spring:playoffs:event-group-03,3,2022-01-28T21:53:04Z,2022-01-30T21:59:02Z,2022-01-28T21:53:04Z,player-model-v2-historical-target-period-start-v1,FROZEN_COMPETITION_LOCAL_EVENT_GROUP_GAP_GT_3_DAYS,Stage 3D competition/split/stage and event date,new local group after more than three empty event dates,label-blind deterministic grouping; no ISO calendar week,PASS_CONSERVATIVE_RETROSPECTIVE_CUTOFF
period:5a26c3b6318c7b633520,LCS,2022,LCS:2022:spring,LCS:2022:spring:regular,LCS:2022:spring:regular:event-group-01,1,2022-02-05T20:33:18Z,2022-02-07T00:30:16Z,2022-02-05T20:33:18Z,player-model-v2-historical-target-period-start-v1,FROZEN_COMPETITION_LOCAL_EVENT_GROUP_GAP_GT_3_DAYS,Stage 3D competition/split/stage and event date,new local group after more than three empty event dates,label-blind deterministic grouping; no ISO calendar week,PASS_CONSERVATIVE_RETROSPECTIVE_CUTOFF
period:44168f74464b99791ba3,LCS,2022,LCS:2022:spring,LCS:2022:spring:regular,LCS:2022:spring:regular:event-group-02,2,2022-02-12T20:53:38Z,2022-02-14T00:28:02Z,2022-02-12T20:53:38Z,player-model-v2-historical-target-period-start-v1,FROZEN_COMPETITION_LOCAL_EVENT_GROUP_GAP_GT_3_DAYS,Stage 3D competition/split/stage and event date,new local group after more than three empty event dates,label-blind deterministic grouping; no ISO calendar week,PASS_CONSERVATIVE_RETROSPECTIVE_CUTOFF
period:466f661effb9208a840b,LCS,2022,LCS:2022:spring,LCS:2022:spring:regular,LCS:2022:spring:regular:event-group-03,3,2022-02-19T20:54:27Z,2022-02-21T00:57:57Z,2022-02-19T20:54:27Z,player-model-v2-historical-target-period-start-v1,FROZEN_COMPETITION_LOCAL_EVENT_GROUP_GAP_GT_3_DAYS,Stage 3D competition/split/stage and event date,new local group after more than three empty event dates,label-blind deterministic grouping; no ISO calendar week,PASS_CONSERVATIVE_RETROSPECTIVE_CUTOFF
period:4138ca482beb4344e9ad,LCS,2022,LCS:2022:spring,LCS:2022:spring:regular,LCS:2022:spring:regular:event-group-04,4,2022-02-25T22:37:00Z,2022-02-28T00:07:27Z,2022-02-25T22:37:00Z,player-model-v2-historical-target-period-start-v1,FROZEN_COMPETITION_LOCAL_EVENT_GROUP_GAP_GT_3_DAYS,Stage 3D competition/split/stage and event date,new local group after more than three empty event dates,label-blind deterministic grouping; no ISO calendar week,PASS_CONSERVATIVE_RETROSPECTIVE_CUTOFF
period:7a928b9ecc895d38667e,LCS,2022,LCS:2022:spring,LCS:2022:spring:regular,LCS:2022:spring:regular:event-group-05,5,2022-03-05T21:01:58Z,2022-03-07T00:03:08Z,2022-03-05T21:01:58Z,player-model-v2-historical-target-period-start-v1,FROZEN_COMPETITION_LOCAL_EVENT_GROUP_GAP_GT_3_DAYS,Stage 3D competition/split/stage and event date,new local group after more than three empty event dates,label-blind deterministic grouping; no ISO calendar week,PASS_CONSERVATIVE_RETROSPECTIVE_CUTOFF
period:bfbcb255cff7d2c3894f,LCS,2022,LCS:2022:spring,LCS:2022:spring:regular,LCS:2022:spring:regular:event-group-06,6,2022-03-12T21:07:29Z,2022-03-13T23:02:48Z,2022-03-12T21:07:29Z,player-model-v2-historical-target-period-start-v1,FROZEN_COMPETITION_LOCAL_EVENT_GROUP_GAP_GT_3_DAYS,Stage 3D competition/split/stage and event date,new local group after more than three empty event dates,label-blind deterministic grouping; no ISO calendar week,PASS_CONSERVATIVE_RETROSPECTIVE_CUTOFF
period:9a704a25f780f56ebe1b,LCS,2022,LCS:2022:spring,LCS:2022:spring:regular,LCS:2022:spring:regular:event-group-07,7,2022-03-19T19:32:42Z,2022-03-20T23:33:01Z,2022-03-19T19:32:42Z,player-model-v2-historical-target-period-start-v1,FROZEN_COMPETITION_LOCAL_EVENT_GROUP_GAP_GT_3_DAYS,Stage 3D competition/split/stage and event date,new local group after more than three empty event dates,label-blind deterministic grouping; no ISO calendar week,PASS_CONSERVATIVE_RETROSPECTIVE_CUTOFF
period:2543e9e0dda5edca0977,LCS,2022,LCS:2022:spring,LCS:2022:spring:regular,LCS:2022:spring:regular:event-group-08,8,2022-03-25T20:43:57Z,2022-03-28T01:05:19Z,2022-03-25T20:43:57Z,player-model-v2-historical-target-period-start-v1,FROZEN_COMPETITION_LOCAL_EVENT_GROUP_GAP_GT_3_DAYS,Stage 3D competition/split/stage and event date,new local group after more than three empty event dates,label-blind deterministic grouping; no ISO calendar week,PASS_CONSERVATIVE_RETROSPECTIVE_CUTOFF
period:fcd21c282bb6eb984919,LCS,2022,LCS:2022:summer,LCS:2022:summer:playoffs,LCS:2022:summer:playoffs:event-group-01,1,2022-08-20T19:32:26Z,2022-08-21T23:47:14Z,2022-08-20T19:32:26Z,player-model-v2-historical-target-period-start-v1,FROZEN_COMPETITION_LOCAL_EVENT_GROUP_GAP_GT_3_DAYS,Stage 3D competition/split/stage and event date,new local group after more than three empty event dates,label-blind deterministic grouping; no ISO calendar week,PASS_CONSERVATIVE_RETROSPECTIVE_CUTOFF
period:f6ad6d70568c5aa4ddb9,LCS,2022,LCS:2022:summer,LCS:2022:summer:playoffs,LCS:2022:summer:playoffs:event-group-02,2,2022-08-25T19:37:29Z,2022-08-28T22:40:24Z,2022-08-25T19:37:29Z,player-model-v2-historical-target-period-start-v1,FROZEN_COMPETITION_LOCAL_EVENT_GROUP_GAP_GT_3_DAYS,Stage 3D competition/split/stage and event date,new local group after more than three empty event dates,label-blind deterministic grouping; no ISO calendar week,PASS_CONSERVATIVE_RETROSPECTIVE_CUTOFF
period:f14a4fb0f93da34e9201,LCS,2022,LCS:2022:summer,LCS:2022:summer:playoffs,LCS:2022:summer:playoffs:event-group-03,3,2022-09-01T19:27:30Z,2022-09-04T23:38:13Z,2022-09-01T19:27:30Z,player-model-v2-historical-target-period-start-v1,FROZEN_COMPETITION_LOCAL_EVENT_GROUP_GAP_GT_3_DAYS,Stage 3D competition/split/stage and event date,new local group after more than three empty event dates,label-blind deterministic grouping; no ISO calendar week,PASS_CONSERVATIVE_RETROSPECTIVE_CUTOFF
period:f4e76c51fd962159c780,LCS,2022,LCS:2022:summer,LCS:2022:summer:playoffs,LCS:2022:summer:playoffs:event-group-04,4,2022-09-10T19:07:58Z,2022-09-11T21:34:49Z,2022-09-10T19:07:58Z,player-model-v2-historical-target-period-start-v1,FROZEN_COMPETITION_LOCAL_EVENT_GROUP_GAP_GT_3_DAYS,Stage 3D competition/split/stage and event date,new local group after more than three empty event dates,label-blind deterministic grouping; no ISO calendar week,PASS_CONSERVATIVE_RETROSPECTIVE_CUTOFF
period:4c81af754b6b135da741,LCS,2022,LCS:2022:summer,LCS:2022:summer:regular,LCS:2022:summer:regular:event-group-01,1,2022-06-17T21:46:00Z,2022-06-19T23:18:46Z,2022-06-17T21:46:00Z,player-model-v2-historical-target-period-start-v1,FROZEN_COMPETITION_LOCAL_EVENT_GROUP_GAP_GT_3_DAYS,Stage 3D competition/split/stage and event date,new local group after more than three empty event dates,label-blind deterministic grouping; no ISO calendar week,PASS_CONSERVATIVE_RETROSPECTIVE_CUTOFF
period:9098ed2cd53d3e50498b,LCS,2022,LCS:2022:summer,LCS:2022:summer:regular,LCS:2022:summer:regular:event-group-02,2,2022-06-25T20:09:54Z,2022-06-26T23:38:06Z,2022-06-25T20:09:54Z,player-model-v2-historical-target-period-start-v1,FROZEN_COMPETITION_LOCAL_EVENT_GROUP_GAP_GT_3_DAYS,Stage 3D competition/split/stage and event date,new local group after more than three empty event dates,label-blind deterministic grouping; no ISO calendar week,PASS_CONSERVATIVE_RETROSPECTIVE_CUTOFF
period:bd5d15bd6830501052ed,LCS,2022,LCS:2022:summer,LCS:2022:summer:regular,LCS:2022:summer:regular:event-group-03,3,2022-07-02T20:14:47Z,2022-07-03T22:51:23Z,2022-07-02T20:14:47Z,player-model-v2-historical-target-period-start-v1,FROZEN_COMPETITION_LOCAL_EVENT_GROUP_GAP_GT_3_DAYS,Stage 3D competition/split/stage and event date,new local group after more than three empty event dates,label-blind deterministic grouping; no ISO calendar week,PASS_CONSERVATIVE_RETROSPECTIVE_CUTOFF
period:a1385753e89a22ad7415,LCS,2022,LCS:2022:summer,LCS:2022:summer:regular,LCS:2022:summer:regular:event-group-04,4,2022-07-16T20:31:00Z,2022-07-17T23:17:22Z,2022-07-16T20:31:00Z,player-model-v2-historical-target-period-start-v1,FROZEN_COMPETITION_LOCAL_EVENT_GROUP_GAP_GT_3_DAYS,Stage 3D competition/split/stage and event date,new local group after more than three empty event dates,label-blind deterministic grouping; no ISO calendar week,PASS_CONSERVATIVE_RETROSPECTIVE_CUTOFF
period:d36d780bd6e08d095d27,LCS,2022,LCS:2022:summer,LCS:2022:summer:regular,LCS:2022:summer:regular:event-group-05,5,2022-07-23T20:43:00Z,2022-07-24T23:08:16Z,2022-07-23T20:43:00Z,player-model-v2-historical-target-period-start-v1,FROZEN_COMPETITION_LOCAL_EVENT_GROUP_GAP_GT_3_DAYS,Stage 3D competition/split/stage and event date,new local group after more than three empty event dates,label-blind deterministic grouping; no ISO calendar week,PASS_CONSERVATIVE_RETROSPECTIVE_CUTOFF
period:ab4c55f2271a097a29e2,LCS,2022,LCS:2022:summer,LCS:2022:summer:regular,LCS:2022:summer:regular:event-group-06,6,2022-07-30T20:03:25Z,2022-07-31T23:04:53Z,2022-07-30T20:03:25Z,player-model-v2-historical-target-period-start-v1,FROZEN_COMPETITION_LOCAL_EVENT_GROUP_GAP_GT_3_DAYS,Stage 3D competition/split/stage and event date,new local group after more than three empty event dates,label-blind deterministic grouping; no ISO calendar week,PASS_CONSERVATIVE_RETROSPECTIVE_CUTOFF
period:9310314000d1dccfe6ae,LCS,2022,LCS:2022:summer,LCS:2022:summer:regular,LCS:2022:summer:regular:event-group-07,7,2022-08-06T20:08:43Z,2022-08-07T23:21:33Z,2022-08-06T20:08:43Z,player-model-v2-historical-target-period-start-v1,FROZEN_COMPETITION_LOCAL_EVENT_GROUP_GAP_GT_3_DAYS,Stage 3D competition/split/stage and event date,new local group after more than three empty event dates,label-blind deterministic grouping; no ISO calendar week,PASS_CONSERVATIVE_RETROSPECTIVE_CUTOFF
period:e268d0eb9109f8185a29,LCS,2022,LCS:2022:summer,LCS:2022:summer:regular,LCS:2022:summer:regular:event-group-08,8,2022-08-12T20:55:46Z,2022-08-15T00:39:30Z,2022-08-12T20:55:46Z,player-model-v2-historical-target-period-start-v1,FROZEN_COMPETITION_LOCAL_EVENT_GROUP_GAP_GT_3_DAYS,Stage 3D competition/split/stage and event date,new local group after more than three empty event dates,label-blind deterministic grouping; no ISO calendar week,PASS_CONSERVATIVE_RETROSPECTIVE_CUTOFF
period:95c58b937c0fcc3e92b9,LCS,2022,LCS:2022:unknown,LCS:2022:unknown:playoffs,LCS:2022:unknown:playoffs:event-group-01,1,2022-04-02T20:00:26Z,2022-04-03T23:08:52Z,2022-04-02T20:00:26Z,player-model-v2-historical-target-period-start-v1,FROZEN_COMPETITION_LOCAL_EVENT_GROUP_GAP_GT_3_DAYS,Stage 3D competition/split/stage and event date,new local group after more than three empty event dates,label-blind deterministic grouping; no ISO calendar week,PASS_CONSERVATIVE_RETROSPECTIVE_CUTOFF
period:feb156c0b7ef67e8a92a,LCS,2022,LCS:2022:unknown,LCS:2022:unknown:playoffs,LCS:2022:unknown:playoffs:event-group-02,2,2022-04-09T20:43:33Z,2022-04-10T22:35:22Z,2022-04-09T20:43:33Z,player-model-v2-historical-target-period-start-v1,FROZEN_COMPETITION_LOCAL_EVENT_GROUP_GAP_GT_3_DAYS,Stage 3D competition/split/stage and event date,new local group after more than three empty event dates,label-blind deterministic grouping; no ISO calendar week,PASS_CONSERVATIVE_RETROSPECTIVE_CUTOFF
period:8e4979ebdc36578e98ba,LCS,2022,LCS:2022:unknown,LCS:2022:unknown:playoffs,LCS:2022:unknown:playoffs:event-group-03,3,2022-04-16T20:06:15Z,2022-04-17T21:05:29Z,2022-04-16T20:06:15Z,player-model-v2-historical-target-period-start-v1,FROZEN_COMPETITION_LOCAL_EVENT_GROUP_GAP_GT_3_DAYS,Stage 3D competition/split/stage and event date,new local group after more than three empty event dates,label-blind deterministic grouping; no ISO calendar week,PASS_CONSERVATIVE_RETROSPECTIVE_CUTOFF
period:8036ed58940a8d2ab607,LCS,2022,LCS:2022:unknown,LCS:2022:unknown:playoffs,LCS:2022:unknown:playoffs:event-group-04,4,2022-04-23T18:36:24Z,2022-04-24T21:14:20Z,2022-04-23T18:36:24Z,player-model-v2-historical-target-period-start-v1,FROZEN_COMPETITION_LOCAL_EVENT_GROUP_GAP_GT_3_DAYS,Stage 3D competition/split/stage and event date,new local group after more than three empty event dates,label-blind deterministic grouping; no ISO calendar week,PASS_CONSERVATIVE_RETROSPECTIVE_CUTOFF
period:d990ac8b125022094901,LCS,2023,LCS:2023:spring,LCS:2023:spring:playoffs,LCS:2023:spring:playoffs:event-group-01,1,2023-03-23T21:10:53Z,2023-03-26T22:57:23Z,2023-03-23T21:10:53Z,player-model-v2-historical-target-period-start-v1,FROZEN_COMPETITION_LOCAL_EVENT_GROUP_GAP_GT_3_DAYS,Stage 3D competition/split/stage and event date,new local group after more than three empty event dates,label-blind deterministic grouping; no ISO calendar week,PASS_CONSERVATIVE_RETROSPECTIVE_CUTOFF
period:d33d87118e30f5daa86a,LCS,2023,LCS:2023:spring,LCS:2023:spring:playoffs,LCS:2023:spring:playoffs:event-group-02,2,2023-03-30T21:09:21Z,2023-03-31T22:45:31Z,2023-03-30T21:09:21Z,player-model-v2-historical-target-period-start-v1,FROZEN_COMPETITION_LOCAL_EVENT_GROUP_GAP_GT_3_DAYS,Stage 3D competition/split/stage and event date,new local group after more than three empty event dates,label-blind deterministic grouping; no ISO calendar week,PASS_CONSERVATIVE_RETROSPECTIVE_CUTOFF
period:f52e10acfa6d747a4c9d,LCS,2023,LCS:2023:spring,LCS:2023:spring:playoffs,LCS:2023:spring:playoffs:event-group-03,3,2023-04-08T20:17:16Z,2023-04-09T23:35:52Z,2023-04-08T20:17:16Z,player-model-v2-historical-target-period-start-v1,FROZEN_COMPETITION_LOCAL_EVENT_GROUP_GAP_GT_3_DAYS,Stage 3D competition/split/stage and event date,new local group after more than three empty event dates,label-blind deterministic grouping; no ISO calendar week,PASS_CONSERVATIVE_RETROSPECTIVE_CUTOFF
period:452655f2bc33b5b76085,LCS,2023,LCS:2023:spring,LCS:2023:spring:regular,LCS:2023:spring:regular:event-group-01,1,2023-01-26T22:16:48Z,2023-01-28T02:21:45Z,2023-01-26T22:16:48Z,player-model-v2-historical-target-period-start-v1,FROZEN_COMPETITION_LOCAL_EVENT_GROUP_GAP_GT_3_DAYS,Stage 3D competition/split/stage and event date,new local group after more than three empty event dates,label-blind deterministic grouping; no ISO calendar week,PASS_CONSERVATIVE_RETROSPECTIVE_CUTOFF
period:9ad2bd3e76204c678ee3,LCS,2023,LCS:2023:spring,LCS:2023:spring:regular,LCS:2023:spring:regular:event-group-02,2,2023-02-02T22:06:55Z,2023-02-04T02:34:45Z,2023-02-02T22:06:55Z,player-model-v2-historical-target-period-start-v1,FROZEN_COMPETITION_LOCAL_EVENT_GROUP_GAP_GT_3_DAYS,Stage 3D competition/split/stage and event date,new local group after more than three empty event dates,label-blind deterministic grouping; no ISO calendar week,PASS_CONSERVATIVE_RETROSPECTIVE_CUTOFF
period:5193f604ed2f15e301e1,LCS,2023,LCS:2023:spring,LCS:2023:spring:regular,LCS:2023:spring:regular:event-group-03,3,2023-02-09T22:07:17Z,2023-02-11T02:03:27Z,2023-02-09T22:07:17Z,player-model-v2-historical-target-period-start-v1,FROZEN_COMPETITION_LOCAL_EVENT_GROUP_GAP_GT_3_DAYS,Stage 3D competition/split/stage and event date,new local group after more than three empty event dates,label-blind deterministic grouping; no ISO calendar week,PASS_CONSERVATIVE_RETROSPECTIVE_CUTOFF
period:2b3de7782bdf56dc82d0,LCS,2023,LCS:2023:spring,LCS:2023:spring:regular,LCS:2023:spring:regular:event-group-04,4,2023-02-15T22:07:50Z,2023-02-18T02:00:56Z,2023-02-15T22:07:50Z,player-model-v2-historical-target-period-start-v1,FROZEN_COMPETITION_LOCAL_EVENT_GROUP_GAP_GT_3_DAYS,Stage 3D competition/split/stage and event date,new local group after more than three empty event dates,label-blind deterministic grouping; no ISO calendar week,PASS_CONSERVATIVE_RETROSPECTIVE_CUTOFF
period:36d3f31311f21e914d55,LCS,2023,LCS:2023:spring,LCS:2023:spring:regular,LCS:2023:spring:regular:event-group-05,5,2023-02-23T22:06:52Z,2023-02-25T02:05:51Z,2023-02-23T22:06:52Z,player-model-v2-historical-target-period-start-v1,FROZEN_COMPETITION_LOCAL_EVENT_GROUP_GAP_GT_3_DAYS,Stage 3D competition/split/stage and event date,new local group after more than three empty event dates,label-blind deterministic grouping; no ISO calendar week,PASS_CONSERVATIVE_RETROSPECTIVE_CUTOFF
period:83278694723ba910058b,LCS,2023,LCS:2023:spring,LCS:2023:spring:regular,LCS:2023:spring:regular:event-group-06,6,2023-03-02T22:08:20Z,2023-03-04T02:03:22Z,2023-03-02T22:08:20Z,player-model-v2-historical-target-period-start-v1,FROZEN_COMPETITION_LOCAL_EVENT_GROUP_GAP_GT_3_DAYS,Stage 3D competition/split/stage and event date,new local group after more than three empty event dates,label-blind deterministic grouping; no ISO calendar week,PASS_CONSERVATIVE_RETROSPECTIVE_CUTOFF
period:402a134be7abbe005149,LCS,2023,LCS:2023:spring,LCS:2023:spring:regular,LCS:2023:spring:regular:event-group-07,7,2023-03-09T22:22:41Z,2023-03-11T02:07:28Z,2023-03-09T22:22:41Z,player-model-v2-historical-target-period-start-v1,FROZEN_COMPETITION_LOCAL_EVENT_GROUP_GAP_GT_3_DAYS,Stage 3D competition/split/stage and event date,new local group after more than three empty event dates,label-blind deterministic grouping; no ISO calendar week,PASS_CONSERVATIVE_RETROSPECTIVE_CUTOFF
period:8d9d5d3f36e034ced562,LCS,2023,LCS:2023:spring,LCS:2023:spring:regular,LCS:2023:spring:regular:event-group-08,8,2023-03-15T21:07:53Z,2023-03-18T04:18:13Z,2023-03-15T21:07:53Z,player-model-v2-historical-target-period-start-v1,FROZEN_COMPETITION_LOCAL_EVENT_GROUP_GAP_GT_3_DAYS,Stage 3D competition/split/stage and event date,new local group after more than three empty event dates,label-blind deterministic grouping; no ISO calendar week,PASS_CONSERVATIVE_RETROSPECTIVE_CUTOFF
period:67a5ff4d5b051b402092,LCS,2023,LCS:2023:summer,LCS:2023:summer:playoffs,LCS:2023:summer:playoffs:event-group-01,1,2023-07-27T21:07:41Z,2023-07-29T00:12:40Z,2023-07-27T21:07:41Z,player-model-v2-historical-target-period-start-v1,FROZEN_COMPETITION_LOCAL_EVENT_GROUP_GAP_GT_3_DAYS,Stage 3D competition/split/stage and event date,new local group after more than three empty event dates,label-blind deterministic grouping; no ISO calendar week,PASS_CONSERVATIVE_RETROSPECTIVE_CUTOFF
period:4520b87081b51698489a,LCS,2023,LCS:2023:summer,LCS:2023:summer:playoffs,LCS:2023:summer:playoffs:event-group-02,2,2023-08-03T21:07:08Z,2023-08-06T23:58:34Z,2023-08-03T21:07:08Z,player-model-v2-historical-target-period-start-v1,FROZEN_COMPETITION_LOCAL_EVENT_GROUP_GAP_GT_3_DAYS,Stage 3D competition/split/stage and event date,new local group after more than three empty event dates,label-blind deterministic grouping; no ISO calendar week,PASS_CONSERVATIVE_RETROSPECTIVE_CUTOFF
period:a7fd1e72d2ba831ccc8d,LCS,2023,LCS:2023:summer,LCS:2023:summer:playoffs,LCS:2023:summer:playoffs:event-group-03,3,2023-08-10T21:10:37Z,2023-08-14T01:25:01Z,2023-08-10T21:10:37Z,player-model-v2-historical-target-period-start-v1,FROZEN_COMPETITION_LOCAL_EVENT_GROUP_GAP_GT_3_DAYS,Stage 3D competition/split/stage and event date,new local group after more than three empty event dates,label-blind deterministic grouping; no ISO calendar week,PASS_CONSERVATIVE_RETROSPECTIVE_CUTOFF
period:c21bdc9dc5e7a7f7922d,LCS,2023,LCS:2023:summer,LCS:2023:summer:playoffs,LCS:2023:summer:playoffs:event-group-04,4,2023-08-19T20:18:53Z,2023-08-20T23:14:37Z,2023-08-19T20:18:53Z,player-model-v2-historical-target-period-start-v1,FROZEN_COMPETITION_LOCAL_EVENT_GROUP_GAP_GT_3_DAYS,Stage 3D competition/split/stage and event date,new local group after more than three empty event dates,label-blind deterministic grouping; no ISO calendar week,PASS_CONSERVATIVE_RETROSPECTIVE_CUTOFF
period:3943367d2ce567a9fae3,LCS,2023,LCS:2023:summer,LCS:2023:summer:regular,LCS:2023:summer:regular:event-group-01,1,2023-06-14T21:13:03Z,2023-06-17T00:49:29Z,2023-06-14T21:13:03Z,player-model-v2-historical-target-period-start-v1,FROZEN_COMPETITION_LOCAL_EVENT_GROUP_GAP_GT_3_DAYS,Stage 3D competition/split/stage and event date,new local group after more than three empty event dates,label-blind deterministic grouping; no ISO calendar week,PASS_CONSERVATIVE_RETROSPECTIVE_CUTOFF
period:f2ee99995367bf0fc030,LCS,2023,LCS:2023:summer,LCS:2023:summer:regular,LCS:2023:summer:regular:event-group-02,2,2023-06-21T21:07:31Z,2023-06-24T00:55:55Z,2023-06-21T21:07:31Z,player-model-v2-historical-target-period-start-v1,FROZEN_COMPETITION_LOCAL_EVENT_GROUP_GAP_GT_3_DAYS,Stage 3D competition/split/stage and event date,new local group after more than three empty event dates,label-blind deterministic grouping; no ISO calendar week,PASS_CONSERVATIVE_RETROSPECTIVE_CUTOFF
period:c790283b449e6bb25672,LCS,2023,LCS:2023:summer,LCS:2023:summer:regular,LCS:2023:summer:regular:event-group-03,3,2023-06-28T21:06:50Z,2023-07-01T00:43:54Z,2023-06-28T21:06:50Z,player-model-v2-historical-target-period-start-v1,FROZEN_COMPETITION_LOCAL_EVENT_GROUP_GAP_GT_3_DAYS,Stage 3D competition/split/stage and event date,new local group after more than three empty event dates,label-blind deterministic grouping; no ISO calendar week,PASS_CONSERVATIVE_RETROSPECTIVE_CUTOFF
period:ff185424af4133395119,LCS,2023,LCS:2023:summer,LCS:2023:summer:regular,LCS:2023:summer:regular:event-group-04,4,2023-07-05T21:05:49Z,2023-07-08T01:09:51Z,2023-07-05T21:05:49Z,player-model-v2-historical-target-period-start-v1,FROZEN_COMPETITION_LOCAL_EVENT_GROUP_GAP_GT_3_DAYS,Stage 3D competition/split/stage and event date,new local group after more than three empty event dates,label-blind deterministic grouping; no ISO calendar week,PASS_CONSERVATIVE_RETROSPECTIVE_CUTOFF
period:36cf05276a8bbe55409a,LCS,2023,LCS:2023:summer,LCS:2023:summer:regular,LCS:2023:summer:regular:event-group-05,5,2023-07-12T21:06:58Z,2023-07-15T00:41:42Z,2023-07-12T21:06:58Z,player-model-v2-historical-target-period-start-v1,FROZEN_COMPETITION_LOCAL_EVENT_GROUP_GAP_GT_3_DAYS,Stage 3D competition/split/stage and event date,new local group after more than three empty event dates,label-blind deterministic grouping; no ISO calendar week,PASS_CONSERVATIVE_RETROSPECTIVE_CUTOFF
period:dd1399a0cf2f56138daa,LCS,2023,LCS:2023:summer,LCS:2023:summer:regular,LCS:2023:summer:regular:event-group-06,6,2023-07-19T21:07:18Z,2023-07-22T02:23:29Z,2023-07-19T21:07:18Z,player-model-v2-historical-target-period-start-v1,FROZEN_COMPETITION_LOCAL_EVENT_GROUP_GAP_GT_3_DAYS,Stage 3D competition/split/stage and event date,new local group after more than three empty event dates,label-blind deterministic grouping; no ISO calendar week,PASS_CONSERVATIVE_RETROSPECTIVE_CUTOFF
period:448a8f91622619afdbe7,LCS,2024,LCS:2024:spring,LCS:2024:spring:playoffs,LCS:2024:spring:playoffs:event-group-01,1,2024-03-14T20:08:02Z,2024-03-17T21:43:44Z,2024-03-14T20:08:02Z,player-model-v2-historical-target-period-start-v1,FROZEN_COMPETITION_LOCAL_EVENT_GROUP_GAP_GT_3_DAYS,Stage 3D competition/split/stage and event date,new local group after more than three empty event dates,label-blind deterministic grouping; no ISO calendar week,PASS_CONSERVATIVE_RETROSPECTIVE_CUTOFF
period:18a8b98d7b5d7f0b7105,LCS,2024,LCS:2024:spring,LCS:2024:spring:playoffs,LCS:2024:spring:playoffs:event-group-02,2,2024-03-22T20:08:04Z,2024-03-23T21:55:31Z,2024-03-22T20:08:04Z,player-model-v2-historical-target-period-start-v1,FROZEN_COMPETITION_LOCAL_EVENT_GROUP_GAP_GT_3_DAYS,Stage 3D competition/split/stage and event date,new local group after more than three empty event dates,label-blind deterministic grouping; no ISO calendar week,PASS_CONSERVATIVE_RETROSPECTIVE_CUTOFF
period:0c3bfca85acd014e625d,LCS,2024,LCS:2024:spring,LCS:2024:spring:playoffs,LCS:2024:spring:playoffs:event-group-03,3,2024-03-30T20:22:30Z,2024-03-31T22:47:00Z,2024-03-30T20:22:30Z,player-model-v2-historical-target-period-start-v1,FROZEN_COMPETITION_LOCAL_EVENT_GROUP_GAP_GT_3_DAYS,Stage 3D competition/split/stage and event date,new local group after more than three empty event dates,label-blind deterministic grouping; no ISO calendar week,PASS_CONSERVATIVE_RETROSPECTIVE_CUTOFF
period:27c11f42e65c97b901b8,LCS,2024,LCS:2024:spring,LCS:2024:spring:regular,LCS:2024:spring:regular:event-group-01,1,2024-01-20T20:15:01Z,2024-01-21T23:00:01Z,2024-01-20T20:15:01Z,player-model-v2-historical-target-period-start-v1,FROZEN_COMPETITION_LOCAL_EVENT_GROUP_GAP_GT_3_DAYS,Stage 3D competition/split/stage and event date,new local group after more than three empty event dates,label-blind deterministic grouping; no ISO calendar week,PASS_CONSERVATIVE_RETROSPECTIVE_CUTOFF
period:ab546300266e49331659,LCS,2024,LCS:2024:spring,LCS:2024:spring:regular,LCS:2024:spring:regular:event-group-02,2,2024-01-27T20:15:48Z,2024-01-28T22:51:09Z,2024-01-27T20:15:48Z,player-model-v2-historical-target-period-start-v1,FROZEN_COMPETITION_LOCAL_EVENT_GROUP_GAP_GT_3_DAYS,Stage 3D competition/split/stage and event date,new local group after more than three empty event dates,label-blind deterministic grouping; no ISO calendar week,PASS_CONSERVATIVE_RETROSPECTIVE_CUTOFF
period:f82eb58c594ccc349383,LCS,2024,LCS:2024:spring,LCS:2024:spring:regular,LCS:2024:spring:regular:event-group-03,3,2024-02-02T21:12:22Z,2024-02-04T23:23:54Z,2024-02-02T21:12:22Z,player-model-v2-historical-target-period-start-v1,FROZEN_COMPETITION_LOCAL_EVENT_GROUP_GAP_GT_3_DAYS,Stage 3D competition/split/stage and event date,new local group after more than three empty event dates,label-blind deterministic grouping; no ISO calendar week,PASS_CONSERVATIVE_RETROSPECTIVE_CUTOFF
period:06566a2ea584fecf6c15,LCS,2024,LCS:2024:spring,LCS:2024:spring:regular,LCS:2024:spring:regular:event-group-04,4,2024-02-10T21:07:54Z,2024-02-11T23:41:19Z,2024-02-10T21:07:54Z,player-model-v2-historical-target-period-start-v1,FROZEN_COMPETITION_LOCAL_EVENT_GROUP_GAP_GT_3_DAYS,Stage 3D competition/split/stage and event date,new local group after more than three empty event dates,label-blind deterministic grouping; no ISO calendar week,PASS_CONSERVATIVE_RETROSPECTIVE_CUTOFF
period:789a06731adc1e0c8798,LCS,2024,LCS:2024:spring,LCS:2024:spring:regular,LCS:2024:spring:regular:event-group-05,5,2024-03-02T21:07:29Z,2024-03-04T00:06:51Z,2024-03-02T21:07:29Z,player-model-v2-historical-target-period-start-v1,FROZEN_COMPETITION_LOCAL_EVENT_GROUP_GAP_GT_3_DAYS,Stage 3D competition/split/stage and event date,new local group after more than three empty event dates,label-blind deterministic grouping; no ISO calendar week,PASS_CONSERVATIVE_RETROSPECTIVE_CUTOFF
period:a0f9da327c11cf3cc717,LCS,2024,LCS:2024:spring,LCS:2024:spring:regular,LCS:2024:spring:regular:event-group-06,6,2024-03-08T21:07:46Z,2024-03-10T23:49:34Z,2024-03-08T21:07:46Z,player-model-v2-historical-target-period-start-v1,FROZEN_COMPETITION_LOCAL_EVENT_GROUP_GAP_GT_3_DAYS,Stage 3D competition/split/stage and event date,new local group after more than three empty event dates,label-blind deterministic grouping; no ISO calendar week,PASS_CONSERVATIVE_RETROSPECTIVE_CUTOFF
period:5218e82018c8910d187b,LCS,2024,LCS:2024:summer,LCS:2024:summer:playoffs,LCS:2024:summer:playoffs:event-group-01,1,2024-08-17T20:07:21Z,2024-08-18T22:50:10Z,2024-08-17T20:07:21Z,player-model-v2-historical-target-period-start-v1,FROZEN_COMPETITION_LOCAL_EVENT_GROUP_GAP_GT_3_DAYS,Stage 3D competition/split/stage and event date,new local group after more than three empty event dates,label-blind deterministic grouping; no ISO calendar week,PASS_CONSERVATIVE_RETROSPECTIVE_CUTOFF
period:c0a1c4ffff2a32aacb10,LCS,2024,LCS:2024:summer,LCS:2024:summer:playoffs,LCS:2024:summer:playoffs:event-group-02,2,2024-08-23T20:07:51Z,2024-08-25T22:51:53Z,2024-08-23T20:07:51Z,player-model-v2-historical-target-period-start-v1,FROZEN_COMPETITION_LOCAL_EVENT_GROUP_GAP_GT_3_DAYS,Stage 3D competition/split/stage and event date,new local group after more than three empty event dates,label-blind deterministic grouping; no ISO calendar week,PASS_CONSERVATIVE_RETROSPECTIVE_CUTOFF
period:3685f26c9338932445a9,LCS,2024,LCS:2024:summer,LCS:2024:summer:playoffs,LCS:2024:summer:playoffs:event-group-03,3,2024-08-30T20:08:40Z,2024-09-01T22:37:27Z,2024-08-30T20:08:40Z,player-model-v2-historical-target-period-start-v1,FROZEN_COMPETITION_LOCAL_EVENT_GROUP_GAP_GT_3_DAYS,Stage 3D competition/split/stage and event date,new local group after more than three empty event dates,label-blind deterministic grouping; no ISO calendar week,PASS_CONSERVATIVE_RETROSPECTIVE_CUTOFF
period:77186dc9e4b5f1acc2df,LCS,2024,LCS:2024:summer,LCS:2024:summer:playoffs,LCS:2024:summer:playoffs:event-group-04,4,2024-09-06T20:13:13Z,2024-09-07T22:46:24Z,2024-09-06T20:13:13Z,player-model-v2-historical-target-period-start-v1,FROZEN_COMPETITION_LOCAL_EVENT_GROUP_GAP_GT_3_DAYS,Stage 3D competition/split/stage and event date,new local group after more than three empty event dates,label-blind deterministic grouping; no ISO calendar week,PASS_CONSERVATIVE_RETROSPECTIVE_CUTOFF
period:697d8a8453920f1ff1c8,LCS,2024,LCS:2024:summer,LCS:2024:summer:regular,LCS:2024:summer:regular:event-group-01,1,2024-06-15T20:11:50Z,2024-06-16T22:33:45Z,2024-06-15T20:11:50Z,player-model-v2-historical-target-period-start-v1,FROZEN_COMPETITION_LOCAL_EVENT_GROUP_GAP_GT_3_DAYS,Stage 3D competition/split/stage and event date,new local group after more than three empty event dates,label-blind deterministic grouping; no ISO calendar week,PASS_CONSERVATIVE_RETROSPECTIVE_CUTOFF
period:ea10f8bb7f189dc4197a,LCS,2024,LCS:2024:summer,LCS:2024:summer:regular,LCS:2024:summer:regular:event-group-02,2,2024-06-22T20:11:50Z,2024-06-23T23:33:13Z,2024-06-22T20:11:50Z,player-model-v2-historical-target-period-start-v1,FROZEN_COMPETITION_LOCAL_EVENT_GROUP_GAP_GT_3_DAYS,Stage 3D competition/split/stage and event date,new local group after more than three empty event dates,label-blind deterministic grouping; no ISO calendar week,PASS_CONSERVATIVE_RETROSPECTIVE_CUTOFF
period:fb51ebc6418ce68c46c6,LCS,2024,LCS:2024:summer,LCS:2024:summer:regular,LCS:2024:summer:regular:event-group-03,3,2024-06-27T20:07:21Z,2024-06-28T22:16:26Z,2024-06-27T20:07:21Z,player-model-v2-historical-target-period-start-v1,FROZEN_COMPETITION_LOCAL_EVENT_GROUP_GAP_GT_3_DAYS,Stage 3D competition/split/stage and event date,new local group after more than three empty event dates,label-blind deterministic grouping; no ISO calendar week,PASS_CONSERVATIVE_RETROSPECTIVE_CUTOFF
period:0f3dd675ff7b55987f43,LCS,2024,LCS:2024:summer,LCS:2024:summer:regular,LCS:2024:summer:regular:event-group-04,4,2024-07-20T20:10:15Z,2024-07-21T22:53:27Z,2024-07-20T20:10:15Z,player-model-v2-historical-target-period-start-v1,FROZEN_COMPETITION_LOCAL_EVENT_GROUP_GAP_GT_3_DAYS,Stage 3D competition/split/stage and event date,new local group after more than three empty event dates,label-blind deterministic grouping; no ISO calendar week,PASS_CONSERVATIVE_RETROSPECTIVE_CUTOFF
period:29c7eddc03e68fe96070,LCS,2024,LCS:2024:summer,LCS:2024:summer:regular,LCS:2024:summer:regular:event-group-05,5,2024-07-27T20:09:19Z,2024-07-28T23:12:39Z,2024-07-27T20:09:19Z,player-model-v2-historical-target-period-start-v1,FROZEN_COMPETITION_LOCAL_EVENT_GROUP_GAP_GT_3_DAYS,Stage 3D competition/split/stage and event date,new local group after more than three empty event dates,label-blind deterministic grouping; no ISO calendar week,PASS_CONSERVATIVE_RETROSPECTIVE_CUTOFF
period:03ffd32cfddfafb63d73,LCS,2024,LCS:2024:summer,LCS:2024:summer:regular,LCS:2024:summer:regular:event-group-06,6,2024-08-03T20:08:15Z,2024-08-05T00:15:54Z,2024-08-03T20:08:15Z,player-model-v2-historical-target-period-start-v1,FROZEN_COMPETITION_LOCAL_EVENT_GROUP_GAP_GT_3_DAYS,Stage 3D competition/split/stage and event date,new local group after more than three empty event dates,label-blind deterministic grouping; no ISO calendar week,PASS_CONSERVATIVE_RETROSPECTIVE_CUTOFF
period:cdd6b3ae49979eef3d9f,LCS,2024,LCS:2024:summer,LCS:2024:summer:regular,LCS:2024:summer:regular:event-group-07,7,2024-08-10T20:07:50Z,2024-08-11T23:48:41Z,2024-08-10T20:07:50Z,player-model-v2-historical-target-period-start-v1,FROZEN_COMPETITION_LOCAL_EVENT_GROUP_GAP_GT_3_DAYS,Stage 3D competition/split/stage and event date,new local group after more than three empty event dates,label-blind deterministic grouping; no ISO calendar week,PASS_CONSERVATIVE_RETROSPECTIVE_CUTOFF
period:ee078790277fa6a5a0ce,LCS,2025,LCS:2025:split1,LCS:2025:split1:regular,LCS:2025:split1:regular:event-group-01,1,2025-01-25T21:14:31Z,2025-01-26T23:52:28Z,2025-01-25T21:14:31Z,player-model-v2-historical-target-period-start-v1,FROZEN_COMPETITION_LOCAL_EVENT_GROUP_GAP_GT_3_DAYS,Stage 3D competition/split/stage and event date,new local group after more than three empty event dates,label-blind deterministic grouping; no ISO calendar week,PASS_CONSERVATIVE_RETROSPECTIVE_CUTOFF
period:b08144b94745feadc04c,LCS,2025,LCS:2025:split1,LCS:2025:split1:regular,LCS:2025:split1:regular:event-group-02,2,2025-02-01T21:06:58Z,2025-02-03T02:54:42Z,2025-02-01T21:06:58Z,player-model-v2-historical-target-period-start-v1,FROZEN_COMPETITION_LOCAL_EVENT_GROUP_GAP_GT_3_DAYS,Stage 3D competition/split/stage and event date,new local group after more than three empty event dates,label-blind deterministic grouping; no ISO calendar week,PASS_CONSERVATIVE_RETROSPECTIVE_CUTOFF
period:bcc5730448bc2219d32a,LCS,2025,LCS:2025:split1,LCS:2025:split1:regular,LCS:2025:split1:regular:event-group-03,3,2025-02-09T21:07:49Z,2025-02-10T00:46:00Z,2025-02-09T21:07:49Z,player-model-v2-historical-target-period-start-v1,FROZEN_COMPETITION_LOCAL_EVENT_GROUP_GAP_GT_3_DAYS,Stage 3D competition/split/stage and event date,new local group after more than three empty event dates,label-blind deterministic grouping; no ISO calendar week,PASS_CONSERVATIVE_RETROSPECTIVE_CUTOFF
period:769a792cb95be4e074fc,LCS,2025,LCS:2025:split2,LCS:2025:split2:playoffs,LCS:2025:split2:playoffs:event-group-01,1,2025-05-24T20:07:34Z,2025-05-25T21:52:08Z,2025-05-24T20:07:34Z,player-model-v2-historical-target-period-start-v1,FROZEN_COMPETITION_LOCAL_EVENT_GROUP_GAP_GT_3_DAYS,Stage 3D competition/split/stage and event date,new local group after more than three empty event dates,label-blind deterministic grouping; no ISO calendar week,PASS_CONSERVATIVE_RETROSPECTIVE_CUTOFF
period:540a575a08edacdeb808,LCS,2025,LCS:2025:split2,LCS:2025:split2:playoffs,LCS:2025:split2:playoffs:event-group-02,2,2025-05-31T20:08:28Z,2025-06-01T22:06:16Z,2025-05-31T20:08:28Z,player-model-v2-historical-target-period-start-v1,FROZEN_COMPETITION_LOCAL_EVENT_GROUP_GAP_GT_3_DAYS,Stage 3D competition/split/stage and event date,new local group after more than three empty event dates,label-blind deterministic grouping; no ISO calendar week,PASS_CONSERVATIVE_RETROSPECTIVE_CUTOFF
period:b6b241bcd2df026a0c10,LCS,2025,LCS:2025:split2,LCS:2025:split2:playoffs,LCS:2025:split2:playoffs:event-group-03,3,2025-06-07T20:06:56Z,2025-06-08T23:09:04Z,2025-06-07T20:06:56Z,player-model-v2-historical-target-period-start-v1,FROZEN_COMPETITION_LOCAL_EVENT_GROUP_GAP_GT_3_DAYS,Stage 3D competition/split/stage and event date,new local group after more than three empty event dates,label-blind deterministic grouping; no ISO calendar week,PASS_CONSERVATIVE_RETROSPECTIVE_CUTOFF
period:780234292186bbac5f9e,LCS,2025,LCS:2025:split2,LCS:2025:split2:playoffs,LCS:2025:split2:playoffs:event-group-04,4,2025-06-14T20:12:24Z,2025-06-15T23:43:18Z,2025-06-14T20:12:24Z,player-model-v2-historical-target-period-start-v1,FROZEN_COMPETITION_LOCAL_EVENT_GROUP_GAP_GT_3_DAYS,Stage 3D competition/split/stage and event date,new local group after more than three empty event dates,label-blind deterministic grouping; no ISO calendar week,PASS_CONSERVATIVE_RETROSPECTIVE_CUTOFF
period:5a5260defef5072643d0,LCS,2025,LCS:2025:split2,LCS:2025:split2:regular,LCS:2025:split2:regular:event-group-01,1,2025-04-05T20:14:15Z,2025-04-06T23:23:09Z,2025-04-05T20:14:15Z,player-model-v2-historical-target-period-start-v1,FROZEN_COMPETITION_LOCAL_EVENT_GROUP_GAP_GT_3_DAYS,Stage 3D competition/split/stage and event date,new local group after more than three empty event dates,label-blind deterministic grouping; no ISO calendar week,PASS_CONSERVATIVE_RETROSPECTIVE_CUTOFF
period:fb622d9f67b0d1bacd81,LCS,2025,LCS:2025:split2,LCS:2025:split2:regular,LCS:2025:split2:regular:event-group-02,2,2025-04-12T20:06:56Z,2025-04-13T22:48:13Z,2025-04-12T20:06:56Z,player-model-v2-historical-target-period-start-v1,FROZEN_COMPETITION_LOCAL_EVENT_GROUP_GAP_GT_3_DAYS,Stage 3D competition/split/stage and event date,new local group after more than three empty event dates,label-blind deterministic grouping; no ISO calendar week,PASS_CONSERVATIVE_RETROSPECTIVE_CUTOFF
period:ab17bbbf5d12cdddc770,LCS,2025,LCS:2025:split2,LCS:2025:split2:regular,LCS:2025:split2:regular:event-group-03,3,2025-04-19T20:08:34Z,2025-04-21T22:34:22Z,2025-04-19T20:08:34Z,player-model-v2-historical-target-period-start-v1,FROZEN_COMPETITION_LOCAL_EVENT_GROUP_GAP_GT_3_DAYS,Stage 3D competition/split/stage and event date,new local group after more than three empty event dates,label-blind deterministic grouping; no ISO calendar week,PASS_CONSERVATIVE_RETROSPECTIVE_CUTOFF
period:0bd7b62868a6e6fa9a6d,LCS,2025,LCS:2025:split2,LCS:2025:split2:regular,LCS:2025:split2:regular:event-group-04,4,2025-04-26T20:08:33Z,2025-04-27T23:47:01Z,2025-04-26T20:08:33Z,player-model-v2-historical-target-period-start-v1,FROZEN_COMPETITION_LOCAL_EVENT_GROUP_GAP_GT_3_DAYS,Stage 3D competition/split/stage and event date,new local group after more than three empty event dates,label-blind deterministic grouping; no ISO calendar week,PASS_CONSERVATIVE_RETROSPECTIVE_CUTOFF
period:f91ca0f544586fb72c4d,LCS,2025,LCS:2025:split2,LCS:2025:split2:regular,LCS:2025:split2:regular:event-group-05,5,2025-05-03T20:08:26Z,2025-05-04T23:57:16Z,2025-05-03T20:08:26Z,player-model-v2-historical-target-period-start-v1,FROZEN_COMPETITION_LOCAL_EVENT_GROUP_GAP_GT_3_DAYS,Stage 3D competition/split/stage and event date,new local group after more than three empty event dates,label-blind deterministic grouping; no ISO calendar week,PASS_CONSERVATIVE_RETROSPECTIVE_CUTOFF
period:92eb584d41521b4a115a,LCS,2025,LCS:2025:split2,LCS:2025:split2:regular,LCS:2025:split2:regular:event-group-06,6,2025-05-10T20:09:23Z,2025-05-11T22:38:25Z,2025-05-10T20:09:23Z,player-model-v2-historical-target-period-start-v1,FROZEN_COMPETITION_LOCAL_EVENT_GROUP_GAP_GT_3_DAYS,Stage 3D competition/split/stage and event date,new local group after more than three empty event dates,label-blind deterministic grouping; no ISO calendar week,PASS_CONSERVATIVE_RETROSPECTIVE_CUTOFF
period:42a66f8e41011df34073,LCS,2025,LCS:2025:split2,LCS:2025:split2:regular,LCS:2025:split2:regular:event-group-07,7,2025-05-17T20:08:05Z,2025-05-18T22:38:41Z,2025-05-17T20:08:05Z,player-model-v2-historical-target-period-start-v1,FROZEN_COMPETITION_LOCAL_EVENT_GROUP_GAP_GT_3_DAYS,Stage 3D competition/split/stage and event date,new local group after more than three empty event dates,label-blind deterministic grouping; no ISO calendar week,PASS_CONSERVATIVE_RETROSPECTIVE_CUTOFF
period:f92170f131413923b84c,LCS,2025,LCS:2025:split3,LCS:2025:split3:regular,LCS:2025:split3:regular:event-group-01,1,2025-07-26T20:10:23Z,2025-07-27T22:54:47Z,2025-07-26T20:10:23Z,player-model-v2-historical-target-period-start-v1,FROZEN_COMPETITION_LOCAL_EVENT_GROUP_GAP_GT_3_DAYS,Stage 3D competition/split/stage and event date,new local group after more than three empty event dates,label-blind deterministic grouping; no ISO calendar week,PASS_CONSERVATIVE_RETROSPECTIVE_CUTOFF
period:c7231b512ce5dfec31cf,LCS,2025,LCS:2025:split3,LCS:2025:split3:regular,LCS:2025:split3:regular:event-group-02,2,2025-08-02T20:08:18Z,2025-08-03T23:42:20Z,2025-08-02T20:08:18Z,player-model-v2-historical-target-period-start-v1,FROZEN_COMPETITION_LOCAL_EVENT_GROUP_GAP_GT_3_DAYS,Stage 3D competition/split/stage and event date,new local group after more than three empty event dates,label-blind deterministic grouping; no ISO calendar week,PASS_CONSERVATIVE_RETROSPECTIVE_CUTOFF
period:c139a580fc7ad181ea33,LCS,2025,LCS:2025:split3,LCS:2025:split3:regular,LCS:2025:split3:regular:event-group-03,3,2025-08-09T20:06:58Z,2025-08-10T23:30:53Z,2025-08-09T20:06:58Z,player-model-v2-historical-target-period-start-v1,FROZEN_COMPETITION_LOCAL_EVENT_GROUP_GAP_GT_3_DAYS,Stage 3D competition/split/stage and event date,new local group after more than three empty event dates,label-blind deterministic grouping; no ISO calendar week,PASS_CONSERVATIVE_RETROSPECTIVE_CUTOFF
period:9d2506f6d55754824303,LCS,2025,LCS:2025:split3,LCS:2025:split3:regular,LCS:2025:split3:regular:event-group-04,4,2025-08-16T20:06:27Z,2025-08-17T22:02:15Z,2025-08-16T20:06:27Z,player-model-v2-historical-target-period-start-v1,FROZEN_COMPETITION_LOCAL_EVENT_GROUP_GAP_GT_3_DAYS,Stage 3D competition/split/stage and event date,new local group after more than three empty event dates,label-blind deterministic grouping; no ISO calendar week,PASS_CONSERVATIVE_RETROSPECTIVE_CUTOFF
period:7c6d5817a7155f3a80bb,LCS,2025,LCS:2025:split3,LCS:2025:split3:regular,LCS:2025:split3:regular:event-group-05,5,2025-08-23T20:06:29Z,2025-08-24T22:42:54Z,2025-08-23T20:06:29Z,player-model-v2-historical-target-period-start-v1,FROZEN_COMPETITION_LOCAL_EVENT_GROUP_GAP_GT_3_DAYS,Stage 3D competition/split/stage and event date,new local group after more than three empty event dates,label-blind deterministic grouping; no ISO calendar week,PASS_CONSERVATIVE_RETROSPECTIVE_CUTOFF
period:1ffa4e947c2611f80c97,LCS,2025,LCS:2025:split3,LCS:2025:split3:regular,LCS:2025:split3:regular:event-group-06,6,2025-08-29T20:06:10Z,2025-08-31T22:54:06Z,2025-08-29T20:06:10Z,player-model-v2-historical-target-period-start-v1,FROZEN_COMPETITION_LOCAL_EVENT_GROUP_GAP_GT_3_DAYS,Stage 3D competition/split/stage and event date,new local group after more than three empty event dates,label-blind deterministic grouping; no ISO calendar week,PASS_CONSERVATIVE_RETROSPECTIVE_CUTOFF
period:717827b0ee213b1efab1,LCS,2025,LCS:2025:split3,LCS:2025:split3:regular,LCS:2025:split3:regular:event-group-07,7,2025-09-05T20:05:46Z,2025-09-07T22:50:47Z,2025-09-05T20:05:46Z,player-model-v2-historical-target-period-start-v1,FROZEN_COMPETITION_LOCAL_EVENT_GROUP_GAP_GT_3_DAYS,Stage 3D competition/split/stage and event date,new local group after more than three empty event dates,label-blind deterministic grouping; no ISO calendar week,PASS_CONSERVATIVE_RETROSPECTIVE_CUTOFF
period:28d589eedfce312e1ad3,LCS,2026,LCS:2026:lockin,LCS:2026:lockin:regular,Lock-In Round 1,1,2026-01-24T00:00:00Z,2026-01-25T23:59:59Z,2026-01-24T21:24:34Z,player-model-v2-historical-target-period-start-v1,EXPLICIT_PROJECT_FANTASY_WEEK,config/historical_competitions.json:2026_split_1.weeks date bounds only,actual start used only as conservative retrospective feature boundary,explicit project week mapping; leaderboard fields not read,PASS_CONSERVATIVE_RETROSPECTIVE_CUTOFF
period:6186b6ccaf2d592d540a,LCS,2026,LCS:2026:lockin,LCS:2026:lockin:regular,LCS:2026:lockin:regular:event-group-01,1,2026-01-26T00:04:23Z,2026-01-26T00:04:23Z,2026-01-26T00:04:23Z,player-model-v2-historical-target-period-start-v1,FROZEN_COMPETITION_LOCAL_EVENT_GROUP_GAP_GT_3_DAYS,Stage 3D competition/split/stage and event date,new local group after more than three empty event dates,label-blind deterministic grouping; no ISO calendar week,PASS_CONSERVATIVE_RETROSPECTIVE_CUTOFF
period:640bff8c4b7983edf208,LCS,2026,LCS:2026:lockin,LCS:2026:lockin:regular,LCS:2026:lockin:regular:event-group-02,2,2026-02-02T00:35:19Z,2026-02-02T00:35:19Z,2026-02-02T00:35:19Z,player-model-v2-historical-target-period-start-v1,FROZEN_COMPETITION_LOCAL_EVENT_GROUP_GAP_GT_3_DAYS,Stage 3D competition/split/stage and event date,new local group after more than three empty event dates,label-blind deterministic grouping; no ISO calendar week,PASS_CONSERVATIVE_RETROSPECTIVE_CUTOFF
period:70fac0200d695853ccdc,LCS,2026,LCS:2026:lockin,LCS:2026:lockin:regular,Lock-In Round 2,2,2026-01-31T00:00:00Z,2026-02-01T23:59:59Z,2026-01-31T21:07:01Z,player-model-v2-historical-target-period-start-v1,EXPLICIT_PROJECT_FANTASY_WEEK,config/historical_competitions.json:2026_split_1.weeks date bounds only,actual start used only as conservative retrospective feature boundary,explicit project week mapping; leaderboard fields not read,PASS_CONSERVATIVE_RETROSPECTIVE_CUTOFF
period:9c6a0a6efb8480316e54,LCS,2026,LCS:2026:lockin,LCS:2026:lockin:regular,LCS:2026:lockin:regular:event-group-03,3,2026-02-09T00:51:15Z,2026-02-09T01:41:45Z,2026-02-09T00:51:15Z,player-model-v2-historical-target-period-start-v1,FROZEN_COMPETITION_LOCAL_EVENT_GROUP_GAP_GT_3_DAYS,Stage 3D competition/split/stage and event date,new local group after more than three empty event dates,label-blind deterministic grouping; no ISO calendar week,PASS_CONSERVATIVE_RETROSPECTIVE_CUTOFF
period:b2e5a5987eefaa30eea2,LCS,2026,LCS:2026:lockin,LCS:2026:lockin:regular,Lock-In Round 3,3,2026-02-07T00:00:00Z,2026-02-08T23:59:59Z,2026-02-07T21:11:32Z,player-model-v2-historical-target-period-start-v1,EXPLICIT_PROJECT_FANTASY_WEEK,config/historical_competitions.json:2026_split_1.weeks date bounds only,actual start used only as conservative retrospective feature boundary,explicit project week mapping; leaderboard fields not read,PASS_CONSERVATIVE_RETROSPECTIVE_CUTOFF
period:0433ceb2175e1870c17a,LCS,2026,LCS:2026:lockin,LCS:2026:lockin:regular,Lock-In Round 4,4,2026-02-14T00:00:00Z,2026-02-15T23:59:59Z,2026-02-14T21:11:50Z,player-model-v2-historical-target-period-start-v1,EXPLICIT_PROJECT_FANTASY_WEEK,config/historical_competitions.json:2026_split_1.weeks date bounds only,actual start used only as conservative retrospective feature boundary,explicit project week mapping; leaderboard fields not read,PASS_CONSERVATIVE_RETROSPECTIVE_CUTOFF
period:f1fd6343903a0462322e,LCS,2026,LCS:2026:lockin,LCS:2026:lockin:regular,LCS:2026:lockin:regular:event-group-04,4,2026-03-02T00:22:41Z,2026-03-02T00:22:41Z,2026-03-02T00:22:41Z,player-model-v2-historical-target-period-start-v1,FROZEN_COMPETITION_LOCAL_EVENT_GROUP_GAP_GT_3_DAYS,Stage 3D competition/split/stage and event date,new local group after more than three empty event dates,label-blind deterministic grouping; no ISO calendar week,PASS_CONSERVATIVE_RETROSPECTIVE_CUTOFF
period:d52af7b72997e89c8ea6,LCS,2026,LCS:2026:lockin,LCS:2026:lockin:regular,Lock-In Round 5,5,2026-02-20T00:00:00Z,2026-02-22T23:59:59Z,2026-02-20T21:09:00Z,player-model-v2-historical-target-period-start-v1,EXPLICIT_PROJECT_FANTASY_WEEK,config/historical_competitions.json:2026_split_1.weeks date bounds only,actual start used only as conservative retrospective feature boundary,explicit project week mapping; leaderboard fields not read,PASS_CONSERVATIVE_RETROSPECTIVE_CUTOFF
period:b628e8f047ec274b8698,LCS,2026,LCS:2026:lockin,LCS:2026:lockin:regular,Lock-In Round 6,6,2026-02-27T00:00:00Z,2026-03-01T23:59:59Z,2026-02-27T21:09:38Z,player-model-v2-historical-target-period-start-v1,EXPLICIT_PROJECT_FANTASY_WEEK,config/historical_competitions.json:2026_split_1.weeks date bounds only,actual start used only as conservative retrospective feature boundary,explicit project week mapping; leaderboard fields not read,PASS_CONSERVATIVE_RETROSPECTIVE_CUTOFF
period:2ba54fbdb1ed8ce5723d,LCS,2026,LCS:2026:spring,LCS:2026:spring:playoffs,LCS:2026:spring:playoffs:event-group-01,1,2026-05-23T20:10:31Z,2026-05-24T23:44:08Z,2026-05-23T20:10:31Z,player-model-v2-historical-target-period-start-v1,FROZEN_COMPETITION_LOCAL_EVENT_GROUP_GAP_GT_3_DAYS,Stage 3D competition/split/stage and event date,new local group after more than three empty event dates,label-blind deterministic grouping; no ISO calendar week,PASS_CONSERVATIVE_RETROSPECTIVE_CUTOFF
period:646c3784493968152598,LCS,2026,LCS:2026:spring,LCS:2026:spring:playoffs,LCS:2026:spring:playoffs:event-group-02,2,2026-05-30T20:10:37Z,2026-05-31T21:55:09Z,2026-05-30T20:10:37Z,player-model-v2-historical-target-period-start-v1,FROZEN_COMPETITION_LOCAL_EVENT_GROUP_GAP_GT_3_DAYS,Stage 3D competition/split/stage and event date,new local group after more than three empty event dates,label-blind deterministic grouping; no ISO calendar week,PASS_CONSERVATIVE_RETROSPECTIVE_CUTOFF
period:76aa7cb585d2505649ba,LCS,2026,LCS:2026:spring,LCS:2026:spring:playoffs,LCS:2026:spring:playoffs:event-group-03,3,2026-06-06T20:09:49Z,2026-06-07T22:08:31Z,2026-06-06T20:09:49Z,player-model-v2-historical-target-period-start-v1,FROZEN_COMPETITION_LOCAL_EVENT_GROUP_GAP_GT_3_DAYS,Stage 3D competition/split/stage and event date,new local group after more than three empty event dates,label-blind deterministic grouping; no ISO calendar week,PASS_CONSERVATIVE_RETROSPECTIVE_CUTOFF
period:2a0b31a43b9b5e794a24,LCS,2026,LCS:2026:spring,LCS:2026:spring:playoffs,LCS:2026:spring:playoffs:event-group-04,4,2026-06-13T20:14:55Z,2026-06-14T22:24:48Z,2026-06-13T20:14:55Z,player-model-v2-historical-target-period-start-v1,FROZEN_COMPETITION_LOCAL_EVENT_GROUP_GAP_GT_3_DAYS,Stage 3D competition/split/stage and event date,new local group after more than three empty event dates,label-blind deterministic grouping; no ISO calendar week,PASS_CONSERVATIVE_RETROSPECTIVE_CUTOFF
period:bca1e648a46734294b57,LCS,2026,LCS:2026:spring,LCS:2026:spring:regular,LCS:2026:spring:regular:event-group-01,1,2026-05-09T20:08:09Z,2026-05-11T00:44:19Z,2026-05-09T20:08:09Z,player-model-v2-historical-target-period-start-v1,FROZEN_COMPETITION_LOCAL_EVENT_GROUP_GAP_GT_3_DAYS,Stage 3D competition/split/stage and event date,new local group after more than three empty event dates,label-blind deterministic grouping; no ISO calendar week,PASS_CONSERVATIVE_RETROSPECTIVE_CUTOFF
period:b0a60cf2f3d3558f5e56,LCS,2026,LCS:2026:spring,LCS:2026:spring:regular,Spring Round 4,10,2026-04-25T00:00:00Z,2026-04-26T23:59:59Z,2026-04-25T20:09:02Z,player-model-v2-historical-target-period-start-v1,EXPLICIT_PROJECT_FANTASY_WEEK,config/historical_competitions.json:2026_split_1.weeks date bounds only,actual start used only as conservative retrospective feature boundary,explicit project week mapping; leaderboard fields not read,PASS_CONSERVATIVE_RETROSPECTIVE_CUTOFF
period:0a890f671f8ce6bbde59,LCS,2026,LCS:2026:spring,LCS:2026:spring:regular,Spring Round 5,11,2026-05-02T00:00:00Z,2026-05-03T23:59:59Z,2026-05-02T20:10:20Z,player-model-v2-historical-target-period-start-v1,EXPLICIT_PROJECT_FANTASY_WEEK,config/historical_competitions.json:2026_split_1.weeks date bounds only,actual start used only as conservative retrospective feature boundary,explicit project week mapping; leaderboard fields not read,PASS_CONSERVATIVE_RETROSPECTIVE_CUTOFF
period:1c76ac6866aa6a71a894,LCS,2026,LCS:2026:spring,LCS:2026:spring:regular,LCS:2026:spring:regular:event-group-02,2,2026-05-16T20:08:36Z,2026-05-17T23:43:46Z,2026-05-16T20:08:36Z,player-model-v2-historical-target-period-start-v1,FROZEN_COMPETITION_LOCAL_EVENT_GROUP_GAP_GT_3_DAYS,Stage 3D competition/split/stage and event date,new local group after more than three empty event dates,label-blind deterministic grouping; no ISO calendar week,PASS_CONSERVATIVE_RETROSPECTIVE_CUTOFF
period:74efed7e4a28a304cc30,LCS,2026,LCS:2026:spring,LCS:2026:spring:regular,Spring Round 1,7,2026-04-04T00:00:00Z,2026-04-05T23:59:59Z,2026-04-04T20:17:46Z,player-model-v2-historical-target-period-start-v1,EXPLICIT_PROJECT_FANTASY_WEEK,config/historical_competitions.json:2026_split_1.weeks date bounds only,actual start used only as conservative retrospective feature boundary,explicit project week mapping; leaderboard fields not read,PASS_CONSERVATIVE_RETROSPECTIVE_CUTOFF
period:fc48b32f725285a09f66,LCS,2026,LCS:2026:spring,LCS:2026:spring:regular,Spring Round 2,8,2026-04-11T00:00:00Z,2026-04-12T23:59:59Z,2026-04-11T20:08:26Z,player-model-v2-historical-target-period-start-v1,EXPLICIT_PROJECT_FANTASY_WEEK,config/historical_competitions.json:2026_split_1.weeks date bounds only,actual start used only as conservative retrospective feature boundary,explicit project week mapping; leaderboard fields not read,PASS_CONSERVATIVE_RETROSPECTIVE_CUTOFF
period:9ad9f360f988761d91c1,LCS,2026,LCS:2026:spring,LCS:2026:spring:regular,Spring Round 3,9,2026-04-18T00:00:00Z,2026-04-19T23:59:59Z,2026-04-18T20:07:45Z,player-model-v2-historical-target-period-start-v1,EXPLICIT_PROJECT_FANTASY_WEEK,config/historical_competitions.json:2026_split_1.weeks date bounds only,actual start used only as conservative retrospective feature boundary,explicit project week mapping; leaderboard fields not read,PASS_CONSERVATIVE_RETROSPECTIVE_CUTOFF
period:5afe139f56d9c0db8f2d,LCS,2026,LCS:2026:summer,LCS:2026:summer:regular,LCS:2026:summer:regular:event-group-01,1,2026-07-25T20:13:30Z,2026-07-26T23:12:26Z,2026-07-25T20:13:30Z,player-model-v2-historical-target-period-start-v1,FROZEN_COMPETITION_LOCAL_EVENT_GROUP_GAP_GT_3_DAYS,Stage 3D competition/split/stage and event date,new local group after more than three empty event dates,label-blind deterministic grouping; no ISO calendar week,PASS_CONSERVATIVE_RETROSPECTIVE_CUTOFF
