captured_at_utc,round_id,round_name,round_index_in_split,market_opens_at,market_closes_at,market_is_open,round_player_id,pro_player_id,summoner_name,role,team_id,team_code,team_name,price,previous_round_price,price_change,is_split_start_price,average_round_score,last_round_score,min_round_score,max_round_score,stats_last_round_price,stats_split_id,stats_split_name,stats_split_year,opponent_codes,opponent_sides,match_timestamps,image_url,source_endpoint
2026-07-28T15:09:35.903110Z,dd8d48d0-4d2d-4d0e-9f66-719f6ea257d0,Round 2 (Split 3),1,2026-07-28T15:00:00.000Z,2026-08-01T20:00:00.000Z,False,c3f2e24f-3adc-4375-a2f1-17f1852b2a09,eb1c7f89-eeb7-42aa-b224-41876f739288,eXyu,jungle,cf32ee67-1ed0-483e-8c80-9a45a2406ec7,DIG,Dignitas,12.8,12.5,0.3,False,14.586666666666668,14.586666666666668,14.586666666666668,14.586666666666668,12.8,b4b7af39-ebdc-4e51-84a9-95ce4196793e,2026 - Split 2,2026,C9,blue,2026-08-01T20:00:00.000Z,http://static.lolesports.com/players/1739478623419_ggsdgs0.png,https://api.lcsofficial.gg/market
2026-07-28T15:09:35.903110Z,dd8d48d0-4d2d-4d0e-9f66-719f6ea257d0,Round 2 (Split 3),1,2026-07-28T15:00:00.000Z,2026-08-01T20:00:00.000Z,False,d4553546-6981-4c41-b592-f7de16e0a36b,81be3e3f-7ae8-4802-8b9b-5be817e59314,Ignar,support,cf32ee67-1ed0-483e-8c80-9a45a2406ec7,DIG,Dignitas,12.1,12.5,-0.4,False,11.273333333333333,11.273333333333333,11.273333333333333,11.273333333333333,12.1,b4b7af39-ebdc-4e51-84a9-95ce4196793e,2026 - Split 2,2026,C9,blue,2026-08-01T20:00:00.000Z,http://static.lolesports.com/players/1705026333045_ignar.png,https://api.lcsofficial.gg/market
2026-07-28T15:09:35.903110Z,dd8d48d0-4d2d-4d0e-9f66-719f6ea257d0,Round 2 (Split 3),1,2026-07-28T15:00:00.000Z,2026-08-01T20:00:00.000Z,False,86dfa34b-482b-491f-a5ba-59e60c7baf08,5dfe05bf-d04f-4d10-baa0-abcc8c44916b,FBI,bottom,cf32ee67-1ed0-483e-8c80-9a45a2406ec7,DIG,Dignitas,14,14,0.0,False,14.603333333333333,14.603333333333333,14.603333333333333,14.603333333333333,14,b4b7af39-ebdc-4e51-84a9-95ce4196793e,2026 - Split 2,2026,C9,blue,2026-08-01T20:00:00.000Z,http://static.lolesports.com/players/1753349110894_image6224.png,https://api.lcsofficial.gg/market
2026-07-28T15:09:35.903110Z,dd8d48d0-4d2d-4d0e-9f66-719f6ea257d0,Round 2 (Split 3),1,2026-07-28T15:00:00.000Z,2026-08-01T20:00:00.000Z,False,9aa68c94-fea2-4bf4-aad7-bf7e2dbf1328,3f0fbcc9-0ad5-41c1-af28-35aa47117f36,Palafox,mid,cf32ee67-1ed0-483e-8c80-9a45a2406ec7,DIG,Dignitas,13.4,13,0.4,False,15.256666666666668,15.256666666666668,15.256666666666668,15.256666666666668,13.4,b4b7af39-ebdc-4e51-84a9-95ce4196793e,2026 - Split 2,2026,C9,blue,2026-08-01T20:00:00.000Z,http://static.lolesports.com/players/1739479665255_ggsdgs21.png,https://api.lcsofficial.gg/market
2026-07-28T15:09:35.903110Z,dd8d48d0-4d2d-4d0e-9f66-719f6ea257d0,Round 2 (Split 3),1,2026-07-28T15:00:00.000Z,2026-08-01T20:00:00.000Z,False,0c9118d3-86aa-47a1-8c47-21b6fb53a92a,26c604a2-2864-4e48-97cf-803e4946db7c,Denathor,top,cf32ee67-1ed0-483e-8c80-9a45a2406ec7,DIG,Dignitas,13.4,15,-1.6,False,9.113333333333333,9.113333333333333,9.113333333333333,9.113333333333333,13.4,b4b7af39-ebdc-4e51-84a9-95ce4196793e,2026 - Split 2,2026,C9,blue,2026-08-01T20:00:00.000Z,http://static.lolesports.com/players/default-headshot.png,https://api.lcsofficial.gg/market
2026-07-28T15:09:35.903110Z,dd8d48d0-4d2d-4d0e-9f66-719f6ea257d0,Round 2 (Split 3),1,2026-07-28T15:00:00.000Z,2026-08-01T20:00:00.000Z,False,d8ac858b-f414-4181-9578-72d78bf66f1c,20e3b396-e689-4314-beff-b3d481b49cd0,Swiffer,coach,cf32ee67-1ed0-483e-8c80-9a45a2406ec7,DIG,Dignitas,12.1,12,0.1,False,12.966666666666669,12.966666666666669,12.966666666666669,12.966666666666669,12.1,b4b7af39-ebdc-4e51-84a9-95ce4196793e,2026 - Split 2,2026,C9,blue,2026-08-01T20:00:00.000Z,http://static.lolesports.com/players/default-headshot.png,https://api.lcsofficial.gg/market
2026-07-28T15:09:35.903110Z,dd8d48d0-4d2d-4d0e-9f66-719f6ea257d0,Round 2 (Split 3),1,2026-07-28T15:00:00.000Z,2026-08-01T20:00:00.000Z,False,8e72d846-32c9-4acc-85e7-29698b576a58,f816aaa5-3310-4b52-9929-a8c94bcca72b,Lyonz,support,a7520418-4986-4870-8c86-7c5acd3f443c,DSG,Disguised,13.3,13,0.3,False,14.825000000000001,14.825000000000001,14.825000000000001,14.825000000000001,13.3,b4b7af39-ebdc-4e51-84a9-95ce4196793e,2026 - Split 2,2026,FLY,red,2026-08-01T23:00:00.000Z,http://static.lolesports.com/players/1739479327358_ggsdgs41.png,https://api.lcsofficial.gg/market
2026-07-28T15:09:35.903110Z,dd8d48d0-4d2d-4d0e-9f66-719f6ea257d0,Round 2 (Split 3),1,2026-07-28T15:00:00.000Z,2026-08-01T20:00:00.000Z,False,4b631706-2a52-4bc9-89a5-268829daa2e2,f57e5f8c-a53e-4504-96fc-6062a0685cb5,KryRa,jungle,a7520418-4986-4870-8c86-7c5acd3f443c,DSG,Disguised,12.4,13,-0.6,False,11.045,11.045,11.045,11.045,12.4,b4b7af39-ebdc-4e51-84a9-95ce4196793e,2026 - Split 2,2026,FLY,red,2026-08-01T23:00:00.000Z,http://static.lolesports.com/players/1675150271520_placeholder.png,https://api.lcsofficial.gg/market
2026-07-28T15:09:35.903110Z,dd8d48d0-4d2d-4d0e-9f66-719f6ea257d0,Round 2 (Split 3),1,2026-07-28T15:00:00.000Z,2026-08-01T20:00:00.000Z,False,b0b889d2-9d5d-4f24-b846-bb439d82ba93,9c3659ab-6630-49f2-836b-e31b6da00ef1,ido,coach,a7520418-4986-4870-8c86-7c5acd3f443c,DSG,Disguised,11.9,12.5,-0.6,False,10.516000000000002,10.516000000000002,10.516000000000002,10.516000000000002,11.9,b4b7af39-ebdc-4e51-84a9-95ce4196793e,2026 - Split 2,2026,FLY,red,2026-08-01T23:00:00.000Z,http://static.lolesports.com/players/default-headshot.png,https://api.lcsofficial.gg/market
2026-07-28T15:09:35.903110Z,dd8d48d0-4d2d-4d0e-9f66-719f6ea257d0,Round 2 (Split 3),1,2026-07-28T15:00:00.000Z,2026-08-01T20:00:00.000Z,False,339d1336-ee25-4b00-a7d5-ea6105093e06,63313716-3689-4cc3-a097-8c1f2473efd0,Callme,mid,a7520418-4986-4870-8c86-7c5acd3f443c,DSG,Disguised,13.8,15,-1.2,False,10.585,10.585,10.585,10.585,13.8,b4b7af39-ebdc-4e51-84a9-95ce4196793e,2026 - Split 2,2026,FLY,red,2026-08-01T23:00:00.000Z,http://static.lolesports.com/players/1718362648003_NS_Callme_784.png,https://api.lcsofficial.gg/market
2026-07-28T15:09:35.903110Z,dd8d48d0-4d2d-4d0e-9f66-719f6ea257d0,Round 2 (Split 3),1,2026-07-28T15:00:00.000Z,2026-08-01T20:00:00.000Z,False,5e328ec0-4885-4f66-9497-d136f9684e7d,23d8c015-60b5-45d1-83cb-7479e2687719,sajed,bottom,a7520418-4986-4870-8c86-7c5acd3f443c,DSG,Disguised,11.5,13,-1.5,False,7.4399999999999995,7.4399999999999995,7.4399999999999995,7.4399999999999995,11.5,b4b7af39-ebdc-4e51-84a9-95ce4196793e,2026 - Split 2,2026,FLY,red,2026-08-01T23:00:00.000Z,http://static.lolesports.com/players/1633033031951_silhouette.png,https://api.lcsofficial.gg/market
2026-07-28T15:09:35.903110Z,dd8d48d0-4d2d-4d0e-9f66-719f6ea257d0,Round 2 (Split 3),1,2026-07-28T15:00:00.000Z,2026-08-01T20:00:00.000Z,False,719f5d14-ea92-4e20-92d9-3fe7f96d6f3f,0da01860-823a-43a5-9359-d76fa47792e6,Srtty,top,a7520418-4986-4870-8c86-7c5acd3f443c,DSG,Disguised,13.3,15,-1.7,False,8.685,8.685,8.685,8.685,13.3,b4b7af39-ebdc-4e51-84a9-95ce4196793e,2026 - Split 2,2026,FLY,red,2026-08-01T23:00:00.000Z,http://static.lolesports.com/players/1739516062006_ggsdgs4.png,https://api.lcsofficial.gg/market
2026-07-28T15:09:35.903110Z,dd8d48d0-4d2d-4d0e-9f66-719f6ea257d0,Round 2 (Split 3),1,2026-07-28T15:00:00.000Z,2026-08-01T20:00:00.000Z,False,97330ca9-efd0-4fd2-bbbc-234f9e837dc3,e53238fc-40b9-4add-95f5-0986f55e7e0b,DARKWINGS,mid,3dbff4da-4675-4f41-847b-342815a72e39,SEN,Sentinels,17.7,17,0.7,False,20.88,20.88,20.88,20.88,17.7,b4b7af39-ebdc-4e51-84a9-95ce4196793e,2026 - Split 2,2026,TLAW,blue,2026-08-02T23:00:00.000Z,http://static.lolesports.com/players/1753348536253_image6223.png,https://api.lcsofficial.gg/market
2026-07-28T15:09:35.903110Z,dd8d48d0-4d2d-4d0e-9f66-719f6ea257d0,Round 2 (Split 3),1,2026-07-28T15:00:00.000Z,2026-08-01T20:00:00.000Z,False,680f248b-d86e-4534-8868-67ff0cb5e147,cddfc250-82c2-4a9c-ab3d-159f64ee29b0,Rahel,bottom,3dbff4da-4675-4f41-847b-342815a72e39,SEN,Sentinels,17.7,15,2.7,False,27.003333333333334,27.003333333333334,27.003333333333334,27.003333333333334,17.7,b4b7af39-ebdc-4e51-84a9-95ce4196793e,2026 - Split 2,2026,TLAW,blue,2026-08-02T23:00:00.000Z,http://static.lolesports.com/players/1753348624075_image6422.png,https://api.lcsofficial.gg/market
2026-07-28T15:09:35.903110Z,dd8d48d0-4d2d-4d0e-9f66-719f6ea257d0,Round 2 (Split 3),1,2026-07-28T15:00:00.000Z,2026-08-01T20:00:00.000Z,False,bd871ad4-61df-4ecb-9905-98e02ee775ec,7b168cdb-f74e-4353-9b35-3594d8fd40c0,HamBak,jungle,3dbff4da-4675-4f41-847b-342815a72e39,SEN,Sentinels,18.5,14.5,4.0,False,31.83,31.83,31.83,31.83,18.5,b4b7af39-ebdc-4e51-84a9-95ce4196793e,2026 - Split 2,2026,TLAW,blue,2026-08-02T23:00:00.000Z,http://static.lolesports.com/players/1758213278005_hambak.png,https://api.lcsofficial.gg/market
2026-07-28T15:09:35.903110Z,dd8d48d0-4d2d-4d0e-9f66-719f6ea257d0,Round 2 (Split 3),1,2026-07-28T15:00:00.000Z,2026-08-01T20:00:00.000Z,False,f0f97b88-80e5-4936-aa4a-5d052df2acfd,72bc17f3-6be0-406b-99d5-a81186829c51,huhi,support,3dbff4da-4675-4f41-847b-342815a72e39,SEN,Sentinels,16.5,14.5,2.0,False,23.483333333333334,23.483333333333334,23.483333333333334,23.483333333333334,16.5,b4b7af39-ebdc-4e51-84a9-95ce4196793e,2026 - Split 2,2026,TLAW,blue,2026-08-02T23:00:00.000Z,http://static.lolesports.com/players/1739478876354_ggsdgs8.png,https://api.lcsofficial.gg/market
2026-07-28T15:09:35.903110Z,dd8d48d0-4d2d-4d0e-9f66-719f6ea257d0,Round 2 (Split 3),1,2026-07-28T15:00:00.000Z,2026-08-01T20:00:00.000Z,False,731b757c-4427-40ca-9ed2-a03bb15fafb6,64124525-7371-441e-8d57-66d8563d9d29,Impact,top,3dbff4da-4675-4f41-847b-342815a72e39,SEN,Sentinels,14.2,13.5,0.7,False,17.293333333333333,17.293333333333333,17.293333333333333,17.293333333333333,14.2,b4b7af39-ebdc-4e51-84a9-95ce4196793e,2026 - Split 2,2026,TLAW,blue,2026-08-02T23:00:00.000Z,http://static.lolesports.com/players/1726214749557_TL_1500x1500_IMPACT_02.png,https://api.lcsofficial.gg/market
2026-07-28T15:09:35.903110Z,dd8d48d0-4d2d-4d0e-9f66-719f6ea257d0,Round 2 (Split 3),1,2026-07-28T15:00:00.000Z,2026-08-01T20:00:00.000Z,False,49ddc1a8-0552-46fe-b818-7429ec24a737,2a7d72fe-4a25-4617-a290-7e679a9f629c,Goldenglue,coach,3dbff4da-4675-4f41-847b-342815a72e39,SEN,Sentinels,15.9,13.5,2.4,False,24.098,24.098,24.098,24.098,15.9,b4b7af39-ebdc-4e51-84a9-95ce4196793e,2026 - Split 2,2026,TLAW,blue,2026-08-02T23:00:00.000Z,http://static.lolesports.com/players/default-headshot.png,https://api.lcsofficial.gg/market
2026-07-28T15:09:35.903110Z,dd8d48d0-4d2d-4d0e-9f66-719f6ea257d0,Round 2 (Split 3),1,2026-07-28T15:00:00.000Z,2026-08-01T20:00:00.000Z,False,15a64d5b-c193-4f06-a133-89e887d89971,fa8a85a1-4205-4baf-9a9d-9b65eb46a177,Zeyzal,support,d45bf435-19e0-4e92-8120-dfcd6badfd8e,SR,Shopify Rebellion,17.1,15,2.1,False,24.29,24.29,24.29,24.29,17.1,b4b7af39-ebdc-4e51-84a9-95ce4196793e,2026 - Split 2,2026,LYON,blue,2026-08-02T20:00:00.000Z,http://static.lolesports.com/players/default-headshot.png,https://api.lcsofficial.gg/market
2026-07-28T15:09:35.903110Z,dd8d48d0-4d2d-4d0e-9f66-719f6ea257d0,Round 2 (Split 3),1,2026-07-28T15:00:00.000Z,2026-08-01T20:00:00.000Z,False,a0036ab7-b14b-4090-9e63-99bb61213f2e,ef3066b1-6975-4cbb-a1a9-001fbca927b6,Fudge,top,d45bf435-19e0-4e92-8120-dfcd6badfd8e,SR,Shopify Rebellion,16.1,13,3.1,False,26.42,26.42,26.42,26.42,16.1,b4b7af39-ebdc-4e51-84a9-95ce4196793e,2026 - Split 2,2026,LYON,blue,2026-08-02T20:00:00.000Z,http://static.lolesports.com/players/1739479418626_ggsdgs3.png,https://api.lcsofficial.gg/market
2026-07-28T15:09:35.903110Z,dd8d48d0-4d2d-4d0e-9f66-719f6ea257d0,Round 2 (Split 3),1,2026-07-28T15:00:00.000Z,2026-08-01T20:00:00.000Z,False,cf432ee4-9a09-48d1-8395-c479e84378ef,d04c0d8f-c618-4536-a8c4-d80f822306cc,Bvoy,bottom,d45bf435-19e0-4e92-8120-dfcd6badfd8e,SR,Shopify Rebellion,19.5,17,2.5,False,28.265,28.265,28.265,28.265,19.5,b4b7af39-ebdc-4e51-84a9-95ce4196793e,2026 - Split 2,2026,LYON,blue,2026-08-02T20:00:00.000Z,http://static.lolesports.com/players/1739479753154_ggsdgs2.png,https://api.lcsofficial.gg/market
2026-07-28T15:09:35.903110Z,dd8d48d0-4d2d-4d0e-9f66-719f6ea257d0,Round 2 (Split 3),1,2026-07-28T15:00:00.000Z,2026-08-01T20:00:00.000Z,False,82eb4acf-71f0-4630-81b0-0fc695dcd3a2,95c6d0e4-5447-49bf-a91d-a95c7e13ae24,Contractz,jungle,d45bf435-19e0-4e92-8120-dfcd6badfd8e,SR,Shopify Rebellion,17.2,16,1.2,False,21.585,21.585,21.585,21.585,17.2,b4b7af39-ebdc-4e51-84a9-95ce4196793e,2026 - Split 2,2026,LYON,blue,2026-08-02T20:00:00.000Z,http://static.lolesports.com/players/1739479571030_ggsdgs2.png,https://api.lcsofficial.gg/market
2026-07-28T15:09:35.903110Z,dd8d48d0-4d2d-4d0e-9f66-719f6ea257d0,Round 2 (Split 3),1,2026-07-28T15:00:00.000Z,2026-08-01T20:00:00.000Z,False,73ee7a8f-d996-4581-915c-3229b3292f9d,0eb5ed88-c366-4ac1-8b6c-8423419c40ad,Zinie,mid,d45bf435-19e0-4e92-8120-dfcd6badfd8e,SR,Shopify Rebellion,14.3,14,0.3,False,15.959999999999999,15.959999999999999,15.959999999999999,15.959999999999999,14.3,b4b7af39-ebdc-4e51-84a9-95ce4196793e,2026 - Split 2,2026,LYON,blue,2026-08-02T20:00:00.000Z,http://static.lolesports.com/players/default-headshot.png,https://api.lcsofficial.gg/market
2026-07-28T15:09:35.903110Z,dd8d48d0-4d2d-4d0e-9f66-719f6ea257d0,Round 2 (Split 3),1,2026-07-28T15:00:00.000Z,2026-08-01T20:00:00.000Z,False,d80a0122-0941-47ca-b27b-f910afa00989,062c2ce9-1367-408e-a4aa-d73546989588,Reven,coach,d45bf435-19e0-4e92-8120-dfcd6badfd8e,SR,Shopify Rebellion,15.3,13,2.3,False,23.304000000000002,23.304000000000002,23.304000000000002,23.304000000000002,15.3,b4b7af39-ebdc-4e51-84a9-95ce4196793e,2026 - Split 2,2026,LYON,blue,2026-08-02T20:00:00.000Z,http://static.lolesports.com/players/default-headshot.png,https://api.lcsofficial.gg/market
2026-07-28T15:09:35.903110Z,dd8d48d0-4d2d-4d0e-9f66-719f6ea257d0,Round 2 (Split 3),1,2026-07-28T15:00:00.000Z,2026-08-01T20:00:00.000Z,False,2d19d7a2-17cf-44e9-b4c9-fee6da5d5590,bdb4f785-38d6-428e-b6ea-f09924c43129,Massu,bottom,848fdaaf-589a-4e94-b3dc-90299584db0b,FLY,FlyQuest,15.3,18,-2.7,False,7.7299999999999995,7.7299999999999995,7.7299999999999995,7.7299999999999995,15.3,b4b7af39-ebdc-4e51-84a9-95ce4196793e,2026 - Split 2,2026,DSG,blue,2026-08-01T23:00:00.000Z,http://static.lolesports.com/players/1726214536898_FLY_1500x1500_MASSU_01.png,https://api.lcsofficial.gg/market
2026-07-28T15:09:35.903110Z,dd8d48d0-4d2d-4d0e-9f66-719f6ea257d0,Round 2 (Split 3),1,2026-07-28T15:00:00.000Z,2026-08-01T20:00:00.000Z,False,e6b0f3f6-5e92-4316-b99c-f16a15e6cb2e,6aada3b3-df5c-4ed9-b908-ad17e484a174,Gakgos,top,848fdaaf-589a-4e94-b3dc-90299584db0b,FLY,FlyQuest,15,17.5,-2.5,False,8,8,8,8,15,b4b7af39-ebdc-4e51-84a9-95ce4196793e,2026 - Split 2,2026,DSG,blue,2026-08-01T23:00:00.000Z,http://static.lolesports.com/players/1753348399682_image6125.png,https://api.lcsofficial.gg/market
2026-07-28T15:09:35.903110Z,dd8d48d0-4d2d-4d0e-9f66-719f6ea257d0,Round 2 (Split 3),1,2026-07-28T15:00:00.000Z,2026-08-01T20:00:00.000Z,False,0fad6ab2-865b-41e3-b33c-b0e5735e15b0,657c0b93-29f2-476d-ab23-4633592e62a1,Cryogen,support,848fdaaf-589a-4e94-b3dc-90299584db0b,FLY,FlyQuest,15,16,-1.0,False,12.569999999999999,12.569999999999999,12.569999999999999,12.569999999999999,15,b4b7af39-ebdc-4e51-84a9-95ce4196793e,2026 - Split 2,2026,DSG,blue,2026-08-01T23:00:00.000Z,http://static.lolesports.com/players/1686642979840_placeholder.png,https://api.lcsofficial.gg/market
2026-07-28T15:09:35.903110Z,dd8d48d0-4d2d-4d0e-9f66-719f6ea257d0,Round 2 (Split 3),1,2026-07-28T15:00:00.000Z,2026-08-01T20:00:00.000Z,False,99f19749-318f-4494-bcaf-f915cf036840,5a830e34-4aa1-456c-a253-85e99f933611,Gryffinn,jungle,848fdaaf-589a-4e94-b3dc-90299584db0b,FLY,FlyQuest,16.5,19,-2.5,False,9.475,9.475,9.475,9.475,16.5,b4b7af39-ebdc-4e51-84a9-95ce4196793e,2026 - Split 2,2026,DSG,blue,2026-08-01T23:00:00.000Z,http://static.lolesports.com/players/1753429869537_image622.png,https://api.lcsofficial.gg/market
2026-07-28T15:09:35.903110Z,dd8d48d0-4d2d-4d0e-9f66-719f6ea257d0,Round 2 (Split 3),1,2026-07-28T15:00:00.000Z,2026-08-01T20:00:00.000Z,False,439985d2-d9a6-423f-a2a9-f3226a0406ba,3d069aeb-9508-4c56-a390-b6dda95527c4,Quad,mid,848fdaaf-589a-4e94-b3dc-90299584db0b,FLY,FlyQuest,15.7,18.5,-2.8,False,7.555,7.555,7.555,7.555,15.7,b4b7af39-ebdc-4e51-84a9-95ce4196793e,2026 - Split 2,2026,DSG,blue,2026-08-01T23:00:00.000Z,http://static.lolesports.com/players/1726214531962_FLY_1500x1500_QUAD_01.png,https://api.lcsofficial.gg/market
2026-07-28T15:09:35.903110Z,dd8d48d0-4d2d-4d0e-9f66-719f6ea257d0,Round 2 (Split 3),1,2026-07-28T15:00:00.000Z,2026-08-01T20:00:00.000Z,False,c5d38551-ffad-44e9-9ee3-8c6d758eb7db,01b0e738-0009-4c57-a16c-a943c69acea4,Thinkcard,coach,848fdaaf-589a-4e94-b3dc-90299584db0b,FLY,FlyQuest,12.7,14,-1.3,False,9.065999999999999,9.065999999999999,9.065999999999999,9.065999999999999,12.7,b4b7af39-ebdc-4e51-84a9-95ce4196793e,2026 - Split 2,2026,DSG,blue,2026-08-01T23:00:00.000Z,http://static.lolesports.com/players/default-headshot.png,https://api.lcsofficial.gg/market
2026-07-28T15:09:35.903110Z,dd8d48d0-4d2d-4d0e-9f66-719f6ea257d0,Round 2 (Split 3),1,2026-07-28T15:00:00.000Z,2026-08-01T20:00:00.000Z,False,fbdf66e4-5f1a-4ad2-bcff-be06446b0a1f,aa8db8ec-4e94-4cd5-9a91-275fbe122727,Inspired,jungle,47a8978e-8e16-434c-ba6d-a9e7bb1956ef,LYON,LYON,23,23,0.0,False,,,,,,b4b7af39-ebdc-4e51-84a9-95ce4196793e,2026 - Split 2,2026,SR,red,2026-08-02T20:00:00.000Z,http://static.lolesports.com/players/1726214526028_FLY_1500x1500_INSPIRED_02.png,https://api.lcsofficial.gg/market
2026-07-28T15:09:35.903110Z,dd8d48d0-4d2d-4d0e-9f66-719f6ea257d0,Round 2 (Split 3),1,2026-07-28T15:00:00.000Z,2026-08-01T20:00:00.000Z,False,2a1d4651-b01d-4fe5-a645-f9fb233a9964,728578de-d384-40d7-9008-22dbb71806d3,Saint,mid,47a8978e-8e16-434c-ba6d-a9e7bb1956ef,LYON,LYON,20.6,21.5,-0.9,False,18.77,18.77,18.77,18.77,20.6,b4b7af39-ebdc-4e51-84a9-95ce4196793e,2026 - Split 2,2026,SR,red,2026-08-02T20:00:00.000Z,http://static.lolesports.com/players/1739479237170_ggsdgs4.png,https://api.lcsofficial.gg/market
2026-07-28T15:09:35.903110Z,dd8d48d0-4d2d-4d0e-9f66-719f6ea257d0,Round 2 (Split 3),1,2026-07-28T15:00:00.000Z,2026-08-01T20:00:00.000Z,False,12e0e9d3-a77d-4f5d-8c9a-4bca0541215c,5611f586-88b0-4431-8d57-edd4e69e94d4,Berserker,bottom,47a8978e-8e16-434c-ba6d-a9e7bb1956ef,LYON,LYON,21.9,21,0.9,False,25.974999999999998,25.974999999999998,25.974999999999998,25.974999999999998,21.9,b4b7af39-ebdc-4e51-84a9-95ce4196793e,2026 - Split 2,2026,SR,red,2026-08-02T20:00:00.000Z,http://static.lolesports.com/players/1758212268095_berserker.png,https://api.lcsofficial.gg/market
2026-07-28T15:09:35.903110Z,dd8d48d0-4d2d-4d0e-9f66-719f6ea257d0,Round 2 (Split 3),1,2026-07-28T15:00:00.000Z,2026-08-01T20:00:00.000Z,False,edda296e-f967-4f87-948b-8d97c74fa22f,4cce3077-b9b4-45d7-9f12-4cb74b272196,Isles,support,47a8978e-8e16-434c-ba6d-a9e7bb1956ef,LYON,LYON,18.6,19,-0.4,False,18.22,18.22,18.22,18.22,18.6,b4b7af39-ebdc-4e51-84a9-95ce4196793e,2026 - Split 2,2026,SR,red,2026-08-02T20:00:00.000Z,http://static.lolesports.com/players/1739478353611_ggsdgs123.png,https://api.lcsofficial.gg/market
2026-07-28T15:09:35.903110Z,dd8d48d0-4d2d-4d0e-9f66-719f6ea257d0,Round 2 (Split 3),1,2026-07-28T15:00:00.000Z,2026-08-01T20:00:00.000Z,False,78a6d3c6-a57f-4e81-8e53-c0de9c8f0425,370a2030-9673-4b3e-b1bc-0ea9d9ba2df1,Dhokla,top,47a8978e-8e16-434c-ba6d-a9e7bb1956ef,LYON,LYON,19.8,19.5,0.3,False,21.85,21.85,21.85,21.85,19.8,b4b7af39-ebdc-4e51-84a9-95ce4196793e,2026 - Split 2,2026,SR,red,2026-08-02T20:00:00.000Z,http://static.lolesports.com/players/1687315758448_NRG_DHOKLA.png,https://api.lcsofficial.gg/market
2026-07-28T15:09:35.903110Z,dd8d48d0-4d2d-4d0e-9f66-719f6ea257d0,Round 2 (Split 3),1,2026-07-28T15:00:00.000Z,2026-08-01T20:00:00.000Z,False,b995e6de-fb98-496d-96ab-20347664c07e,02436a08-1587-442c-8d30-450821f54b91,Reignover,coach,47a8978e-8e16-434c-ba6d-a9e7bb1956ef,LYON,LYON,16,16,0.0,False,16.963,16.963,16.963,16.963,16,b4b7af39-ebdc-4e51-84a9-95ce4196793e,2026 - Split 2,2026,SR,red,2026-08-02T20:00:00.000Z,http://static.lolesports.com/players/default-headshot.png,https://api.lcsofficial.gg/market
2026-07-28T15:09:35.903110Z,dd8d48d0-4d2d-4d0e-9f66-719f6ea257d0,Round 2 (Split 3),1,2026-07-28T15:00:00.000Z,2026-08-01T20:00:00.000Z,False,083af938-a0da-4c39-9d30-93209310be16,e68f870e-28bb-4b94-b631-7e5414edd6f8,IWDominate,coach,1155b4eb-b55e-4cf2-9d66-9476d31db16f,C9,Cloud9 Kia,13.4,14.5,-1.1,False,10.751999999999999,10.751999999999999,10.751999999999999,10.751999999999999,13.4,b4b7af39-ebdc-4e51-84a9-95ce4196793e,2026 - Split 2,2026,DIG,red,2026-08-01T20:00:00.000Z,http://static.lolesports.com/players/default-headshot.png,https://api.lcsofficial.gg/market
2026-07-28T15:09:35.903110Z,dd8d48d0-4d2d-4d0e-9f66-719f6ea257d0,Round 2 (Split 3),1,2026-07-28T15:00:00.000Z,2026-08-01T20:00:00.000Z,False,37bcf230-8df7-4d31-abe6-4426a071279f,83c0b8a2-3a42-4ff9-af93-45328f4e0d22,Tactical,bottom,1155b4eb-b55e-4cf2-9d66-9476d31db16f,C9,Cloud9 Kia,14.8,17,-2.2,False,8.645,8.645,8.645,8.645,14.8,b4b7af39-ebdc-4e51-84a9-95ce4196793e,2026 - Split 2,2026,DIG,red,2026-08-01T20:00:00.000Z,http://static.lolesports.com/players/default-headshot.png,https://api.lcsofficial.gg/market
2026-07-28T15:09:35.903110Z,dd8d48d0-4d2d-4d0e-9f66-719f6ea257d0,Round 2 (Split 3),1,2026-07-28T15:00:00.000Z,2026-08-01T20:00:00.000Z,False,da64560a-5833-4e74-b2da-7766013c42f7,7cf2a890-7c07-46b1-af4f-5cfff67e4728,Thanatos,top,1155b4eb-b55e-4cf2-9d66-9476d31db16f,C9,Cloud9 Kia,18,20,-2.0,False,12.645,12.645,12.645,12.645,18,b4b7af39-ebdc-4e51-84a9-95ce4196793e,2026 - Split 2,2026,DIG,red,2026-08-01T20:00:00.000Z,http://static.lolesports.com/players/1739476937623_image13.png,https://api.lcsofficial.gg/market
2026-07-28T15:09:35.903110Z,dd8d48d0-4d2d-4d0e-9f66-719f6ea257d0,Round 2 (Split 3),1,2026-07-28T15:00:00.000Z,2026-08-01T20:00:00.000Z,False,b7c91ef3-3010-4b89-93b9-3a9d668ef392,5a2e6a51-614e-46d6-a6a9-9b56656bfa54,Vulcan,support,1155b4eb-b55e-4cf2-9d66-9476d31db16f,C9,Cloud9 Kia,17.4,19.5,-2.1,False,11.58,11.58,11.58,11.58,17.4,b4b7af39-ebdc-4e51-84a9-95ce4196793e,2026 - Split 2,2026,DIG,red,2026-08-01T20:00:00.000Z,http://static.lolesports.com/players/1739477742600_ggsdgs12.png,https://api.lcsofficial.gg/market
2026-07-28T15:09:35.903110Z,dd8d48d0-4d2d-4d0e-9f66-719f6ea257d0,Round 2 (Split 3),1,2026-07-28T15:00:00.000Z,2026-08-01T20:00:00.000Z,False,90d13af0-c642-4508-b343-b7af74e3237b,5051003b-a465-42b8-ab18-5765d5668348,APA,mid,1155b4eb-b55e-4cf2-9d66-9476d31db16f,C9,Cloud9 Kia,17.5,17.5,0.0,False,,,,,,b4b7af39-ebdc-4e51-84a9-95ce4196793e,2026 - Split 2,2026,DIG,red,2026-08-01T20:00:00.000Z,http://static.lolesports.com/players/1726214761765_TL_1500x1500_APA_04.png,https://api.lcsofficial.gg/market
2026-07-28T15:09:35.903110Z,dd8d48d0-4d2d-4d0e-9f66-719f6ea257d0,Round 2 (Split 3),1,2026-07-28T15:00:00.000Z,2026-08-01T20:00:00.000Z,False,2394786c-e1dc-4045-b5f8-a4fe1e675cc1,48c588fd-35f6-4f4b-a7aa-90d6b15a607f,Loki ,mid,1155b4eb-b55e-4cf2-9d66-9476d31db16f,C9,Cloud9 Kia,15.2,17,-1.8,False,10.515,10.515,10.515,10.515,15.2,b4b7af39-ebdc-4e51-84a9-95ce4196793e,2026 - Split 2,2026,DIG,red,2026-08-01T20:00:00.000Z,http://static.lolesports.com/players/1739477209687_headsshot.png,https://api.lcsofficial.gg/market
2026-07-28T15:09:35.903110Z,dd8d48d0-4d2d-4d0e-9f66-719f6ea257d0,Round 2 (Split 3),1,2026-07-28T15:00:00.000Z,2026-08-01T20:00:00.000Z,False,2486f60e-979d-45d8-959f-f02d15791361,4422bc32-4b72-4eeb-afc0-76ce0946d4bb,Blaber,jungle,1155b4eb-b55e-4cf2-9d66-9476d31db16f,C9,Cloud9 Kia,15.6,17.5,-1.9,False,10.375,10.375,10.375,10.375,15.6,b4b7af39-ebdc-4e51-84a9-95ce4196793e,2026 - Split 2,2026,DIG,red,2026-08-01T20:00:00.000Z,http://static.lolesports.com/players/1739477380185_ggsdgsd.png,https://api.lcsofficial.gg/market
2026-07-28T15:09:35.903110Z,dd8d48d0-4d2d-4d0e-9f66-719f6ea257d0,Round 2 (Split 3),1,2026-07-28T15:00:00.000Z,2026-08-01T20:00:00.000Z,False,b4f01c13-3718-4898-b610-8a38dfe482cd,126a414a-52a9-4289-91f3-5370c312d825,Zven,bottom,1155b4eb-b55e-4cf2-9d66-9476d31db16f,C9,Cloud9 Kia,20,20,0.0,False,,,,,,b4b7af39-ebdc-4e51-84a9-95ce4196793e,2026 - Split 2,2026,DIG,red,2026-08-01T20:00:00.000Z,http://static.lolesports.com/players/1739477500671_ggsdgs1.png,https://api.lcsofficial.gg/market
2026-07-28T15:09:35.903110Z,dd8d48d0-4d2d-4d0e-9f66-719f6ea257d0,Round 2 (Split 3),1,2026-07-28T15:00:00.000Z,2026-08-01T20:00:00.000Z,False,861c6943-7548-4e7a-869d-99cf4f09d04b,fa1800bf-32f8-424a-9aa8-f78db37971e1,Morgan,top,40dbf5d2-24ba-4894-b90f-4397fe4a53ea,TLAW,Team Liquid Alienware,17.2,18,-0.8,False,15.370000000000001,15.370000000000001,15.370000000000001,15.370000000000001,17.2,b4b7af39-ebdc-4e51-84a9-95ce4196793e,2026 - Split 2,2026,SEN,red,2026-08-02T23:00:00.000Z,http://static.lolesports.com/players/1758213645297_morgan.png,https://api.lcsofficial.gg/market
2026-07-28T15:09:35.903110Z,dd8d48d0-4d2d-4d0e-9f66-719f6ea257d0,Round 2 (Split 3),1,2026-07-28T15:00:00.000Z,2026-08-01T20:00:00.000Z,False,d01d2e93-0b34-49b7-89a4-54127eebc6a4,d133f390-cbca-4fc9-990a-1698add0efcb,Quid,mid,40dbf5d2-24ba-4894-b90f-4397fe4a53ea,TLAW,Team Liquid Alienware,21.4,20,1.4,False,27.01,27.01,27.01,27.01,21.4,b4b7af39-ebdc-4e51-84a9-95ce4196793e,2026 - Split 2,2026,SEN,red,2026-08-02T23:00:00.000Z,http://static.lolesports.com/players/1753349183025_image6322.png,https://api.lcsofficial.gg/market
2026-07-28T15:09:35.903110Z,dd8d48d0-4d2d-4d0e-9f66-719f6ea257d0,Round 2 (Split 3),1,2026-07-28T15:00:00.000Z,2026-08-01T20:00:00.000Z,False,b4de333b-d729-4c08-b72d-d6285f12dced,cafdb5d6-31c1-431c-95ba-488bc87d60f1,CoreJJ,support,40dbf5d2-24ba-4894-b90f-4397fe4a53ea,TLAW,Team Liquid Alienware,19.5,17.5,2.0,False,26.665,26.665,26.665,26.665,19.5,b4b7af39-ebdc-4e51-84a9-95ce4196793e,2026 - Split 2,2026,SEN,red,2026-08-02T23:00:00.000Z,http://static.lolesports.com/players/1726214772049_TL_1500x1500_COREJJ_03.png,https://api.lcsofficial.gg/market
2026-07-28T15:09:35.903110Z,dd8d48d0-4d2d-4d0e-9f66-719f6ea257d0,Round 2 (Split 3),1,2026-07-28T15:00:00.000Z,2026-08-01T20:00:00.000Z,False,3451f783-75f5-4c91-962d-d8d27c4b4951,ad1d3cd7-b135-4063-9230-529d64631ffb,Yeon,bottom,40dbf5d2-24ba-4894-b90f-4397fe4a53ea,TLAW,Team Liquid Alienware,21.4,19,2.4,False,29.695,29.695,29.695,29.695,21.4,b4b7af39-ebdc-4e51-84a9-95ce4196793e,2026 - Split 2,2026,SEN,red,2026-08-02T23:00:00.000Z,http://static.lolesports.com/players/1726214767306_TL_1500x1500_YEON_03.png,https://api.lcsofficial.gg/market
2026-07-28T15:09:35.903110Z,dd8d48d0-4d2d-4d0e-9f66-719f6ea257d0,Round 2 (Split 3),1,2026-07-28T15:00:00.000Z,2026-08-01T20:00:00.000Z,False,d17c889e-8ee0-4f78-a18a-a1754b016026,a5ba4d63-5d27-478d-a819-0467e5df39b2,Spawn,coach,40dbf5d2-24ba-4894-b90f-4397fe4a53ea,TLAW,Team Liquid Alienware,16.9,15,1.9,False,23.576,23.576,23.576,23.576,16.9,b4b7af39-ebdc-4e51-84a9-95ce4196793e,2026 - Split 2,2026,SEN,red,2026-08-02T23:00:00.000Z,http://static.lolesports.com/players/default-headshot.png,https://api.lcsofficial.gg/market
2026-07-28T15:09:35.903110Z,dd8d48d0-4d2d-4d0e-9f66-719f6ea257d0,Round 2 (Split 3),1,2026-07-28T15:00:00.000Z,2026-08-01T20:00:00.000Z,False,1f18aca2-b08e-4cef-93a2-797342aa24c2,89cd186d-7ba4-44e4-9f69-caaa0b1c859a,Josedeodo,jungle,40dbf5d2-24ba-4894-b90f-4397fe4a53ea,TLAW,Team Liquid Alienware,19.6,20,-0.4,False,19.14,19.14,19.14,19.14,19.6,b4b7af39-ebdc-4e51-84a9-95ce4196793e,2026 - Split 2,2026,SEN,red,2026-08-02T23:00:00.000Z,http://static.lolesports.com/players/1753347194592_image6420.png,https://api.lcsofficial.gg/market
