player,team_id,role,prediction_period_id,target_cutoff,prior_games,kp_recent,kp_long,kp_recent_minus_long,damage_share_recent,gold_share_recent,csdiffat15_recent,latest_source_match_timestamp,source
FBI,oe:team:4bd1751425ef6a9bc9d4d8e9385b4a6,BOT,2025-02-03T00:00:00+00:00,2025-02-03 00:15:46+00:00,49,0.6165647015202077,0.7111290375051007,-0.094564335984893,0.27853533333333336,0.24132833333333337,0.0,2025-02-02 23:06:46+00:00,Oracle's Elixir existing immutable player-game CSV
Yeon,oe:team:8eb884e168f28402ce685bedebb5250,BOT,2025-02-03T00:00:00+00:00,2025-02-03 00:15:46+00:00,93,0.657020757020757,0.6662017375404321,-0.009180980519675086,0.2447406666666667,0.2629033333333333,0.0,2025-02-02 23:06:46+00:00,Oracle's Elixir existing immutable player-game CSV
River,oe:team:4bd1751425ef6a9bc9d4d8e9385b4a6,JGL,2025-02-03T00:00:00+00:00,2025-02-03 00:15:46+00:00,72,0.6058120133481647,0.7193929766843254,-0.11358096333616075,0.16519399999999998,0.179357,-2.0,2025-02-02 23:06:46+00:00,Oracle's Elixir existing immutable player-game CSV
Inspired,oe:team:2e66da41dc460dd378e3bcc57042d31,JGL,2025-02-03T00:00:00+00:00,2025-02-03 00:15:46+00:00,90,0.868937048503612,0.7509482073418711,0.11798884116174091,0.14496003333333332,0.17912000000000003,5.0,2025-01-25 22:01:01+00:00,Oracle's Elixir existing immutable player-game CSV
APA,oe:team:8eb884e168f28402ce685bedebb5250,MID,2025-02-03T00:00:00+00:00,2025-02-03 00:15:46+00:00,93,0.5646520146520146,0.6568382495565853,-0.09218623490457067,0.24355766666666667,0.229195,2.0,2025-02-02 23:06:46+00:00,Oracle's Elixir existing immutable player-game CSV
Quid,oe:team:4bd1751425ef6a9bc9d4d8e9385b4a6,MID,2025-02-03T00:00:00+00:00,2025-02-03 00:15:46+00:00,72,0.7624212087504635,0.6552063863735879,0.10721482237687563,0.32398566666666667,0.27782966666666664,-2.0,2025-02-02 23:06:46+00:00,Oracle's Elixir existing immutable player-game CSV
Eyla,oe:team:4bd1751425ef6a9bc9d4d8e9385b4a6,SUP,2025-02-03T00:00:00+00:00,2025-02-03 00:15:46+00:00,72,0.632678284513657,0.717448960172811,-0.08477067565915397,0.07122953333333333,0.11664316666666667,4.666666666666667,2025-02-02 23:06:46+00:00,Oracle's Elixir existing immutable player-game CSV
CoreJJ,oe:team:8eb884e168f28402ce685bedebb5250,SUP,2025-02-03T00:00:00+00:00,2025-02-03 00:15:46+00:00,93,0.7603785103785103,0.7271618258657391,0.033216684512771266,0.07934206666666667,0.09756066666666667,-4.666666666666667,2025-02-02 23:06:46+00:00,Oracle's Elixir existing immutable player-game CSV
Bwipo,oe:team:2e66da41dc460dd378e3bcc57042d31,TOP,2025-02-03T00:00:00+00:00,2025-02-03 00:15:46+00:00,90,0.5978672170622635,0.578436669884371,0.0194305471778925,0.281967,0.22412633333333332,8.333333333333334,2025-01-25 22:01:01+00:00,Oracle's Elixir existing immutable player-game CSV
Srtty,oe:team:0dbb780176ecad18f17292d1f5653af,TOP,2025-02-03T00:00:00+00:00,2025-02-03 00:15:46+00:00,77,0.6051587301587301,0.5520353181261851,0.053123412032545,0.2248146666666667,0.20074433333333333,-7.333333333333333,2025-02-02 01:34:49+00:00,Oracle's Elixir existing immutable player-game CSV
Zven,oe:team:fc8e90107dabb9a35c490b0d86adea0,BOT,2025-02-10T00:00:00+00:00,2025-02-10 00:46:00+00:00,36,0.5390287312484109,0.7331771002018792,-0.19414836895346832,0.2939293333333333,0.23195866666666665,2.0,2025-02-03 02:54:42+00:00,Oracle's Elixir existing immutable player-game CSV
Route,oe:team:658a021a796aa5501503220adb38cf4,BOT,2025-02-10T00:00:00+00:00,2025-02-10 00:46:00+00:00,79,0.6964285714285715,0.7358510783893011,-0.039422506960729575,0.34350466666666674,0.2702876666666667,6.666666666666667,2025-02-09 22:10:45+00:00,Oracle's Elixir existing immutable player-game CSV
Quad,oe:team:2e66da41dc460dd378e3bcc57042d31,MID,2025-02-10T00:00:00+00:00,2025-02-10 00:46:00+00:00,97,0.5155929038281979,0.6901606045318924,-0.17456770070369454,0.2217773333333333,0.21391233333333334,-3.3333333333333335,2025-02-09 23:49:15+00:00,Oracle's Elixir existing immutable player-game CSV
Quid,oe:team:4bd1751425ef6a9bc9d4d8e9385b4a6,MID,2025-02-10T00:00:00+00:00,2025-02-10 00:46:00+00:00,73,0.7550287356321839,0.6556487646424428,0.09937997098974105,0.28298066666666666,0.258286,-0.6666666666666666,2025-02-03 02:54:42+00:00,Oracle's Elixir existing immutable player-game CSV
Eyla,oe:team:4bd1751425ef6a9bc9d4d8e9385b4a6,SUP,2025-02-10T00:00:00+00:00,2025-02-10 00:46:00+00:00,73,0.6884578544061303,0.7187510292115395,-0.030293174805409273,0.07192406666666666,0.11289903333333334,0.0,2025-02-03 02:54:42+00:00,Oracle's Elixir existing immutable player-game CSV
CoreJJ,oe:team:8eb884e168f28402ce685bedebb5250,SUP,2025-02-10T00:00:00+00:00,2025-02-10 00:46:00+00:00,95,0.7656695156695156,0.7279350271925421,0.03773448847697347,0.058600433333333334,0.08937473333333334,-4.0,2025-02-09 21:57:01+00:00,Oracle's Elixir existing immutable player-game CSV
Bwipo,oe:team:2e66da41dc460dd378e3bcc57042d31,TOP,2025-02-10T00:00:00+00:00,2025-02-10 00:46:00+00:00,95,0.7792717086834734,0.5857591096383559,0.19351259904511753,0.26476866666666665,0.23718366666666668,9.0,2025-02-09 23:49:15+00:00,Oracle's Elixir existing immutable player-game CSV
Wizer,oe:team:61450737f7b683db4da7b3e0bf0dced,TOP,2025-02-10T00:00:00+00:00,2025-02-10 00:46:00+00:00,91,0.7316176470588235,0.5935943406266772,0.13802330643214633,0.24732300000000004,0.20048533333333332,16.666666666666668,2025-02-09 22:10:45+00:00,Oracle's Elixir existing immutable player-game CSV
Yeon,oe:team:8eb884e168f28402ce685bedebb5250,BOT,2025-02-17T00:00:00+00:00,2025-02-22 19:13:32+00:00,99,0.6940267335004178,0.6687825930545087,0.025244140445909058,0.30380233333333334,0.3046733333333333,-6.666666666666667,2025-02-16 23:17:16+00:00,Oracle's Elixir existing immutable player-game CSV
FBI,oe:team:4bd1751425ef6a9bc9d4d8e9385b4a6,BOT,2025-02-17T00:00:00+00:00,2025-02-22 19:13:32+00:00,52,0.7312801932367149,0.7122916041819245,0.018988589054790395,0.2829076666666667,0.263316,2.6666666666666665,2025-02-15 20:02:58+00:00,Oracle's Elixir existing immutable player-game CSV
River,oe:team:4bd1751425ef6a9bc9d4d8e9385b4a6,JGL,2025-02-17T00:00:00+00:00,2025-02-22 19:13:32+00:00,75,0.7126610305958132,0.719123698840785,-0.00646266824497177,0.21736,0.19423666666666664,6.0,2025-02-15 20:02:58+00:00,Oracle's Elixir existing immutable player-game CSV
Inspired,oe:team:2e66da41dc460dd378e3bcc57042d31,JGL,2025-02-17T00:00:00+00:00,2025-02-22 19:13:32+00:00,98,0.7971781305114639,0.748661556769183,0.04851657374228091,0.16062933333333332,0.206213,13.0,2025-02-15 22:08:12+00:00,Oracle's Elixir existing immutable player-game CSV
APA,oe:team:8eb884e168f28402ce685bedebb5250,MID,2025-02-17T00:00:00+00:00,2025-02-22 19:13:32+00:00,99,0.7376775271512114,0.6631531756908148,0.0745243514603966,0.3270133333333333,0.2430846666666667,-2.3333333333333335,2025-02-16 23:17:16+00:00,Oracle's Elixir existing immutable player-game CSV
Loki,oe:team:fc8e90107dabb9a35c490b0d86adea0,MID,2025-02-17T00:00:00+00:00,2025-02-22 19:13:32+00:00,107,0.5833333333333334,0.7034322136502684,-0.12009888031693505,0.24581166666666668,0.23677533333333334,-3.0,2025-02-16 19:58:13+00:00,Oracle's Elixir existing immutable player-game CSV
Zven,oe:team:fc8e90107dabb9a35c490b0d86adea0,BOT,2025-04-21T00:00:00+00:00,2025-04-21 20:07:10+00:00,47,0.6558343617167147,0.7152379111473791,-0.05940354943066439,0.289221,0.25313766666666665,-5.666666666666667,2025-04-20 21:02:57+00:00,Oracle's Elixir existing immutable player-game CSV
Tomo,oe:team:0dbb780176ecad18f17292d1f5653af,BOT,2025-04-21T00:00:00+00:00,2025-04-21 20:07:10+00:00,78,0.7583151779230212,0.7013967742829362,0.056918403640084936,0.314145,0.25880866666666663,2.3333333333333335,2025-04-20 22:53:25+00:00,Oracle's Elixir existing immutable player-game CSV
Blaber,oe:team:fc8e90107dabb9a35c490b0d86adea0,JGL,2025-04-21T00:00:00+00:00,2025-04-21 20:07:10+00:00,64,0.654326066090772,0.742565411858209,-0.08823934576743697,0.12296573333333334,0.19711266666666663,12.333333333333334,2025-04-20 21:02:57+00:00,Oracle's Elixir existing immutable player-game CSV
Inspired,oe:team:2e66da41dc460dd378e3bcc57042d31,JGL,2025-04-21T00:00:00+00:00,2025-04-21 20:07:10+00:00,107,0.7340777502067825,0.7436443223633362,-0.009566572156553765,0.1177603,0.19549333333333332,4.333333333333333,2025-04-20 21:02:57+00:00,Oracle's Elixir existing immutable player-game CSV
APA,oe:team:8eb884e168f28402ce685bedebb5250,MID,2025-04-21T00:00:00+00:00,2025-04-21 20:07:10+00:00,121,0.5964052287581699,0.6617350879367889,-0.065329859178619,0.26670166666666667,0.230576,4.666666666666667,2025-04-20 22:02:17+00:00,Oracle's Elixir existing immutable player-game CSV
Loki,oe:team:fc8e90107dabb9a35c490b0d86adea0,MID,2025-04-21T00:00:00+00:00,2025-04-21 20:07:10+00:00,116,0.7551076374605787,0.7041845801222789,0.050923057338299826,0.28552133333333335,0.229392,8.333333333333334,2025-04-20 21:02:57+00:00,Oracle's Elixir existing immutable player-game CSV
Vulcan,oe:team:fc8e90107dabb9a35c490b0d86adea0,SUP,2025-04-21T00:00:00+00:00,2025-04-21 20:07:10+00:00,64,0.8488962018373784,0.7706876097421674,0.07820859209521092,0.05767823333333333,0.10238036666666667,1.0,2025-04-20 21:02:57+00:00,Oracle's Elixir existing immutable player-game CSV
CoreJJ,oe:team:8eb884e168f28402ce685bedebb5250,SUP,2025-04-21T00:00:00+00:00,2025-04-21 20:07:10+00:00,121,0.7401960784313726,0.7318189310722343,0.008377147359138304,0.09839690000000001,0.0891569,1.6666666666666667,2025-04-20 22:02:17+00:00,Oracle's Elixir existing immutable player-game CSV
Bwipo,oe:team:2e66da41dc460dd378e3bcc57042d31,TOP,2025-04-21T00:00:00+00:00,2025-04-21 20:07:10+00:00,107,0.7852770885028949,0.5907168912608709,0.194560197242024,0.3112956666666667,0.23822033333333334,7.666666666666667,2025-04-20 21:02:57+00:00,Oracle's Elixir existing immutable player-game CSV
Fudge,oe:team:b360f1d729b0a8e0f29a5243c4200fa,TOP,2025-04-21T00:00:00+00:00,2025-04-21 20:07:10+00:00,36,0.6118326118326118,0.5836475415422784,0.028185070290333458,0.23519533333333334,0.23936866666666665,-15.333333333333334,2025-04-20 22:02:17+00:00,Oracle's Elixir existing immutable player-game CSV
TitaN,oe:team:61450737f7b683db4da7b3e0bf0dced,BOT,2025-09-08T00:00:00+00:00,2025-09-13 20:14:47+00:00,149,0.7473544973544973,0.6962243892696913,0.051130108084806,0.302144,0.2745323333333333,12.666666666666666,2025-09-06 18:07:07+00:00,Oracle's Elixir existing immutable player-game CSV
Rabelo,oe:team:67169969ecc058b307edfa9c6b7a3c0,BOT,2025-09-08T00:00:00+00:00,2025-09-13 20:14:47+00:00,68,0.5968253968253968,0.6945873021603152,-0.09776190533491835,0.24763666666666664,0.2597336666666667,-5.0,2025-09-07 17:54:49+00:00,Oracle's Elixir existing immutable player-game CSV
River,oe:team:4bd1751425ef6a9bc9d4d8e9385b4a6,JGL,2025-09-08T00:00:00+00:00,2025-09-13 20:14:47+00:00,126,0.8425925925925926,0.7283247486408251,0.11426784395176748,0.19492833333333334,0.21177100000000001,-3.6666666666666665,2025-09-07 22:50:47+00:00,Oracle's Elixir existing immutable player-game CSV
CarioK,oe:team:61450737f7b683db4da7b3e0bf0dced,JGL,2025-09-08T00:00:00+00:00,2025-09-13 20:14:47+00:00,140,0.7552910052910052,0.751745247605282,0.003545757685723183,0.15094366666666667,0.173717,5.666666666666667,2025-09-06 18:07:07+00:00,Oracle's Elixir existing immutable player-game CSV
Massu,oe:team:2e66da41dc460dd378e3bcc57042d31,BOT,2025-09-15T00:00:00+00:00,2025-09-20 20:12:24+00:00,164,0.7005291005291006,0.6841946529999842,0.01633444752911639,0.30873899999999993,0.25485833333333335,-18.333333333333332,2025-09-07 22:50:47+00:00,Oracle's Elixir existing immutable player-game CSV
Morttheus,oe:team:b9e44c69c1a70fb35df9be96f9eafea,BOT,2025-09-15T00:00:00+00:00,2025-09-20 20:12:24+00:00,122,0.6822796934865899,0.7031517099540889,-0.020872016467499033,0.2785476666666667,0.2527373333333333,5.0,2025-09-07 17:54:49+00:00,Oracle's Elixir existing immutable player-game CSV
Busio,oe:team:2e66da41dc460dd378e3bcc57042d31,SUP,2025-09-15T00:00:00+00:00,2025-09-20 20:12:24+00:00,164,0.7770723104056437,0.7220045112246906,0.05506779918095317,0.06724126666666666,0.08907286666666665,2.6666666666666665,2025-09-07 22:50:47+00:00,Oracle's Elixir existing immutable player-game CSV
frosty,oe:team:67169969ecc058b307edfa9c6b7a3c0,SUP,2025-09-15T00:00:00+00:00,2025-09-20 20:12:24+00:00,95,0.7827380952380952,0.7722977188761703,0.010440376361924963,0.10372633333333332,0.12186266666666667,5.666666666666667,2025-09-14 23:42:24+00:00,Oracle's Elixir existing immutable player-game CSV
Gakgos,oe:team:2e66da41dc460dd378e3bcc57042d31,TOP,2025-09-15T00:00:00+00:00,2025-09-20 20:12:24+00:00,78,0.5303030303030303,0.5363288016383215,-0.006025771335291252,0.23333966666666664,0.206336,5.666666666666667,2025-08-31 20:58:43+00:00,Oracle's Elixir existing immutable player-game CSV
fNb,oe:team:67169969ecc058b307edfa9c6b7a3c0,TOP,2025-09-15T00:00:00+00:00,2025-09-20 20:12:24+00:00,124,0.6101190476190476,0.5682397892292163,0.04187925838983131,0.208203,0.21893833333333332,8.666666666666666,2025-09-14 23:42:24+00:00,Oracle's Elixir existing immutable player-game CSV
River,oe:team:4bd1751425ef6a9bc9d4d8e9385b4a6,JGL,2025-09-22T00:00:00+00:00,2025-09-27 20:15:13+00:00,132,0.6255973715651135,0.7275053821472676,-0.10190801058215404,0.132876,0.18200566666666665,-3.0,2025-09-21 21:53:03+00:00,Oracle's Elixir existing immutable player-game CSV
Inspired,oe:team:2e66da41dc460dd378e3bcc57042d31,JGL,2025-09-22T00:00:00+00:00,2025-09-27 20:15:13+00:00,167,0.6416666666666666,0.7207036806446994,-0.07903701397803276,0.11157353333333335,0.1954503333333333,15.0,2025-09-20 21:56:51+00:00,Oracle's Elixir existing immutable player-game CSV
Mireu,oe:team:b9e44c69c1a70fb35df9be96f9eafea,MID,2025-09-22T00:00:00+00:00,2025-09-27 20:15:13+00:00,126,0.6857142857142857,0.6739664607549114,0.01174782495937432,0.23413833333333334,0.23038666666666666,-2.0,2025-09-20 21:56:51+00:00,Oracle's Elixir existing immutable player-game CSV
Quid,oe:team:4bd1751425ef6a9bc9d4d8e9385b4a6,MID,2025-09-22T00:00:00+00:00,2025-09-27 20:15:13+00:00,132,0.7519414575866189,0.692297715597736,0.05964374198888289,0.27125566666666673,0.26892733333333335,4.666666666666667,2025-09-21 21:53:03+00:00,Oracle's Elixir existing immutable player-game CSV
