year,week_start,lock_time,player,team,role,opponents,T3_proxy_prediction,T3_team_total,T3_implied_share,historical_share_prior,S30_prediction,prediction_provenance,t3_proxy_provenance,cutoff_safe
2025,2025-02-03T00:00:00+00:00,2025-02-03 00:15:46+00:00,Bvoy,Shopify Rebellion,bot,Team Liquid,12.901401490916284,61.560958891511085,0.20957115878673091,0.20931405907261866,12.896653299436837,RECONSTRUCTED_S30_PERIOD_EXTENSION,PRELOCK_HISTORICAL_RIDGE_PROXY,True
2025,2025-02-03T00:00:00+00:00,2025-02-03 00:15:46+00:00,FBI,100 Thieves,bot,Cloud9,16.016598811173548,66.745887559056939,0.23996382993636903,0.22432100842603209,15.703370609482942,RECONSTRUCTED_S30_PERIOD_EXTENSION,PRELOCK_HISTORICAL_RIDGE_PROXY,True
2025,2025-02-03T00:00:00+00:00,2025-02-03 00:15:46+00:00,Massu,FlyQuest,bot,Cloud9|Dignitas,17.986200485970464,80.40482534593707,0.22369553579136434,0.21052288354948465,17.668457045115133,RECONSTRUCTED_S30_PERIOD_EXTENSION,PRELOCK_HISTORICAL_RIDGE_PROXY,True
2025,2025-02-03T00:00:00+00:00,2025-02-03 00:15:46+00:00,Tomo,Dignitas,bot,FlyQuest,13.301547568306392,64.34622512187687,0.20671838236216969,0.19513582019011422,13.077959322403027,RECONSTRUCTED_S30_PERIOD_EXTENSION,PRELOCK_HISTORICAL_RIDGE_PROXY,True
2025,2025-02-03T00:00:00+00:00,2025-02-03 00:15:46+00:00,Yeon,Team Liquid,bot,Shopify Rebellion,19.504589681197327,84.637155768413322,0.23044949353646005,0.21507673141929662,19.11425762262699,RECONSTRUCTED_S30_PERIOD_EXTENSION,PRELOCK_HISTORICAL_RIDGE_PROXY,True
2025,2025-02-03T00:00:00+00:00,2025-02-03 00:15:46+00:00,Zven,Cloud9,bot,100 Thieves|FlyQuest,14.700529694851292,68.642845355870264,0.21415967853078105,0.20894535341787804,14.593151861143223,RECONSTRUCTED_S30_PERIOD_EXTENSION,PRELOCK_HISTORICAL_RIDGE_PROXY,True
2025,2025-02-03T00:00:00+00:00,2025-02-03 00:15:46+00:00,Blaber,Cloud9,jgl,100 Thieves|FlyQuest,10.906429300287591,68.642845355870264,0.15888661438412949,0.15818953457348511,10.892074437794763,RECONSTRUCTED_S30_PERIOD_EXTENSION,PRELOCK_HISTORICAL_RIDGE_PROXY,True
2025,2025-02-03T00:00:00+00:00,2025-02-03 00:15:46+00:00,Contractz,Shopify Rebellion,jgl,Team Liquid,10.497773980978328,61.560958891511085,0.17052648577938109,0.13534025250101983,9.8479445028594341,RECONSTRUCTED_S30_PERIOD_EXTENSION,PRELOCK_HISTORICAL_RIDGE_PROXY,True
2025,2025-02-03T00:00:00+00:00,2025-02-03 00:15:46+00:00,Inspired,FlyQuest,jgl,Cloud9|Dignitas,13.731109076894436,80.40482534593707,0.17077468942712257,0.17621731207183489,13.862393013846017,RECONSTRUCTED_S30_PERIOD_EXTENSION,PRELOCK_HISTORICAL_RIDGE_PROXY,True
2025,2025-02-03T00:00:00+00:00,2025-02-03 00:15:46+00:00,River,100 Thieves,jgl,Cloud9,10.176426955277188,66.745887559056939,0.15246522785801686,0.14766880155266546,10.080384436018502,RECONSTRUCTED_S30_PERIOD_EXTENSION,PRELOCK_HISTORICAL_RIDGE_PROXY,True
2025,2025-02-03T00:00:00+00:00,2025-02-03 00:15:46+00:00,Sheiden,Dignitas,jgl,FlyQuest,11.029711965677102,64.34622512187687,0.17141195065889178,0.14974070181798871,10.611373048700411,RECONSTRUCTED_S30_PERIOD_EXTENSION,PRELOCK_HISTORICAL_RIDGE_PROXY,True
2025,2025-02-03T00:00:00+00:00,2025-02-03 00:15:46+00:00,UmTi,Team Liquid,jgl,Shopify Rebellion,13.349428402174452,84.637155768413322,0.15772539000130806,0.1409030711492279,12.922290435853622,RECONSTRUCTED_S30_PERIOD_EXTENSION,PRELOCK_HISTORICAL_RIDGE_PROXY,True
2025,2025-02-03T00:00:00+00:00,2025-02-03 00:15:46+00:00,APA,Team Liquid,mid,Shopify Rebellion,20.118771912495632,84.637155768413322,0.23770614371240462,0.21385421578750791,19.513144110748694,RECONSTRUCTED_S30_PERIOD_EXTENSION,PRELOCK_HISTORICAL_RIDGE_PROXY,True
2025,2025-02-03T00:00:00+00:00,2025-02-03 00:15:46+00:00,Keine,Dignitas,mid,FlyQuest,16.082072931184285,64.34622512187687,0.24993032459516559,0.21401492190437649,15.388766755118969,RECONSTRUCTED_S30_PERIOD_EXTENSION,PRELOCK_HISTORICAL_RIDGE_PROXY,True
2025,2025-02-03T00:00:00+00:00,2025-02-03 00:15:46+00:00,Loki,Cloud9,mid,100 Thieves|FlyQuest,16.025026095948814,68.642845355870264,0.23345515490899402,0.22028589522020386,15.753833459068137,RECONSTRUCTED_S30_PERIOD_EXTENSION,PRELOCK_HISTORICAL_RIDGE_PROXY,True
2025,2025-02-03T00:00:00+00:00,2025-02-03 00:15:46+00:00,Palafox,Shopify Rebellion,mid,Team Liquid,16.126604233526091,61.560958891511085,0.26196155037068242,0.25761516434245973,16.046333926043072,RECONSTRUCTED_S30_PERIOD_EXTENSION,PRELOCK_HISTORICAL_RIDGE_PROXY,True
2025,2025-02-03T00:00:00+00:00,2025-02-03 00:15:46+00:00,Quad,FlyQuest,mid,Cloud9|Dignitas,19.546378555111787,80.40482534593707,0.24309957108935482,0.22645497757861086,19.14488686485614,RECONSTRUCTED_S30_PERIOD_EXTENSION,PRELOCK_HISTORICAL_RIDGE_PROXY,True
2025,2025-02-03T00:00:00+00:00,2025-02-03 00:15:46+00:00,Quid,100 Thieves,mid,Cloud9,16.536028218604244,66.745887559056939,0.24774602336320903,0.24970212283338411,16.575196697191434,RECONSTRUCTED_S30_PERIOD_EXTENSION,PRELOCK_HISTORICAL_RIDGE_PROXY,True
2025,2025-02-03T00:00:00+00:00,2025-02-03 00:15:46+00:00,Busio,FlyQuest,sup,Cloud9|Dignitas,17.600686165150492,80.40482534593707,0.21890086931256386,0.20234289616192647,17.201283883372575,RECONSTRUCTED_S30_PERIOD_EXTENSION,PRELOCK_HISTORICAL_RIDGE_PROXY,True
2025,2025-02-03T00:00:00+00:00,2025-02-03 00:15:46+00:00,CoreJJ,Team Liquid,sup,Shopify Rebellion,18.726260917828402,84.637155768413322,0.22125342880221244,0.24971238685639094,19.448866497579875,RECONSTRUCTED_S30_PERIOD_EXTENSION,PRELOCK_HISTORICAL_RIDGE_PROXY,True
2025,2025-02-03T00:00:00+00:00,2025-02-03 00:15:46+00:00,Eyla,100 Thieves,sup,Cloud9,15.141528803698019,66.745887559056939,0.22685335917214008,0.21476924156182314,14.89955925711743,RECONSTRUCTED_S30_PERIOD_EXTENSION,PRELOCK_HISTORICAL_RIDGE_PROXY,True
2025,2025-02-03T00:00:00+00:00,2025-02-03 00:15:46+00:00,Isles,Dignitas,sup,FlyQuest,12.006357051716051,64.34622512187687,0.18658992083801429,0.22309681205742699,12.71108124398731,RECONSTRUCTED_S30_PERIOD_EXTENSION,PRELOCK_HISTORICAL_RIDGE_PROXY,True
2025,2025-02-03T00:00:00+00:00,2025-02-03 00:15:46+00:00,Vulcan,Cloud9,sup,100 Thieves|FlyQuest,16.004484583621768,68.642845355870264,0.23315590285700594,0.23698305231421249,16.083296512125216,RECONSTRUCTED_S30_PERIOD_EXTENSION,PRELOCK_HISTORICAL_RIDGE_PROXY,True
2025,2025-02-03T00:00:00+00:00,2025-02-03 00:15:46+00:00,Zeyzal,Shopify Rebellion,sup,Team Liquid,12.604799123482051,61.560958891511085,0.20475313169984075,0.20592804467978046,12.626497754379802,RECONSTRUCTED_S30_PERIOD_EXTENSION,PRELOCK_HISTORICAL_RIDGE_PROXY,True
2025,2025-02-03T00:00:00+00:00,2025-02-03 00:15:46+00:00,Bwipo,FlyQuest,top,Cloud9|Dignitas,11.54045106280989,80.40482534593707,0.14352933437959442,0.18446193063814315,12.527804538747199,RECONSTRUCTED_S30_PERIOD_EXTENSION,PRELOCK_HISTORICAL_RIDGE_PROXY,True
2025,2025-02-03T00:00:00+00:00,2025-02-03 00:15:46+00:00,Fudge,Shopify Rebellion,top,Team Liquid,9.4303800626083287,61.560958891511085,0.15318767336336481,0.19180247940412126,10.143529408791933,RECONSTRUCTED_S30_PERIOD_EXTENSION,PRELOCK_HISTORICAL_RIDGE_PROXY,True
2025,2025-02-03T00:00:00+00:00,2025-02-03 00:15:46+00:00,Impact,Team Liquid,top,Shopify Rebellion,12.938104854717514,84.637155768413322,0.1528655439476149,0.18045359478757661,13.638597101604136,RECONSTRUCTED_S30_PERIOD_EXTENSION,PRELOCK_HISTORICAL_RIDGE_PROXY,True
2025,2025-02-03T00:00:00+00:00,2025-02-03 00:15:46+00:00,Sniper,100 Thieves,top,Cloud9,8.8753047703039432,66.745887559056939,0.13297155967026508,0.16353882562609515,9.4873765592466288,RECONSTRUCTED_S30_PERIOD_EXTENSION,PRELOCK_HISTORICAL_RIDGE_PROXY,True
2025,2025-02-03T00:00:00+00:00,2025-02-03 00:15:46+00:00,Srtty,Dignitas,top,FlyQuest,11.926535604993044,64.34622512187687,0.18534942154575867,0.2180117440300936,12.557044751667149,RECONSTRUCTED_S30_PERIOD_EXTENSION,PRELOCK_HISTORICAL_RIDGE_PROXY,True
2025,2025-02-03T00:00:00+00:00,2025-02-03 00:15:46+00:00,Thanatos,Cloud9,top,100 Thieves|FlyQuest,11.00637568116079,68.642845355870264,0.1603426493190894,0.17559616447422044,11.320489085738915,RECONSTRUCTED_S30_PERIOD_EXTENSION,PRELOCK_HISTORICAL_RIDGE_PROXY,True
2025,2025-02-10T00:00:00+00:00,2025-02-10 00:46:00+00:00,FBI,100 Thieves,bot,paiN Gaming,17.483795065645186,76.933884408619022,0.22725740679858938,0.23544843092279744,17.672845256593195,RECONSTRUCTED_S30_PERIOD_EXTENSION,PRELOCK_HISTORICAL_RIDGE_PROXY,True
2025,2025-02-10T00:00:00+00:00,2025-02-10 00:46:00+00:00,Massu,FlyQuest,bot,Leviatan|Team Liquid,16.445251131248838,76.277210799966369,0.21559848556046166,0.21632021146130181,16.461766502852292,RECONSTRUCTED_S30_PERIOD_EXTENSION,PRELOCK_HISTORICAL_RIDGE_PROXY,True
2025,2025-02-10T00:00:00+00:00,2025-02-10 00:46:00+00:00,Route,LOUD,bot,Cloud9,18.078763969376254,74.003107401874047,0.24429736269315672,0.22600094939207502,17.672566537799547,RECONSTRUCTED_S30_PERIOD_EXTENSION,PRELOCK_HISTORICAL_RIDGE_PROXY,True
2025,2025-02-10T00:00:00+00:00,2025-02-10 00:46:00+00:00,Snaker,Isurus Estral,bot,Team Liquid,16.331795135115755,73.121151352763391,0.22335254345661426,0.22600094939207502,16.389891482490867,RECONSTRUCTED_S30_PERIOD_EXTENSION,PRELOCK_HISTORICAL_RIDGE_PROXY,True
2025,2025-02-10T00:00:00+00:00,2025-02-10 00:46:00+00:00,TitaN,paiN Gaming,bot,100 Thieves,17.73648592381279,77.622499726659854,0.22849671147244824,0.22600094939207502,17.678367736392314,RECONSTRUCTED_S30_PERIOD_EXTENSION,PRELOCK_HISTORICAL_RIDGE_PROXY,True
2025,2025-02-10T00:00:00+00:00,2025-02-10 00:46:00+00:00,Yeon,Team Liquid,bot,FlyQuest|Isurus Estral,16.886390160005313,74.970519490923451,0.22524040482405511,0.22139529895701171,16.799909284700359,RECONSTRUCTED_S30_PERIOD_EXTENSION,PRELOCK_HISTORICAL_RIDGE_PROXY,True
2025,2025-02-10T00:00:00+00:00,2025-02-10 00:46:00+00:00,Zven,Cloud9,bot,LOUD,16.008683412618879,72.007766510137287,0.22231884404254046,0.2186663353157911,15.929780713947277,RECONSTRUCTED_S30_PERIOD_EXTENSION,PRELOCK_HISTORICAL_RIDGE_PROXY,True
2025,2025-02-10T00:00:00+00:00,2025-02-10 00:46:00+00:00,ceo,Leviatan,bot,FlyQuest,16.340174190437949,70.501114817489679,0.23177185542014059,0.22600094939207502,16.21811759789227,RECONSTRUCTED_S30_PERIOD_EXTENSION,PRELOCK_HISTORICAL_RIDGE_PROXY,True
2025,2025-02-10T00:00:00+00:00,2025-02-10 00:46:00+00:00,Blaber,Cloud9,jgl,LOUD,11.509491769114025,72.007766510137287,0.15983681104028846,0.15198329444715042,11.339837512377374,RECONSTRUCTED_S30_PERIOD_EXTENSION,PRELOCK_HISTORICAL_RIDGE_PROXY,True
2025,2025-02-10T00:00:00+00:00,2025-02-10 00:46:00+00:00,CarioK,paiN Gaming,jgl,100 Thieves,12.003239244800865,77.622499726659854,0.15463608215490501,0.14265173147944463,11.724162667691829,RECONSTRUCTED_S30_PERIOD_EXTENSION,PRELOCK_HISTORICAL_RIDGE_PROXY,True
2025,2025-02-10T00:00:00+00:00,2025-02-10 00:46:00+00:00,Inspired,FlyQuest,jgl,Leviatan|Team Liquid,12.994118806901346,76.277210799966369,0.170353879889209,0.16769848518597119,12.933354976440549,RECONSTRUCTED_S30_PERIOD_EXTENSION,PRELOCK_HISTORICAL_RIDGE_PROXY,True
2025,2025-02-10T00:00:00+00:00,2025-02-10 00:46:00+00:00,Josedeodo,Isurus Estral,jgl,Team Liquid,12.806651591516561,73.121151352763391,0.17514291493760201,0.14265173147944463,12.093913768534261,RECONSTRUCTED_S30_PERIOD_EXTENSION,PRELOCK_HISTORICAL_RIDGE_PROXY,True
2025,2025-02-10T00:00:00+00:00,2025-02-10 00:46:00+00:00,River,100 Thieves,jgl,paiN Gaming,12.671872055882201,76.933884408619022,0.16471119524627242,0.15618606914507072,12.475110736070574,RECONSTRUCTED_S30_PERIOD_EXTENSION,PRELOCK_HISTORICAL_RIDGE_PROXY,True
2025,2025-02-10T00:00:00+00:00,2025-02-10 00:46:00+00:00,SCARY,Leviatan,jgl,FlyQuest,11.150294316590298,70.501114817489679,0.15815770212223892,0.14265173147944463,10.822337851597018,RECONSTRUCTED_S30_PERIOD_EXTENSION,PRELOCK_HISTORICAL_RIDGE_PROXY,True
2025,2025-02-10T00:00:00+00:00,2025-02-10 00:46:00+00:00,UmTi,Team Liquid,jgl,FlyQuest|Isurus Estral,11.586590192382918,74.970519490923451,0.15454861819099019,0.14514069564036886,11.374995140097781,RECONSTRUCTED_S30_PERIOD_EXTENSION,PRELOCK_HISTORICAL_RIDGE_PROXY,True
2025,2025-02-10T00:00:00+00:00,2025-02-10 00:46:00+00:00,Wiz,LOUD,jgl,Cloud9,11.161932615208723,74.003107401874047,0.15083059356675149,0.14265173147944463,10.980354252367096,RECONSTRUCTED_S30_PERIOD_EXTENSION,PRELOCK_HISTORICAL_RIDGE_PROXY,True
2025,2025-02-10T00:00:00+00:00,2025-02-10 00:46:00+00:00,APA,Team Liquid,mid,FlyQuest|Isurus Estral,16.865890402709855,74.970519490923451,0.2249669672457289,0.21278091102294244,16.591811913039482,RECONSTRUCTED_S30_PERIOD_EXTENSION,PRELOCK_HISTORICAL_RIDGE_PROXY,True
2025,2025-02-10T00:00:00+00:00,2025-02-10 00:46:00+00:00,Loki,Cloud9,mid,LOUD,16.33216152436329,72.007766510137287,0.22681111102180956,0.20848365173437808,15.936245701635263,RECONSTRUCTED_S30_PERIOD_EXTENSION,PRELOCK_HISTORICAL_RIDGE_PROXY,True
2025,2025-02-10T00:00:00+00:00,2025-02-10 00:46:00+00:00,Mireu,Isurus Estral,mid,Team Liquid,17.065264420097336,73.121151352763391,0.2333834205887734,0.22311506361257671,16.840014194717131,RECONSTRUCTED_S30_PERIOD_EXTENSION,PRELOCK_HISTORICAL_RIDGE_PROXY,True
2025,2025-02-10T00:00:00+00:00,2025-02-10 00:46:00+00:00,Quad,FlyQuest,mid,Leviatan|Team Liquid,18.55064609654341,76.277210799966369,0.24320037271933898,0.21863142529267274,17.988430861944273,RECONSTRUCTED_S30_PERIOD_EXTENSION,PRELOCK_HISTORICAL_RIDGE_PROXY,True
2025,2025-02-10T00:00:00+00:00,2025-02-10 00:46:00+00:00,Quid,100 Thieves,mid,paiN Gaming,18.511028204363395,76.933884408619022,0.24060956166005804,0.22342201652274701,18.114336821104853,RECONSTRUCTED_S30_PERIOD_EXTENSION,PRELOCK_HISTORICAL_RIDGE_PROXY,True
2025,2025-02-10T00:00:00+00:00,2025-02-10 00:46:00+00:00,cody,Leviatan,mid,FlyQuest,16.904194692805156,70.501114817489679,0.23977201972714934,0.22311506361257671,16.551894500142144,RECONSTRUCTED_S30_PERIOD_EXTENSION,PRELOCK_HISTORICAL_RIDGE_PROXY,True
2025,2025-02-10T00:00:00+00:00,2025-02-10 00:46:00+00:00,dyNquedo,paiN Gaming,mid,100 Thieves,16.722617181847525,77.622499726659854,0.2154351797576039,0.22311506361257671,16.901456716577545,RECONSTRUCTED_S30_PERIOD_EXTENSION,PRELOCK_HISTORICAL_RIDGE_PROXY,True
2025,2025-02-10T00:00:00+00:00,2025-02-10 00:46:00+00:00,tinowns,LOUD,mid,Cloud9,17.475915251215255,74.003107401874047,0.23615110047085261,0.22311506361257671,17.186503080499918,RECONSTRUCTED_S30_PERIOD_EXTENSION,PRELOCK_HISTORICAL_RIDGE_PROXY,True
2025,2025-02-10T00:00:00+00:00,2025-02-10 00:46:00+00:00,Ackerman,Isurus Estral,sup,Team Liquid,16.761271028836248,73.121151352763391,0.2292260271993489,0.22184369223535821,16.599329579164618,RECONSTRUCTED_S30_PERIOD_EXTENSION,PRELOCK_HISTORICAL_RIDGE_PROXY,True
2025,2025-02-10T00:00:00+00:00,2025-02-10 00:46:00+00:00,Busio,FlyQuest,sup,Leviatan|Team Liquid,15.887793601655767,76.277210799966369,0.20829017520476473,0.20338642553503905,15.775580297475386,RECONSTRUCTED_S30_PERIOD_EXTENSION,PRELOCK_HISTORICAL_RIDGE_PROXY,True
2025,2025-02-10T00:00:00+00:00,2025-02-10 00:46:00+00:00,CoreJJ,Team Liquid,sup,FlyQuest|Isurus Estral,17.640227895016913,74.970519490923451,0.23529552702582759,0.24473783281294659,17.852596266032652,RECONSTRUCTED_S30_PERIOD_EXTENSION,PRELOCK_HISTORICAL_RIDGE_PROXY,True
2025,2025-02-10T00:00:00+00:00,2025-02-10 00:46:00+00:00,Eyla,100 Thieves,sup,paiN Gaming,17.203054161664838,76.933884408619022,0.22360828773826416,0.21948870778896937,17.107973575375503,RECONSTRUCTED_S30_PERIOD_EXTENSION,PRELOCK_HISTORICAL_RIDGE_PROXY,True
2025,2025-02-10T00:00:00+00:00,2025-02-10 00:46:00+00:00,Kuri,paiN Gaming,sup,100 Thieves,18.155649264936368,77.622499726659854,0.23389673521040596,0.22184369223535821,17.87497306742555,RECONSTRUCTED_S30_PERIOD_EXTENSION,PRELOCK_HISTORICAL_RIDGE_PROXY,True
2025,2025-02-10T00:00:00+00:00,2025-02-10 00:46:00+00:00,ProDelta,Leviatan,sup,FlyQuest,15.429107599122252,70.501114817489679,0.21884912939411635,0.22184369223535821,15.492443604731825,RECONSTRUCTED_S30_PERIOD_EXTENSION,PRELOCK_HISTORICAL_RIDGE_PROXY,True
2025,2025-02-10T00:00:00+00:00,2025-02-10 00:46:00+00:00,Vulcan,Cloud9,sup,LOUD,16.604431240905527,72.007766510137287,0.23059222700051316,0.24173757657876285,16.845196759936861,RECONSTRUCTED_S30_PERIOD_EXTENSION,PRELOCK_HISTORICAL_RIDGE_PROXY,True
2025,2025-02-10T00:00:00+00:00,2025-02-10 00:46:00+00:00,Winsome,LOUD,sup,Cloud9,16.01761069760428,74.003107401874047,0.21644510967114675,0.22184369223535821,16.137464263199444,RECONSTRUCTED_S30_PERIOD_EXTENSION,PRELOCK_HISTORICAL_RIDGE_PROXY,True
2025,2025-02-10T00:00:00+00:00,2025-02-10 00:46:00+00:00,Burdol,Isurus Estral,top,Team Liquid,10.156169177197491,73.121151352763391,0.13889509381766141,0.1863885632805454,11.198002327856505,RECONSTRUCTED_S30_PERIOD_EXTENSION,PRELOCK_HISTORICAL_RIDGE_PROXY,True
2025,2025-02-10T00:00:00+00:00,2025-02-10 00:46:00+00:00,Bwipo,FlyQuest,top,Leviatan|Team Liquid,12.399401163617004,76.277210799966369,0.16255708662622559,0.19396345252501518,13.118078161253857,RECONSTRUCTED_S30_PERIOD_EXTENSION,PRELOCK_HISTORICAL_RIDGE_PROXY,True
2025,2025-02-10T00:00:00+00:00,2025-02-10 00:46:00+00:00,Impact,Team Liquid,top,FlyQuest|Isurus Estral,11.991420840808452,74.970519490923451,0.1599484827133982,0.1759452615667304,12.351206887053172,RECONSTRUCTED_S30_PERIOD_EXTENSION,PRELOCK_HISTORICAL_RIDGE_PROXY,True
2025,2025-02-10T00:00:00+00:00,2025-02-10 00:46:00+00:00,Robo,LOUD,top,Cloud9,11.268884868469536,74.003107401874047,0.15227583359809246,0.1863885632805454,12.026219268008035,RECONSTRUCTED_S30_PERIOD_EXTENSION,PRELOCK_HISTORICAL_RIDGE_PROXY,True
2025,2025-02-10T00:00:00+00:00,2025-02-10 00:46:00+00:00,Sniper,100 Thieves,top,paiN Gaming,11.064134921063401,76.933884408619022,0.143813548556816,0.16545477562041544,11.563618019474891,RECONSTRUCTED_S30_PERIOD_EXTENSION,PRELOCK_HISTORICAL_RIDGE_PROXY,True
2025,2025-02-10T00:00:00+00:00,2025-02-10 00:46:00+00:00,Thanatos,Cloud9,top,LOUD,11.552998563135564,72.007766510137287,0.1604410068948483,0.17912914192391752,11.956705822240503,RECONSTRUCTED_S30_PERIOD_EXTENSION,PRELOCK_HISTORICAL_RIDGE_PROXY,True
2025,2025-02-10T00:00:00+00:00,2025-02-10 00:46:00+00:00,Wizer,paiN Gaming,top,100 Thieves,13.004508111262306,77.622499726659854,0.16753529140463688,0.1863885632805454,13.443539538572612,RECONSTRUCTED_S30_PERIOD_EXTENSION,PRELOCK_HISTORICAL_RIDGE_PROXY,True
2025,2025-02-10T00:00:00+00:00,2025-02-10 00:46:00+00:00,Zothve,Leviatan,top,FlyQuest,10.677344018534018,70.501114817489679,0.15144929333635471,0.1863885632805454,11.416321263126413,RECONSTRUCTED_S30_PERIOD_EXTENSION,PRELOCK_HISTORICAL_RIDGE_PROXY,True
2025,2025-02-17T00:00:00+00:00,2025-02-22 19:13:32+00:00,FBI,100 Thieves,bot,FlyQuest|Team Liquid,15.905460088487329,68.856777568741009,0.23099338438556191,0.23172819016236426,15.920638995866179,RECONSTRUCTED_S30_PERIOD_EXTENSION,PRELOCK_HISTORICAL_RIDGE_PROXY,True
2025,2025-02-17T00:00:00+00:00,2025-02-22 19:13:32+00:00,Massu,FlyQuest,bot,100 Thieves,19.264175357448728,87.866596725278939,0.21924344489726305,0.20790627630779787,18.965327831311615,RECONSTRUCTED_S30_PERIOD_EXTENSION,PRELOCK_HISTORICAL_RIDGE_PROXY,True
2025,2025-02-17T00:00:00+00:00,2025-02-22 19:13:32+00:00,Yeon,Team Liquid,bot,100 Thieves|Cloud9,18.597275602535152,80.353096214683191,0.23144441818206887,0.22444220644510229,18.428480784510334,RECONSTRUCTED_S30_PERIOD_EXTENSION,PRELOCK_HISTORICAL_RIDGE_PROXY,True
2025,2025-02-17T00:00:00+00:00,2025-02-22 19:13:32+00:00,Zven,Cloud9,bot,Team Liquid,14.85854994684704,66.890291197075626,0.22213313293957734,0.22235286504480767,14.862959330198299,RECONSTRUCTED_S30_PERIOD_EXTENSION,PRELOCK_HISTORICAL_RIDGE_PROXY,True
2025,2025-02-17T00:00:00+00:00,2025-02-22 19:13:32+00:00,Blaber,Cloud9,jgl,Team Liquid,10.634377895397186,66.890291197075626,0.15898238301976642,0.16388460795363458,10.732751271399188,RECONSTRUCTED_S30_PERIOD_EXTENSION,PRELOCK_HISTORICAL_RIDGE_PROXY,True
2025,2025-02-17T00:00:00+00:00,2025-02-22 19:13:32+00:00,Inspired,FlyQuest,jgl,100 Thieves,14.99392574489335,87.866596725278939,0.1706442072836041,0.17921068136238538,15.219737821864696,RECONSTRUCTED_S30_PERIOD_EXTENSION,PRELOCK_HISTORICAL_RIDGE_PROXY,True
2025,2025-02-17T00:00:00+00:00,2025-02-22 19:13:32+00:00,River,100 Thieves,jgl,FlyQuest|Team Liquid,11.496893002483729,68.856777568741009,0.16696821153162686,0.16320400885569925,11.419135742569726,RECONSTRUCTED_S30_PERIOD_EXTENSION,PRELOCK_HISTORICAL_RIDGE_PROXY,True
2025,2025-02-17T00:00:00+00:00,2025-02-22 19:13:32+00:00,UmTi,Team Liquid,jgl,100 Thieves|Cloud9,12.385688547128854,80.353096214683191,0.15414077528558975,0.15212836049927991,12.337177419444393,RECONSTRUCTED_S30_PERIOD_EXTENSION,PRELOCK_HISTORICAL_RIDGE_PROXY,True
2025,2025-02-17T00:00:00+00:00,2025-02-22 19:13:32+00:00,APA,Team Liquid,mid,100 Thieves|Cloud9,17.948503641747465,80.353096214683191,0.2233704049660214,0.21221357456384246,17.679557881720307,RECONSTRUCTED_S30_PERIOD_EXTENSION,PRELOCK_HISTORICAL_RIDGE_PROXY,True
2025,2025-02-17T00:00:00+00:00,2025-02-22 19:13:32+00:00,Loki,Cloud9,mid,Team Liquid,16.626724943717193,66.890291197075626,0.24856708867854496,0.20405579649608613,15.733512955024358,RECONSTRUCTED_S30_PERIOD_EXTENSION,PRELOCK_HISTORICAL_RIDGE_PROXY,True
2025,2025-02-17T00:00:00+00:00,2025-02-22 19:13:32+00:00,Quad,FlyQuest,mid,100 Thieves,19.489301704219663,87.866596725278939,0.22180558290147881,0.22001794244640882,19.442179539333033,RECONSTRUCTED_S30_PERIOD_EXTENSION,PRELOCK_HISTORICAL_RIDGE_PROXY,True
2025,2025-02-17T00:00:00+00:00,2025-02-22 19:13:32+00:00,Quid,100 Thieves,mid,FlyQuest|Team Liquid,16.755114999245265,68.856777568741009,0.2433328365173395,0.22106910916021494,16.295212442501079,RECONSTRUCTED_S30_PERIOD_EXTENSION,PRELOCK_HISTORICAL_RIDGE_PROXY,True
2025,2025-02-17T00:00:00+00:00,2025-02-22 19:13:32+00:00,Busio,FlyQuest,sup,100 Thieves,19.155966390151921,87.866596725278939,0.21801193063211941,0.20322459155556238,18.766172442367985,RECONSTRUCTED_S30_PERIOD_EXTENSION,PRELOCK_HISTORICAL_RIDGE_PROXY,True
2025,2025-02-17T00:00:00+00:00,2025-02-22 19:13:32+00:00,CoreJJ,Team Liquid,sup,100 Thieves|Cloud9,18.819745512548128,80.353096214683191,0.23421307204225855,0.24452034386920055,19.068211873994475,RECONSTRUCTED_S30_PERIOD_EXTENSION,PRELOCK_HISTORICAL_RIDGE_PROXY,True
2025,2025-02-17T00:00:00+00:00,2025-02-22 19:13:32+00:00,Eyla,100 Thieves,sup,FlyQuest|Team Liquid,15.273992366086624,68.856777568741009,0.22182264267069879,0.22607190622401005,15.361769544683018,RECONSTRUCTED_S30_PERIOD_EXTENSION,PRELOCK_HISTORICAL_RIDGE_PROXY,True
2025,2025-02-17T00:00:00+00:00,2025-02-22 19:13:32+00:00,Vulcan,Cloud9,sup,Team Liquid,14.552871418803605,66.890291197075626,0.21756328397386079,0.23602915853710404,14.923427736826811,RECONSTRUCTED_S30_PERIOD_EXTENSION,PRELOCK_HISTORICAL_RIDGE_PROXY,True
2025,2025-02-17T00:00:00+00:00,2025-02-22 19:13:32+00:00,Bwipo,FlyQuest,top,100 Thieves,14.963227528565277,87.866596725278939,0.17029483428553463,0.18964050832784551,15.473179090401603,RECONSTRUCTED_S30_PERIOD_EXTENSION,PRELOCK_HISTORICAL_RIDGE_PROXY,True
2025,2025-02-17T00:00:00+00:00,2025-02-22 19:13:32+00:00,Impact,Team Liquid,top,100 Thieves|Cloud9,12.601882910723598,80.353096214683191,0.15683132952406148,0.16669551462257476,12.839668255013681,RECONSTRUCTED_S30_PERIOD_EXTENSION,PRELOCK_HISTORICAL_RIDGE_PROXY,True
2025,2025-02-17T00:00:00+00:00,2025-02-22 19:13:32+00:00,Sniper,100 Thieves,top,FlyQuest|Team Liquid,9.4253171124380604,68.856777568741009,0.13688292489477291,0.15792678559771145,9.860020843121001,RECONSTRUCTED_S30_PERIOD_EXTENSION,PRELOCK_HISTORICAL_RIDGE_PROXY,True
2025,2025-02-17T00:00:00+00:00,2025-02-22 19:13:32+00:00,Thanatos,Cloud9,top,Team Liquid,10.217766992310604,66.890291197075626,0.15275411138825054,0.17367757196836764,10.637639903626974,RECONSTRUCTED_S30_PERIOD_EXTENSION,PRELOCK_HISTORICAL_RIDGE_PROXY,True
2025,2025-04-21T00:00:00+00:00,2025-04-21 20:07:10+00:00,Bvoy,Shopify Rebellion,bot,100 Thieves|Dignitas,16.825116592847905,71.179540084048909,0.23637574186319246,0.25650206984238788,17.254891423589861,RECONSTRUCTED_S30_PERIOD_EXTENSION,PRELOCK_HISTORICAL_RIDGE_PROXY,True
2025,2025-04-21T00:00:00+00:00,2025-04-21 20:07:10+00:00,FBI,100 Thieves,bot,FlyQuest|Shopify Rebellion,16.182814683143299,71.395745985068814,0.22666357021506092,0.22976936919076188,16.249336933568248,RECONSTRUCTED_S30_PERIOD_EXTENSION,PRELOCK_HISTORICAL_RIDGE_PROXY,True
2025,2025-04-21T00:00:00+00:00,2025-04-21 20:07:10+00:00,Hena,LYON,bot,Cloud9|Team Liquid,13.78367842080892,63.9723152018246,0.215463179303784,0.22798640630882444,14.024020368402054,RECONSTRUCTED_S30_PERIOD_EXTENSION,PRELOCK_HISTORICAL_RIDGE_PROXY,True
2025,2025-04-21T00:00:00+00:00,2025-04-21 20:07:10+00:00,Massu,FlyQuest,bot,100 Thieves|Dignitas,19.333895564949493,87.508837794944952,0.22093649112622929,0.21162610596648684,19.089473269523783,RECONSTRUCTED_S30_PERIOD_EXTENSION,PRELOCK_HISTORICAL_RIDGE_PROXY,True
2025,2025-04-21T00:00:00+00:00,2025-04-21 20:07:10+00:00,ScaryJerry,Disguised,bot,Cloud9|Team Liquid,13.913991953421757,57.851600384670547,0.24051178983647739,0.22341693386029141,13.617302520451414,RECONSTRUCTED_S30_PERIOD_EXTENSION,PRELOCK_HISTORICAL_RIDGE_PROXY,True
2025,2025-04-21T00:00:00+00:00,2025-04-21 20:07:10+00:00,Tomo,Dignitas,bot,FlyQuest|Shopify Rebellion,16.533618790640929,68.979808579427782,0.23968780330265863,0.23407288145733027,16.417423920417171,RECONSTRUCTED_S30_PERIOD_EXTENSION,PRELOCK_HISTORICAL_RIDGE_PROXY,True
2025,2025-04-21T00:00:00+00:00,2025-04-21 20:07:10+00:00,Yeon,Team Liquid,bot,Disguised|LYON,18.821968716241599,84.32826185354142,0.22319882210937755,0.228441753914432,18.954606914082667,RECONSTRUCTED_S30_PERIOD_EXTENSION,PRELOCK_HISTORICAL_RIDGE_PROXY,True
2025,2025-04-21T00:00:00+00:00,2025-04-21 20:07:10+00:00,Zven,Cloud9,bot,Disguised|LYON,19.243107214331012,87.736177631219348,0.21932921781953374,0.22663564767285982,19.435418682569448,RECONSTRUCTED_S30_PERIOD_EXTENSION,PRELOCK_HISTORICAL_RIDGE_PROXY,True
2025,2025-04-21T00:00:00+00:00,2025-04-21 20:07:10+00:00,Blaber,Cloud9,jgl,Disguised|LYON,13.601122461135786,87.736177631219348,0.15502296576339644,0.15793882373196833,13.677870330939193,RECONSTRUCTED_S30_PERIOD_EXTENSION,PRELOCK_HISTORICAL_RIDGE_PROXY,True
2025,2025-04-21T00:00:00+00:00,2025-04-21 20:07:10+00:00,Contractz,Shopify Rebellion,jgl,100 Thieves|Dignitas,11.888926870779608,71.179540084048909,0.16702730667746862,0.14483017580078977,11.414932400683375,RECONSTRUCTED_S30_PERIOD_EXTENSION,PRELOCK_HISTORICAL_RIDGE_PROXY,True
2025,2025-04-21T00:00:00+00:00,2025-04-21 20:07:10+00:00,Inspired,FlyQuest,jgl,100 Thieves|Dignitas,15.398680167741098,87.508837794944952,0.1759671429281697,0.17651651688753289,15.4131026907507,RECONSTRUCTED_S30_PERIOD_EXTENSION,PRELOCK_HISTORICAL_RIDGE_PROXY,True
2025,2025-04-21T00:00:00+00:00,2025-04-21 20:07:10+00:00,Oddie,LYON,jgl,Cloud9|Team Liquid,10.789061090539976,63.9723152018246,0.16865203418856808,0.16215758132259994,10.664421534798443,RECONSTRUCTED_S30_PERIOD_EXTENSION,PRELOCK_HISTORICAL_RIDGE_PROXY,True
2025,2025-04-21T00:00:00+00:00,2025-04-21 20:07:10+00:00,River,100 Thieves,jgl,FlyQuest|Shopify Rebellion,11.879391155391779,71.395745985068814,0.16638794078678229,0.16646286346494099,11.880995903541281,RECONSTRUCTED_S30_PERIOD_EXTENSION,PRELOCK_HISTORICAL_RIDGE_PROXY,True
2025,2025-04-21T00:00:00+00:00,2025-04-21 20:07:10+00:00,Sheiden,Dignitas,jgl,FlyQuest|Shopify Rebellion,11.521133047149696,68.979808579427782,0.16702181818732542,0.1607059103540659,11.390432013146631,RECONSTRUCTED_S30_PERIOD_EXTENSION,PRELOCK_HISTORICAL_RIDGE_PROXY,True
2025,2025-04-21T00:00:00+00:00,2025-04-21 20:07:10+00:00,UmTi,Team Liquid,jgl,Disguised|LYON,13.492192471513899,84.32826185354142,0.15999609353915892,0.16372923161350306,13.586635185034515,RECONSTRUCTED_S30_PERIOD_EXTENSION,PRELOCK_HISTORICAL_RIDGE_PROXY,True
2025,2025-04-21T00:00:00+00:00,2025-04-21 20:07:10+00:00,eXyu,Disguised,jgl,Cloud9|Team Liquid,9.0478941799860966,57.851600384670547,0.15639833850445384,0.14523648548119006,8.8541748617898115,RECONSTRUCTED_S30_PERIOD_EXTENSION,PRELOCK_HISTORICAL_RIDGE_PROXY,True
2025,2025-04-21T00:00:00+00:00,2025-04-21 20:07:10+00:00,APA,Team Liquid,mid,Disguised|LYON,18.940539819637792,84.32826185354142,0.22460488812793397,0.20568963030190199,18.462012575143529,RECONSTRUCTED_S30_PERIOD_EXTENSION,PRELOCK_HISTORICAL_RIDGE_PROXY,True
2025,2025-04-21T00:00:00+00:00,2025-04-21 20:07:10+00:00,Abbedagge,Disguised,mid,Cloud9|Team Liquid,14.597228217071969,57.851600384670547,0.2523219430406618,0.22383662924666992,14.102851919939381,RECONSTRUCTED_S30_PERIOD_EXTENSION,PRELOCK_HISTORICAL_RIDGE_PROXY,True
2025,2025-04-21T00:00:00+00:00,2025-04-21 20:07:10+00:00,Keine,Dignitas,mid,FlyQuest|Shopify Rebellion,15.75963230482286,68.979808579427782,0.22846732441532086,0.21192964893011423,15.417402598027385,RECONSTRUCTED_S30_PERIOD_EXTENSION,PRELOCK_HISTORICAL_RIDGE_PROXY,True
2025,2025-04-21T00:00:00+00:00,2025-04-21 20:07:10+00:00,Loki,Cloud9,mid,Disguised|LYON,21.738586782029159,87.736177631219348,0.24777221174830247,0.21838199262464292,20.965011136333004,RECONSTRUCTED_S30_PERIOD_EXTENSION,PRELOCK_HISTORICAL_RIDGE_PROXY,True
2025,2025-04-21T00:00:00+00:00,2025-04-21 20:07:10+00:00,Palafox,Shopify Rebellion,mid,100 Thieves|Dignitas,15.602663392120576,71.179540084048909,0.21920152017977254,0.23621257525141137,15.965915115023678,RECONSTRUCTED_S30_PERIOD_EXTENSION,PRELOCK_HISTORICAL_RIDGE_PROXY,True
2025,2025-04-21T00:00:00+00:00,2025-04-21 20:07:10+00:00,Quad,FlyQuest,mid,100 Thieves|Dignitas,17.86129438501402,87.508837794944952,0.20410846304309846,0.20982740278454082,18.0114317160719,RECONSTRUCTED_S30_PERIOD_EXTENSION,PRELOCK_HISTORICAL_RIDGE_PROXY,True
2025,2025-04-21T00:00:00+00:00,2025-04-21 20:07:10+00:00,Quid,100 Thieves,mid,FlyQuest|Shopify Rebellion,16.07239599957391,71.395745985068814,0.22511699790818313,0.22119685712449283,15.988431586888492,RECONSTRUCTED_S30_PERIOD_EXTENSION,PRELOCK_HISTORICAL_RIDGE_PROXY,True
2025,2025-04-21T00:00:00+00:00,2025-04-21 20:07:10+00:00,Saint,LYON,mid,Cloud9|Team Liquid,16.098687286978276,63.9723152018246,0.25165084671687971,0.22338825868686996,15.556280330015744,RECONSTRUCTED_S30_PERIOD_EXTENSION,PRELOCK_HISTORICAL_RIDGE_PROXY,True
2025,2025-04-21T00:00:00+00:00,2025-04-21 20:07:10+00:00,Busio,FlyQuest,sup,100 Thieves|Dignitas,19.582665410068746,87.508837794944952,0.22377928793838878,0.21602049306915166,19.378976473559849,RECONSTRUCTED_S30_PERIOD_EXTENSION,PRELOCK_HISTORICAL_RIDGE_PROXY,True
2025,2025-04-21T00:00:00+00:00,2025-04-21 20:07:10+00:00,Ceos,Shopify Rebellion,sup,100 Thieves|Dignitas,14.6122456365931,71.179540084048909,0.20528716003698447,0.17559154308121802,13.978129529366036,RECONSTRUCTED_S30_PERIOD_EXTENSION,PRELOCK_HISTORICAL_RIDGE_PROXY,True
2025,2025-04-21T00:00:00+00:00,2025-04-21 20:07:10+00:00,CoreJJ,Team Liquid,sup,Disguised|LYON,19.444250016870541,84.32826185354142,0.2305780955220052,0.23723275403173755,19.612602752476921,RECONSTRUCTED_S30_PERIOD_EXTENSION,PRELOCK_HISTORICAL_RIDGE_PROXY,True
2025,2025-04-21T00:00:00+00:00,2025-04-21 20:07:10+00:00,Eyla,100 Thieves,sup,FlyQuest|Shopify Rebellion,16.137235006502724,71.395745985068814,0.22602516135733841,0.22401090679760804,16.094092244433988,RECONSTRUCTED_S30_PERIOD_EXTENSION,PRELOCK_HISTORICAL_RIDGE_PROXY,True
2025,2025-04-21T00:00:00+00:00,2025-04-21 20:07:10+00:00,Isles,Dignitas,sup,FlyQuest|Shopify Rebellion,14.322791942367338,68.979808579427782,0.20763745561681513,0.23313542157288603,14.8504453856117,RECONSTRUCTED_S30_PERIOD_EXTENSION,PRELOCK_HISTORICAL_RIDGE_PROXY,True
2025,2025-04-21T00:00:00+00:00,2025-04-21 20:07:10+00:00,Lyonz,LYON,sup,Cloud9|Team Liquid,15.01807966941497,63.9723152018246,0.23475904572211931,0.2293434705548705,14.914145604935444,RECONSTRUCTED_S30_PERIOD_EXTENSION,PRELOCK_HISTORICAL_RIDGE_PROXY,True
2025,2025-04-21T00:00:00+00:00,2025-04-21 20:07:10+00:00,Vulcan,Cloud9,sup,Disguised|LYON,19.417898091442265,87.736177631219348,0.22132145046324372,0.23212456168420975,19.702245196958014,RECONSTRUCTED_S30_PERIOD_EXTENSION,PRELOCK_HISTORICAL_RIDGE_PROXY,True
2025,2025-04-21T00:00:00+00:00,2025-04-21 20:07:10+00:00,huhi,Disguised,sup,Cloud9|Team Liquid,12.548089645879152,57.851600384670547,0.21690134002246428,0.2153176546789794,12.520604026391245,RECONSTRUCTED_S30_PERIOD_EXTENSION,PRELOCK_HISTORICAL_RIDGE_PROXY,True
2025,2025-04-21T00:00:00+00:00,2025-04-21 20:07:10+00:00,Bwipo,FlyQuest,top,100 Thieves|Dignitas,15.332302267171595,87.508837794944952,0.17520861496411375,0.18600948129228773,15.615853645038714,RECONSTRUCTED_S30_PERIOD_EXTENSION,PRELOCK_HISTORICAL_RIDGE_PROXY,True
2025,2025-04-21T00:00:00+00:00,2025-04-21 20:07:10+00:00,Castle,Disguised,top,Cloud9|Team Liquid,7.7443963883115767,57.851600384670547,0.13386658859594278,0.19219229673286919,8.7566670560986957,RECONSTRUCTED_S30_PERIOD_EXTENSION,PRELOCK_HISTORICAL_RIDGE_PROXY,True
2025,2025-04-21T00:00:00+00:00,2025-04-21 20:07:10+00:00,Fudge,Shopify Rebellion,top,100 Thieves|Dignitas,12.25058759170772,71.179540084048909,0.17210827124258191,0.1868636360241929,12.565671615385952,RECONSTRUCTED_S30_PERIOD_EXTENSION,PRELOCK_HISTORICAL_RIDGE_PROXY,True
2025,2025-04-21T00:00:00+00:00,2025-04-21 20:07:10+00:00,Impact,Team Liquid,top,Disguised|LYON,13.629310829277587,84.32826185354142,0.16162210070152436,0.16490663013842538,13.712404426803781,RECONSTRUCTED_S30_PERIOD_EXTENSION,PRELOCK_HISTORICAL_RIDGE_PROXY,True
2025,2025-04-21T00:00:00+00:00,2025-04-21 20:07:10+00:00,Licorice,LYON,top,Cloud9|Team Liquid,8.2828087340824563,63.9723152018246,0.12947489406864887,0.15712428312683513,8.8134473636729052,RECONSTRUCTED_S30_PERIOD_EXTENSION,PRELOCK_HISTORICAL_RIDGE_PROXY,True
2025,2025-04-21T00:00:00+00:00,2025-04-21 20:07:10+00:00,Sniper,100 Thieves,top,FlyQuest|Shopify Rebellion,11.123909140457096,71.395745985068814,0.15580632973263517,0.15856000342219623,11.182889316636796,RECONSTRUCTED_S30_PERIOD_EXTENSION,PRELOCK_HISTORICAL_RIDGE_PROXY,True
2025,2025-04-21T00:00:00+00:00,2025-04-21 20:07:10+00:00,Srtty,Dignitas,top,FlyQuest|Shopify Rebellion,10.842632494446963,68.979808579427782,0.15718559847788008,0.16015613768560355,10.904104662224897,RECONSTRUCTED_S30_PERIOD_EXTENSION,PRELOCK_HISTORICAL_RIDGE_PROXY,True
2025,2025-04-21T00:00:00+00:00,2025-04-21 20:07:10+00:00,Thanatos,Cloud9,top,Disguised|LYON,13.735463082281123,87.736177631219348,0.1565541542055236,0.16491897428631921,13.955632284419686,RECONSTRUCTED_S30_PERIOD_EXTENSION,PRELOCK_HISTORICAL_RIDGE_PROXY,True
2025,2025-09-08T00:00:00+00:00,2025-09-13 20:14:47+00:00,Bvoy,Shopify Rebellion,bot,RED Canids,16.128801201489882,68.41874628378045,0.23573657919121244,0.23821855507488188,16.179745304970051,RECONSTRUCTED_S30_PERIOD_EXTENSION,PRELOCK_HISTORICAL_RIDGE_PROXY,True
2025,2025-09-08T00:00:00+00:00,2025-09-13 20:14:47+00:00,FBI,100 Thieves,bot,paiN Gaming,18.222174323736319,78.521698644159173,0.23206546264765215,0.22646838293279428,18.090326661739095,RECONSTRUCTED_S30_PERIOD_EXTENSION,PRELOCK_HISTORICAL_RIDGE_PROXY,True
2025,2025-09-08T00:00:00+00:00,2025-09-13 20:14:47+00:00,Rabelo,RED Canids,bot,Shopify Rebellion,20.439045039487439,88.12421624188903,0.23193448873786326,0.22700645391577573,20.308761277594677,RECONSTRUCTED_S30_PERIOD_EXTENSION,PRELOCK_HISTORICAL_RIDGE_PROXY,True
2025,2025-09-08T00:00:00+00:00,2025-09-13 20:14:47+00:00,TitaN,paiN Gaming,bot,100 Thieves,17.876563734129288,75.96238000689624,0.2353344343937929,0.22318859901056717,17.599775765264749,RECONSTRUCTED_S30_PERIOD_EXTENSION,PRELOCK_HISTORICAL_RIDGE_PROXY,True
2025,2025-09-08T00:00:00+00:00,2025-09-13 20:14:47+00:00,CarioK,paiN Gaming,jgl,100 Thieves,13.280522623112187,75.96238000689624,0.17483025968784174,0.20227636472867927,13.905984061358573,RECONSTRUCTED_S30_PERIOD_EXTENSION,PRELOCK_HISTORICAL_RIDGE_PROXY,True
2025,2025-09-08T00:00:00+00:00,2025-09-13 20:14:47+00:00,Contractz,Shopify Rebellion,jgl,RED Canids,11.18235274525648,68.41874628378045,0.1634398955349961,0.15497488507129728,11.008603124294872,RECONSTRUCTED_S30_PERIOD_EXTENSION,PRELOCK_HISTORICAL_RIDGE_PROXY,True
2025,2025-09-08T00:00:00+00:00,2025-09-13 20:14:47+00:00,Curse,RED Canids,jgl,Shopify Rebellion,15.033728167839946,88.12421624188903,0.17059701418023848,0.16388786144298489,14.856356519854666,RECONSTRUCTED_S30_PERIOD_EXTENSION,PRELOCK_HISTORICAL_RIDGE_PROXY,True
2025,2025-09-08T00:00:00+00:00,2025-09-13 20:14:47+00:00,River,100 Thieves,jgl,paiN Gaming,12.85363848698713,78.521698644159173,0.16369536967401363,0.16916856023275398,12.98256775288977,RECONSTRUCTED_S30_PERIOD_EXTENSION,PRELOCK_HISTORICAL_RIDGE_PROXY,True
2025,2025-09-08T00:00:00+00:00,2025-09-13 20:14:47+00:00,Kaze,RED Canids,mid,Shopify Rebellion,19.140479380694604,88.12421624188903,0.21719886084611048,0.21405659056353282,19.057406348932901,RECONSTRUCTED_S30_PERIOD_EXTENSION,PRELOCK_HISTORICAL_RIDGE_PROXY,True
2025,2025-09-08T00:00:00+00:00,2025-09-13 20:14:47+00:00,Palafox,Shopify Rebellion,mid,RED Canids,14.360758530170424,68.41874628378045,0.2098950844642242,0.20925020025968394,14.347521879538563,RECONSTRUCTED_S30_PERIOD_EXTENSION,PRELOCK_HISTORICAL_RIDGE_PROXY,True
2025,2025-09-08T00:00:00+00:00,2025-09-13 20:14:47+00:00,Quid,100 Thieves,mid,paiN Gaming,17.693560881143107,78.521698644159173,0.22533339429303392,0.22610032763059509,17.711627153666747,RECONSTRUCTED_S30_PERIOD_EXTENSION,PRELOCK_HISTORICAL_RIDGE_PROXY,True
2025,2025-09-08T00:00:00+00:00,2025-09-13 20:14:47+00:00,Roamer,paiN Gaming,mid,100 Thieves,14.911720176753375,75.96238000689624,0.1963040149005286,0.20941308892454844,15.210459115518713,RECONSTRUCTED_S30_PERIOD_EXTENSION,PRELOCK_HISTORICAL_RIDGE_PROXY,True
2025,2025-09-08T00:00:00+00:00,2025-09-13 20:14:47+00:00,Ceos,Shopify Rebellion,sup,RED Canids,15.180722195749135,68.41874628378045,0.22187957278234902,0.21442859869328848,15.027786304019198,RECONSTRUCTED_S30_PERIOD_EXTENSION,PRELOCK_HISTORICAL_RIDGE_PROXY,True
2025,2025-09-08T00:00:00+00:00,2025-09-13 20:14:47+00:00,Eyla,100 Thieves,sup,paiN Gaming,18.008561753761519,78.521698644159173,0.22934503538151724,0.22429314865766387,17.889556935687065,RECONSTRUCTED_S30_PERIOD_EXTENSION,PRELOCK_HISTORICAL_RIDGE_PROXY,True
2025,2025-09-08T00:00:00+00:00,2025-09-13 20:14:47+00:00,Kuri,paiN Gaming,sup,100 Thieves,17.513673113700843,75.96238000689624,0.23055719307518888,0.23863534651239418,17.697763842046143,RECONSTRUCTED_S30_PERIOD_EXTENSION,PRELOCK_HISTORICAL_RIDGE_PROXY,True
2025,2025-09-08T00:00:00+00:00,2025-09-13 20:14:47+00:00,frosty,RED Canids,sup,Shopify Rebellion,19.422885094614585,88.12421624188903,0.22040349319307873,0.2269306888671441,19.595446295524923,RECONSTRUCTED_S30_PERIOD_EXTENSION,PRELOCK_HISTORICAL_RIDGE_PROXY,True
2025,2025-09-08T00:00:00+00:00,2025-09-13 20:14:47+00:00,Dhokla,100 Thieves,top,paiN Gaming,11.743763198531097,78.521698644159173,0.14956073800378306,0.15396958054619272,11.847620140176488,RECONSTRUCTED_S30_PERIOD_EXTENSION,PRELOCK_HISTORICAL_RIDGE_PROXY,True
2025,2025-09-08T00:00:00+00:00,2025-09-13 20:14:47+00:00,Fudge,Shopify Rebellion,top,RED Canids,11.566111611114536,68.41874628378045,0.16904886802721833,0.18312776090084837,11.85508967095776,RECONSTRUCTED_S30_PERIOD_EXTENSION,PRELOCK_HISTORICAL_RIDGE_PROXY,True
2025,2025-09-08T00:00:00+00:00,2025-09-13 20:14:47+00:00,Wizer,paiN Gaming,top,100 Thieves,12.379900359200541,75.96238000689624,0.16297409794264783,0.12648660082381086,11.548397222708051,RECONSTRUCTED_S30_PERIOD_EXTENSION,PRELOCK_HISTORICAL_RIDGE_PROXY,True
2025,2025-09-08T00:00:00+00:00,2025-09-13 20:14:47+00:00,fNb,RED Canids,top,Shopify Rebellion,14.088078559252455,88.12421624188903,0.15986614304270905,0.16811840521056248,14.306245799981857,RECONSTRUCTED_S30_PERIOD_EXTENSION,PRELOCK_HISTORICAL_RIDGE_PROXY,True
2025,2025-09-15T00:00:00+00:00,2025-09-20 20:12:24+00:00,FBI,100 Thieves,bot,RED Canids,17.53255928425337,77.237277711779853,0.22699608017877343,0.22565452754796658,17.501473922320187,RECONSTRUCTED_S30_PERIOD_EXTENSION,PRELOCK_HISTORICAL_RIDGE_PROXY,True
2025,2025-09-15T00:00:00+00:00,2025-09-20 20:12:24+00:00,Massu,FlyQuest,bot,Vivo Keyd Stars,19.099925225127759,84.29612551518413,0.2265812943168701,0.23376015765479877,19.281470334624874,RECONSTRUCTED_S30_PERIOD_EXTENSION,PRELOCK_HISTORICAL_RIDGE_PROXY,True
2025,2025-09-15T00:00:00+00:00,2025-09-20 20:12:24+00:00,Morttheus,Vivo Keyd Stars,bot,FlyQuest,17.472860121470955,73.394123093853423,0.23806892684210385,0.2335158631603183,17.372609686576418,RECONSTRUCTED_S30_PERIOD_EXTENSION,PRELOCK_HISTORICAL_RIDGE_PROXY,True
2025,2025-09-15T00:00:00+00:00,2025-09-20 20:12:24+00:00,Rabelo,RED Canids,bot,100 Thieves,19.088761516742142,86.329191284812566,0.22111595432147094,0.20677150745189868,18.7172581674387,RECONSTRUCTED_S30_PERIOD_EXTENSION,PRELOCK_HISTORICAL_RIDGE_PROXY,True
2025,2025-09-15T00:00:00+00:00,2025-09-20 20:12:24+00:00,Curse,RED Canids,jgl,100 Thieves,14.48813087632853,86.329191284812566,0.1678242395266982,0.17092874421545004,14.568533690064486,RECONSTRUCTED_S30_PERIOD_EXTENSION,PRELOCK_HISTORICAL_RIDGE_PROXY,True
2025,2025-09-15T00:00:00+00:00,2025-09-20 20:12:24+00:00,Disamis,Vivo Keyd Stars,jgl,FlyQuest,12.561397808800724,73.394123093853423,0.17114991336210555,0.16912720682366159,12.516861377001133,RECONSTRUCTED_S30_PERIOD_EXTENSION,PRELOCK_HISTORICAL_RIDGE_PROXY,True
2025,2025-09-15T00:00:00+00:00,2025-09-20 20:12:24+00:00,Inspired,FlyQuest,jgl,Vivo Keyd Stars,15.115493852048532,84.29612551518413,0.17931421829495356,0.18190944167052461,15.181124034670654,RECONSTRUCTED_S30_PERIOD_EXTENSION,PRELOCK_HISTORICAL_RIDGE_PROXY,True
2025,2025-09-15T00:00:00+00:00,2025-09-20 20:12:24+00:00,River,100 Thieves,jgl,RED Canids,13.430342236551166,77.237277711779853,0.17388419988943804,0.17067039440257001,13.355874560480904,RECONSTRUCTED_S30_PERIOD_EXTENSION,PRELOCK_HISTORICAL_RIDGE_PROXY,True
2025,2025-09-15T00:00:00+00:00,2025-09-20 20:12:24+00:00,Kaze,RED Canids,mid,100 Thieves,17.72976524411915,86.329191284812566,0.20537392949305033,0.20545136961593613,17.731770847073669,RECONSTRUCTED_S30_PERIOD_EXTENSION,PRELOCK_HISTORICAL_RIDGE_PROXY,True
2025,2025-09-15T00:00:00+00:00,2025-09-20 20:12:24+00:00,Mireu,Vivo Keyd Stars,mid,FlyQuest,15.780514878078712,73.394123093853423,0.21501060592956783,0.1907899551001517,15.24721884956249,RECONSTRUCTED_S30_PERIOD_EXTENSION,PRELOCK_HISTORICAL_RIDGE_PROXY,True
2025,2025-09-15T00:00:00+00:00,2025-09-20 20:12:24+00:00,Quad,FlyQuest,mid,Vivo Keyd Stars,18.470147667107501,84.29612551518413,0.21911028003037342,0.2155858595156224,18.381019168883576,RECONSTRUCTED_S30_PERIOD_EXTENSION,PRELOCK_HISTORICAL_RIDGE_PROXY,True
2025,2025-09-15T00:00:00+00:00,2025-09-20 20:12:24+00:00,Quid,100 Thieves,mid,RED Canids,17.217597758541356,77.237277711779853,0.22291823674561501,0.22492610701700594,17.264122488669546,RECONSTRUCTED_S30_PERIOD_EXTENSION,PRELOCK_HISTORICAL_RIDGE_PROXY,True
2025,2025-09-15T00:00:00+00:00,2025-09-20 20:12:24+00:00,Busio,FlyQuest,sup,Vivo Keyd Stars,19.467720492950875,84.29612551518413,0.23094442803832288,0.23658395881334035,19.610337671168157,RECONSTRUCTED_S30_PERIOD_EXTENSION,PRELOCK_HISTORICAL_RIDGE_PROXY,True
2025,2025-09-15T00:00:00+00:00,2025-09-20 20:12:24+00:00,Eyla,100 Thieves,sup,RED Canids,17.331692552307537,77.237277711779853,0.22439543528427844,0.22374754311215531,17.316680124019868,RECONSTRUCTED_S30_PERIOD_EXTENSION,PRELOCK_HISTORICAL_RIDGE_PROXY,True
2025,2025-09-15T00:00:00+00:00,2025-09-20 20:12:24+00:00,Trymbi,Vivo Keyd Stars,sup,FlyQuest,16.140360026722945,73.394123093853423,0.21991352095157957,0.23327308589558141,16.434514092917063,RECONSTRUCTED_S30_PERIOD_EXTENSION,PRELOCK_HISTORICAL_RIDGE_PROXY,True
2025,2025-09-15T00:00:00+00:00,2025-09-20 20:12:24+00:00,frosty,RED Canids,sup,100 Thieves,20.173052503924737,86.329191284812566,0.23367591197942422,0.24169604357782271,20.380763946390992,RECONSTRUCTED_S30_PERIOD_EXTENSION,PRELOCK_HISTORICAL_RIDGE_PROXY,True
2025,2025-09-15T00:00:00+00:00,2025-09-20 20:12:24+00:00,Boal,Vivo Keyd Stars,top,FlyQuest,11.438990258780086,73.394123093853423,0.15585703291464317,0.17329388902028706,11.822919087796317,RECONSTRUCTED_S30_PERIOD_EXTENSION,PRELOCK_HISTORICAL_RIDGE_PROXY,True
2025,2025-09-15T00:00:00+00:00,2025-09-20 20:12:24+00:00,Dhokla,100 Thieves,top,RED Canids,11.725085880126429,77.237277711779853,0.15180604790189511,0.15500142792030216,11.799126616289341,RECONSTRUCTED_S30_PERIOD_EXTENSION,PRELOCK_HISTORICAL_RIDGE_PROXY,True
2025,2025-09-15T00:00:00+00:00,2025-09-20 20:12:24+00:00,Gakgos,FlyQuest,top,Vivo Keyd Stars,12.142838277949471,84.29612551518413,0.14404977931948013,0.13216058234571387,11.842174305836867,RECONSTRUCTED_S30_PERIOD_EXTENSION,PRELOCK_HISTORICAL_RIDGE_PROXY,True
2025,2025-09-15T00:00:00+00:00,2025-09-20 20:12:24+00:00,fNb,RED Canids,top,100 Thieves,14.849481143698004,86.329191284812566,0.17200996467935631,0.17515233513889245,14.930864633844713,RECONSTRUCTED_S30_PERIOD_EXTENSION,PRELOCK_HISTORICAL_RIDGE_PROXY,True
2025,2025-09-22T00:00:00+00:00,2025-09-27 20:15:13+00:00,FBI,100 Thieves,bot,Vivo Keyd Stars,19.191129540663084,84.334008774896361,0.22756097829865871,0.2259450961314653,19.150247394402896,RECONSTRUCTED_S30_PERIOD_EXTENSION,PRELOCK_HISTORICAL_RIDGE_PROXY,True
2025,2025-09-22T00:00:00+00:00,2025-09-27 20:15:13+00:00,Massu,FlyQuest,bot,Vivo Keyd Stars,23.016992809030064,98.376609729480577,0.23396814417901768,0.22122735327397636,22.64097406467701,RECONSTRUCTED_S30_PERIOD_EXTENSION,PRELOCK_HISTORICAL_RIDGE_PROXY,True
2025,2025-09-22T00:00:00+00:00,2025-09-27 20:15:13+00:00,Morttheus,Vivo Keyd Stars,bot,100 Thieves|FlyQuest,15.703442546763457,65.493800761861962,0.23976990744302337,0.27147831840641901,16.326453851797019,RECONSTRUCTED_S30_PERIOD_EXTENSION,PRELOCK_HISTORICAL_RIDGE_PROXY,True
2025,2025-09-22T00:00:00+00:00,2025-09-27 20:15:13+00:00,Disamis,Vivo Keyd Stars,jgl,100 Thieves|FlyQuest,11.236604672629152,65.493800761861962,0.17156745435321258,0.15791932531478028,10.96844431942457,RECONSTRUCTED_S30_PERIOD_EXTENSION,PRELOCK_HISTORICAL_RIDGE_PROXY,True
2025,2025-09-22T00:00:00+00:00,2025-09-27 20:15:13+00:00,Inspired,FlyQuest,jgl,Vivo Keyd Stars,16.984300510068721,98.376609729480577,0.17264571890384048,0.17119936031143443,16.941614153636518,RECONSTRUCTED_S30_PERIOD_EXTENSION,PRELOCK_HISTORICAL_RIDGE_PROXY,True
2025,2025-09-22T00:00:00+00:00,2025-09-27 20:15:13+00:00,River,100 Thieves,jgl,Vivo Keyd Stars,14.142822693019005,84.334008774896361,0.16770011171612759,0.16954234306007002,14.189431519316631,RECONSTRUCTED_S30_PERIOD_EXTENSION,PRELOCK_HISTORICAL_RIDGE_PROXY,True
2025,2025-09-22T00:00:00+00:00,2025-09-27 20:15:13+00:00,Mireu,Vivo Keyd Stars,mid,100 Thieves|FlyQuest,13.682631586429014,65.493800761861962,0.20891491144604055,0.17909127465961999,13.096652588723826,RECONSTRUCTED_S30_PERIOD_EXTENSION,PRELOCK_HISTORICAL_RIDGE_PROXY,True
2025,2025-09-22T00:00:00+00:00,2025-09-27 20:15:13+00:00,Quad,FlyQuest,mid,Vivo Keyd Stars,21.243308760083071,98.376609729480577,0.2159386140516395,0.20351461680623434,20.876639541595662,RECONSTRUCTED_S30_PERIOD_EXTENSION,PRELOCK_HISTORICAL_RIDGE_PROXY,True
2025,2025-09-22T00:00:00+00:00,2025-09-27 20:15:13+00:00,Quid,100 Thieves,mid,Vivo Keyd Stars,19.474714988959711,84.334008774896361,0.23092362466655011,0.22577678338591683,19.344498861642531,RECONSTRUCTED_S30_PERIOD_EXTENSION,PRELOCK_HISTORICAL_RIDGE_PROXY,True
2025,2025-09-22T00:00:00+00:00,2025-09-27 20:15:13+00:00,Busio,FlyQuest,sup,Vivo Keyd Stars,22.496032788011647,98.376609729480577,0.22867257623404608,0.22354297705529996,22.344643015068797,RECONSTRUCTED_S30_PERIOD_EXTENSION,PRELOCK_HISTORICAL_RIDGE_PROXY,True
2025,2025-09-22T00:00:00+00:00,2025-09-27 20:15:13+00:00,Eyla,100 Thieves,sup,Vivo Keyd Stars,18.480523574086742,84.334008774896361,0.21913488807836473,0.22294382518167827,18.576890454614905,RECONSTRUCTED_S30_PERIOD_EXTENSION,PRELOCK_HISTORICAL_RIDGE_PROXY,True
2025,2025-09-22T00:00:00+00:00,2025-09-27 20:15:13+00:00,Trymbi,Vivo Keyd Stars,sup,100 Thieves|FlyQuest,14.666426484709875,65.493800761861962,0.22393610256392937,0.23248068052628026,14.834311550707996,RECONSTRUCTED_S30_PERIOD_EXTENSION,PRELOCK_HISTORICAL_RIDGE_PROXY,True
2025,2025-09-22T00:00:00+00:00,2025-09-27 20:15:13+00:00,Boal,Vivo Keyd Stars,top,100 Thieves|FlyQuest,10.204695471330471,65.493800761861962,0.15581162419379424,0.15903040109290048,10.267938451208554,RECONSTRUCTED_S30_PERIOD_EXTENSION,PRELOCK_HISTORICAL_RIDGE_PROXY,True
2025,2025-09-22T00:00:00+00:00,2025-09-27 20:15:13+00:00,Bwipo,FlyQuest,top,Vivo Keyd Stars,14.635974862287078,98.376609729480577,0.1487749466314563,0.18051569255305491,15.572738954502588,RECONSTRUCTED_S30_PERIOD_EXTENSION,PRELOCK_HISTORICAL_RIDGE_PROXY,True
2025,2025-09-22T00:00:00+00:00,2025-09-27 20:15:13+00:00,Dhokla,100 Thieves,top,Vivo Keyd Stars,13.044817978167822,84.334008774896361,0.15468039724029889,0.15579195224086953,13.072940544919392,RECONSTRUCTED_S30_PERIOD_EXTENSION,PRELOCK_HISTORICAL_RIDGE_PROXY,True
