prediction_period,season,scheduled_start_utc,team_a_source,team_b_source,team_a_id,team_b_id,best_of,source_type,source_name,source_url,provenance_class,fixed_before_prediction,schedule_change_flag,validation_status,fixture_id
2024-01-15 00:00:00+00:00,2024,2024-01-20T20:00:00Z,Team Liquid,100 Thieves,team:team_liquid,team:100_thieves,1,LEAGUEPEDIA_MATCH_SCHEDULE,Leaguepedia LCS 2024 Spring Match Schedule,https://lol.fandom.com/wiki/LCS/2024_Season/Spring_Season,CLASS_B_IMMUTABLE_HISTORICAL_FIXTURE,True,ASSUMED_NONE_PER_PROJECT_RULE,WEB_SCHEDULE_VERIFIED,fixture:64ac81fda344c28c72f5
2024-01-15 00:00:00+00:00,2024,2024-01-20T21:00:00Z,NRG,Cloud9,team:nrg,team:cloud9,1,LEAGUEPEDIA_MATCH_SCHEDULE,Leaguepedia LCS 2024 Spring Match Schedule,https://lol.fandom.com/wiki/LCS/2024_Season/Spring_Season,CLASS_B_IMMUTABLE_HISTORICAL_FIXTURE,True,ASSUMED_NONE_PER_PROJECT_RULE,WEB_SCHEDULE_VERIFIED,fixture:7544f292a6e4629d5f6e
2024-01-15 00:00:00+00:00,2024,2024-01-20T22:00:00Z,FlyQuest,Shopify Rebellion,team:flyquest,team:shopify_rebellion,1,LEAGUEPEDIA_MATCH_SCHEDULE,Leaguepedia LCS 2024 Spring Match Schedule,https://lol.fandom.com/wiki/LCS/2024_Season/Spring_Season,CLASS_B_IMMUTABLE_HISTORICAL_FIXTURE,True,ASSUMED_NONE_PER_PROJECT_RULE,WEB_SCHEDULE_VERIFIED,fixture:8ff8011d401e2d8498bf
2024-01-15 00:00:00+00:00,2024,2024-01-20T23:00:00Z,Dignitas,Immortals,team:dignitas,team:immortals,1,LEAGUEPEDIA_MATCH_SCHEDULE,Leaguepedia LCS 2024 Spring Match Schedule,https://lol.fandom.com/wiki/LCS/2024_Season/Spring_Season,CLASS_B_IMMUTABLE_HISTORICAL_FIXTURE,True,ASSUMED_NONE_PER_PROJECT_RULE,WEB_SCHEDULE_VERIFIED,fixture:98a0f28c34214a06d05f
2024-01-15 00:00:00+00:00,2024,2024-01-21T20:00:00Z,Team Liquid,Shopify Rebellion,team:team_liquid,team:shopify_rebellion,1,LEAGUEPEDIA_MATCH_SCHEDULE,Leaguepedia LCS 2024 Spring Match Schedule,https://lol.fandom.com/wiki/LCS/2024_Season/Spring_Season,CLASS_B_IMMUTABLE_HISTORICAL_FIXTURE,True,ASSUMED_NONE_PER_PROJECT_RULE,WEB_SCHEDULE_VERIFIED,fixture:ae8d27ea447df34cf45a
2024-01-15 00:00:00+00:00,2024,2024-01-21T21:00:00Z,100 Thieves,Cloud9,team:100_thieves,team:cloud9,1,LEAGUEPEDIA_MATCH_SCHEDULE,Leaguepedia LCS 2024 Spring Match Schedule,https://lol.fandom.com/wiki/LCS/2024_Season/Spring_Season,CLASS_B_IMMUTABLE_HISTORICAL_FIXTURE,True,ASSUMED_NONE_PER_PROJECT_RULE,WEB_SCHEDULE_VERIFIED,fixture:021a105b17c0a24fc4a2
2024-01-15 00:00:00+00:00,2024,2024-01-21T22:00:00Z,FlyQuest,Immortals,team:flyquest,team:immortals,1,LEAGUEPEDIA_MATCH_SCHEDULE,Leaguepedia LCS 2024 Spring Match Schedule,https://lol.fandom.com/wiki/LCS/2024_Season/Spring_Season,CLASS_B_IMMUTABLE_HISTORICAL_FIXTURE,True,ASSUMED_NONE_PER_PROJECT_RULE,WEB_SCHEDULE_VERIFIED,fixture:e9d34848c624869efbe2
2024-01-15 00:00:00+00:00,2024,2024-01-21T23:00:00Z,NRG,Dignitas,team:nrg,team:dignitas,1,LEAGUEPEDIA_MATCH_SCHEDULE,Leaguepedia LCS 2024 Spring Match Schedule,https://lol.fandom.com/wiki/LCS/2024_Season/Spring_Season,CLASS_B_IMMUTABLE_HISTORICAL_FIXTURE,True,ASSUMED_NONE_PER_PROJECT_RULE,WEB_SCHEDULE_VERIFIED,fixture:e144a92c75d62b8e1048
2024-01-22 00:00:00+00:00,2024,2024-01-27T20:00:00Z,Dignitas,Cloud9,team:dignitas,team:cloud9,1,LEAGUEPEDIA_MATCH_SCHEDULE,Leaguepedia LCS 2024 Spring Match Schedule,https://lol.fandom.com/wiki/LCS/2024_Season/Spring_Season,CLASS_B_IMMUTABLE_HISTORICAL_FIXTURE,True,ASSUMED_NONE_PER_PROJECT_RULE,WEB_SCHEDULE_VERIFIED,fixture:9d821fd8a0fcaa8f9aa1
2024-01-22 00:00:00+00:00,2024,2024-01-27T21:00:00Z,NRG,100 Thieves,team:nrg,team:100_thieves,1,LEAGUEPEDIA_MATCH_SCHEDULE,Leaguepedia LCS 2024 Spring Match Schedule,https://lol.fandom.com/wiki/LCS/2024_Season/Spring_Season,CLASS_B_IMMUTABLE_HISTORICAL_FIXTURE,True,ASSUMED_NONE_PER_PROJECT_RULE,WEB_SCHEDULE_VERIFIED,fixture:57e2fed3de67305dd245
2024-01-22 00:00:00+00:00,2024,2024-01-27T22:00:00Z,FlyQuest,Team Liquid,team:flyquest,team:team_liquid,1,LEAGUEPEDIA_MATCH_SCHEDULE,Leaguepedia LCS 2024 Spring Match Schedule,https://lol.fandom.com/wiki/LCS/2024_Season/Spring_Season,CLASS_B_IMMUTABLE_HISTORICAL_FIXTURE,True,ASSUMED_NONE_PER_PROJECT_RULE,WEB_SCHEDULE_VERIFIED,fixture:935845ff988c6188b481
2024-01-22 00:00:00+00:00,2024,2024-01-27T23:00:00Z,Shopify Rebellion,Immortals,team:shopify_rebellion,team:immortals,1,LEAGUEPEDIA_MATCH_SCHEDULE,Leaguepedia LCS 2024 Spring Match Schedule,https://lol.fandom.com/wiki/LCS/2024_Season/Spring_Season,CLASS_B_IMMUTABLE_HISTORICAL_FIXTURE,True,ASSUMED_NONE_PER_PROJECT_RULE,WEB_SCHEDULE_VERIFIED,fixture:b9f752bcdee5bea3bd42
2024-01-22 00:00:00+00:00,2024,2024-01-28T20:00:00Z,Dignitas,100 Thieves,team:dignitas,team:100_thieves,1,LEAGUEPEDIA_MATCH_SCHEDULE,Leaguepedia LCS 2024 Spring Match Schedule,https://lol.fandom.com/wiki/LCS/2024_Season/Spring_Season,CLASS_B_IMMUTABLE_HISTORICAL_FIXTURE,True,ASSUMED_NONE_PER_PROJECT_RULE,WEB_SCHEDULE_VERIFIED,fixture:0efad8381a0f419710f7
2024-01-22 00:00:00+00:00,2024,2024-01-28T21:00:00Z,Shopify Rebellion,Cloud9,team:shopify_rebellion,team:cloud9,1,LEAGUEPEDIA_MATCH_SCHEDULE,Leaguepedia LCS 2024 Spring Match Schedule,https://lol.fandom.com/wiki/LCS/2024_Season/Spring_Season,CLASS_B_IMMUTABLE_HISTORICAL_FIXTURE,True,ASSUMED_NONE_PER_PROJECT_RULE,WEB_SCHEDULE_VERIFIED,fixture:56ba049225becafcdabd
2024-01-22 00:00:00+00:00,2024,2024-01-28T22:00:00Z,NRG,FlyQuest,team:nrg,team:flyquest,1,LEAGUEPEDIA_MATCH_SCHEDULE,Leaguepedia LCS 2024 Spring Match Schedule,https://lol.fandom.com/wiki/LCS/2024_Season/Spring_Season,CLASS_B_IMMUTABLE_HISTORICAL_FIXTURE,True,ASSUMED_NONE_PER_PROJECT_RULE,WEB_SCHEDULE_VERIFIED,fixture:32de0e1e31cc18d06de2
2024-01-22 00:00:00+00:00,2024,2024-01-28T23:00:00Z,Team Liquid,Immortals,team:team_liquid,team:immortals,1,LEAGUEPEDIA_MATCH_SCHEDULE,Leaguepedia LCS 2024 Spring Match Schedule,https://lol.fandom.com/wiki/LCS/2024_Season/Spring_Season,CLASS_B_IMMUTABLE_HISTORICAL_FIXTURE,True,ASSUMED_NONE_PER_PROJECT_RULE,WEB_SCHEDULE_VERIFIED,fixture:5a28c047561b14411f65
2024-01-29 00:00:00+00:00,2024,2024-02-02T21:00:00Z,Immortals,Cloud9,team:immortals,team:cloud9,1,LEAGUEPEDIA_MATCH_SCHEDULE,Leaguepedia LCS 2024 Spring Match Schedule,https://lol.fandom.com/wiki/LCS/2024_Season/Spring_Season,CLASS_B_IMMUTABLE_HISTORICAL_FIXTURE,True,ASSUMED_NONE_PER_PROJECT_RULE,WEB_SCHEDULE_VERIFIED,fixture:59983b3be36f58840134
2024-01-29 00:00:00+00:00,2024,2024-02-02T22:00:00Z,Team Liquid,NRG,team:team_liquid,team:nrg,1,LEAGUEPEDIA_MATCH_SCHEDULE,Leaguepedia LCS 2024 Spring Match Schedule,https://lol.fandom.com/wiki/LCS/2024_Season/Spring_Season,CLASS_B_IMMUTABLE_HISTORICAL_FIXTURE,True,ASSUMED_NONE_PER_PROJECT_RULE,WEB_SCHEDULE_VERIFIED,fixture:439a15a23ba8aa553f8c
2024-01-29 00:00:00+00:00,2024,2024-02-02T23:00:00Z,Dignitas,Shopify Rebellion,team:dignitas,team:shopify_rebellion,1,LEAGUEPEDIA_MATCH_SCHEDULE,Leaguepedia LCS 2024 Spring Match Schedule,https://lol.fandom.com/wiki/LCS/2024_Season/Spring_Season,CLASS_B_IMMUTABLE_HISTORICAL_FIXTURE,True,ASSUMED_NONE_PER_PROJECT_RULE,WEB_SCHEDULE_VERIFIED,fixture:0818ac32b1360e205bc8
2024-01-29 00:00:00+00:00,2024,2024-02-03T00:00:00Z,FlyQuest,100 Thieves,team:flyquest,team:100_thieves,1,LEAGUEPEDIA_MATCH_SCHEDULE,Leaguepedia LCS 2024 Spring Match Schedule,https://lol.fandom.com/wiki/LCS/2024_Season/Spring_Season,CLASS_B_IMMUTABLE_HISTORICAL_FIXTURE,True,ASSUMED_NONE_PER_PROJECT_RULE,WEB_SCHEDULE_VERIFIED,fixture:62b4b1ad5ab5cd97f2e5
2024-01-29 00:00:00+00:00,2024,2024-02-03T21:00:00Z,Team Liquid,Dignitas,team:team_liquid,team:dignitas,1,LEAGUEPEDIA_MATCH_SCHEDULE,Leaguepedia LCS 2024 Spring Match Schedule,https://lol.fandom.com/wiki/LCS/2024_Season/Spring_Season,CLASS_B_IMMUTABLE_HISTORICAL_FIXTURE,True,ASSUMED_NONE_PER_PROJECT_RULE,WEB_SCHEDULE_VERIFIED,fixture:b2556fb0aff046984a0a
2024-01-29 00:00:00+00:00,2024,2024-02-03T22:00:00Z,FlyQuest,Cloud9,team:flyquest,team:cloud9,1,LEAGUEPEDIA_MATCH_SCHEDULE,Leaguepedia LCS 2024 Spring Match Schedule,https://lol.fandom.com/wiki/LCS/2024_Season/Spring_Season,CLASS_B_IMMUTABLE_HISTORICAL_FIXTURE,True,ASSUMED_NONE_PER_PROJECT_RULE,WEB_SCHEDULE_VERIFIED,fixture:cad14052bf5b985bdd3b
2024-01-29 00:00:00+00:00,2024,2024-02-03T23:00:00Z,Immortals,100 Thieves,team:immortals,team:100_thieves,1,LEAGUEPEDIA_MATCH_SCHEDULE,Leaguepedia LCS 2024 Spring Match Schedule,https://lol.fandom.com/wiki/LCS/2024_Season/Spring_Season,CLASS_B_IMMUTABLE_HISTORICAL_FIXTURE,True,ASSUMED_NONE_PER_PROJECT_RULE,WEB_SCHEDULE_VERIFIED,fixture:9d615e439af6b8be29dd
2024-01-29 00:00:00+00:00,2024,2024-02-04T00:00:00Z,NRG,Shopify Rebellion,team:nrg,team:shopify_rebellion,1,LEAGUEPEDIA_MATCH_SCHEDULE,Leaguepedia LCS 2024 Spring Match Schedule,https://lol.fandom.com/wiki/LCS/2024_Season/Spring_Season,CLASS_B_IMMUTABLE_HISTORICAL_FIXTURE,True,ASSUMED_NONE_PER_PROJECT_RULE,WEB_SCHEDULE_VERIFIED,fixture:916b4e28af9c01a9d23c
2024-01-29 00:00:00+00:00,2024,2024-02-04T21:00:00Z,FlyQuest,Dignitas,team:flyquest,team:dignitas,1,LEAGUEPEDIA_MATCH_SCHEDULE,Leaguepedia LCS 2024 Spring Match Schedule,https://lol.fandom.com/wiki/LCS/2024_Season/Spring_Season,CLASS_B_IMMUTABLE_HISTORICAL_FIXTURE,True,ASSUMED_NONE_PER_PROJECT_RULE,WEB_SCHEDULE_VERIFIED,fixture:bf6778f582355e4fe905
2024-01-29 00:00:00+00:00,2024,2024-02-04T22:00:00Z,Team Liquid,Cloud9,team:team_liquid,team:cloud9,1,LEAGUEPEDIA_MATCH_SCHEDULE,Leaguepedia LCS 2024 Spring Match Schedule,https://lol.fandom.com/wiki/LCS/2024_Season/Spring_Season,CLASS_B_IMMUTABLE_HISTORICAL_FIXTURE,True,ASSUMED_NONE_PER_PROJECT_RULE,WEB_SCHEDULE_VERIFIED,fixture:f388aaa9ca4ad6e66e15
2024-01-29 00:00:00+00:00,2024,2024-02-04T23:00:00Z,Shopify Rebellion,100 Thieves,team:shopify_rebellion,team:100_thieves,1,LEAGUEPEDIA_MATCH_SCHEDULE,Leaguepedia LCS 2024 Spring Match Schedule,https://lol.fandom.com/wiki/LCS/2024_Season/Spring_Season,CLASS_B_IMMUTABLE_HISTORICAL_FIXTURE,True,ASSUMED_NONE_PER_PROJECT_RULE,WEB_SCHEDULE_VERIFIED,fixture:32733319841a426180da
2024-02-05 00:00:00+00:00,2024,2024-02-05T00:00:00Z,NRG,Immortals,team:nrg,team:immortals,1,LEAGUEPEDIA_MATCH_SCHEDULE,Leaguepedia LCS 2024 Spring Match Schedule,https://lol.fandom.com/wiki/LCS/2024_Season/Spring_Season,CLASS_B_IMMUTABLE_HISTORICAL_FIXTURE,True,ASSUMED_NONE_PER_PROJECT_RULE,WEB_SCHEDULE_VERIFIED,fixture:61b9debd4d88bee96698
2024-02-05 00:00:00+00:00,2024,2024-02-10T21:00:00Z,NRG,Cloud9,team:nrg,team:cloud9,1,LEAGUEPEDIA_MATCH_SCHEDULE,Leaguepedia LCS 2024 Spring Match Schedule,https://lol.fandom.com/wiki/LCS/2024_Season/Spring_Season,CLASS_B_IMMUTABLE_HISTORICAL_FIXTURE,True,ASSUMED_NONE_PER_PROJECT_RULE,WEB_SCHEDULE_VERIFIED,fixture:12181165a5b3d20da419
2024-02-05 00:00:00+00:00,2024,2024-02-10T22:00:00Z,Immortals,Dignitas,team:immortals,team:dignitas,1,LEAGUEPEDIA_MATCH_SCHEDULE,Leaguepedia LCS 2024 Spring Match Schedule,https://lol.fandom.com/wiki/LCS/2024_Season/Spring_Season,CLASS_B_IMMUTABLE_HISTORICAL_FIXTURE,True,ASSUMED_NONE_PER_PROJECT_RULE,WEB_SCHEDULE_VERIFIED,fixture:1ca4a3f4762aa37808c9
2024-02-05 00:00:00+00:00,2024,2024-02-10T23:00:00Z,Team Liquid,100 Thieves,team:team_liquid,team:100_thieves,1,LEAGUEPEDIA_MATCH_SCHEDULE,Leaguepedia LCS 2024 Spring Match Schedule,https://lol.fandom.com/wiki/LCS/2024_Season/Spring_Season,CLASS_B_IMMUTABLE_HISTORICAL_FIXTURE,True,ASSUMED_NONE_PER_PROJECT_RULE,WEB_SCHEDULE_VERIFIED,fixture:79451cc77db30c2eb780
2024-02-05 00:00:00+00:00,2024,2024-02-11T00:00:00Z,FlyQuest,Shopify Rebellion,team:flyquest,team:shopify_rebellion,1,LEAGUEPEDIA_MATCH_SCHEDULE,Leaguepedia LCS 2024 Spring Match Schedule,https://lol.fandom.com/wiki/LCS/2024_Season/Spring_Season,CLASS_B_IMMUTABLE_HISTORICAL_FIXTURE,True,ASSUMED_NONE_PER_PROJECT_RULE,WEB_SCHEDULE_VERIFIED,fixture:d6e61787c85cdae5dd76
2024-02-05 00:00:00+00:00,2024,2024-02-11T21:00:00Z,Cloud9,100 Thieves,team:cloud9,team:100_thieves,1,LEAGUEPEDIA_MATCH_SCHEDULE,Leaguepedia LCS 2024 Spring Match Schedule,https://lol.fandom.com/wiki/LCS/2024_Season/Spring_Season,CLASS_B_IMMUTABLE_HISTORICAL_FIXTURE,True,ASSUMED_NONE_PER_PROJECT_RULE,WEB_SCHEDULE_VERIFIED,fixture:b6d1062b9d75c7249a24
2024-02-05 00:00:00+00:00,2024,2024-02-11T22:00:00Z,NRG,Dignitas,team:nrg,team:dignitas,1,LEAGUEPEDIA_MATCH_SCHEDULE,Leaguepedia LCS 2024 Spring Match Schedule,https://lol.fandom.com/wiki/LCS/2024_Season/Spring_Season,CLASS_B_IMMUTABLE_HISTORICAL_FIXTURE,True,ASSUMED_NONE_PER_PROJECT_RULE,WEB_SCHEDULE_VERIFIED,fixture:a9a7716100f90311197b
2024-02-05 00:00:00+00:00,2024,2024-02-11T23:00:00Z,Team Liquid,Shopify Rebellion,team:team_liquid,team:shopify_rebellion,1,LEAGUEPEDIA_MATCH_SCHEDULE,Leaguepedia LCS 2024 Spring Match Schedule,https://lol.fandom.com/wiki/LCS/2024_Season/Spring_Season,CLASS_B_IMMUTABLE_HISTORICAL_FIXTURE,True,ASSUMED_NONE_PER_PROJECT_RULE,WEB_SCHEDULE_VERIFIED,fixture:cbc5bcaf06b6b4df21db
2024-02-12 00:00:00+00:00,2024,2024-02-12T00:00:00Z,Immortals,FlyQuest,team:immortals,team:flyquest,1,LEAGUEPEDIA_MATCH_SCHEDULE,Leaguepedia LCS 2024 Spring Match Schedule,https://lol.fandom.com/wiki/LCS/2024_Season/Spring_Season,CLASS_B_IMMUTABLE_HISTORICAL_FIXTURE,True,ASSUMED_NONE_PER_PROJECT_RULE,WEB_SCHEDULE_VERIFIED,fixture:d1ffdf6d4a0fb09a8c16
2024-02-26 00:00:00+00:00,2024,2024-03-02T21:00:00Z,Immortals,Shopify Rebellion,team:immortals,team:shopify_rebellion,1,LEAGUEPEDIA_MATCH_SCHEDULE,Leaguepedia LCS 2024 Spring Match Schedule,https://lol.fandom.com/wiki/LCS/2024_Season/Spring_Season,CLASS_B_IMMUTABLE_HISTORICAL_FIXTURE,True,ASSUMED_NONE_PER_PROJECT_RULE,WEB_SCHEDULE_VERIFIED,fixture:7d0797a87e67ad862429
2024-02-26 00:00:00+00:00,2024,2024-03-02T22:00:00Z,FlyQuest,Cloud9,team:flyquest,team:cloud9,1,LEAGUEPEDIA_MATCH_SCHEDULE,Leaguepedia LCS 2024 Spring Match Schedule,https://lol.fandom.com/wiki/LCS/2024_Season/Spring_Season,CLASS_B_IMMUTABLE_HISTORICAL_FIXTURE,True,ASSUMED_NONE_PER_PROJECT_RULE,WEB_SCHEDULE_VERIFIED,fixture:30a836b8fd85492648ac
2024-02-26 00:00:00+00:00,2024,2024-03-02T23:00:00Z,Team Liquid,NRG,team:team_liquid,team:nrg,1,LEAGUEPEDIA_MATCH_SCHEDULE,Leaguepedia LCS 2024 Spring Match Schedule,https://lol.fandom.com/wiki/LCS/2024_Season/Spring_Season,CLASS_B_IMMUTABLE_HISTORICAL_FIXTURE,True,ASSUMED_NONE_PER_PROJECT_RULE,WEB_SCHEDULE_VERIFIED,fixture:696cf68f630d41e6692a
2024-02-26 00:00:00+00:00,2024,2024-03-03T00:00:00Z,Dignitas,100 Thieves,team:dignitas,team:100_thieves,1,LEAGUEPEDIA_MATCH_SCHEDULE,Leaguepedia LCS 2024 Spring Match Schedule,https://lol.fandom.com/wiki/LCS/2024_Season/Spring_Season,CLASS_B_IMMUTABLE_HISTORICAL_FIXTURE,True,ASSUMED_NONE_PER_PROJECT_RULE,WEB_SCHEDULE_VERIFIED,fixture:d9cec3f161be584f2cae
2024-02-26 00:00:00+00:00,2024,2024-03-03T21:00:00Z,NRG,Immortals,team:nrg,team:immortals,1,LEAGUEPEDIA_MATCH_SCHEDULE,Leaguepedia LCS 2024 Spring Match Schedule,https://lol.fandom.com/wiki/LCS/2024_Season/Spring_Season,CLASS_B_IMMUTABLE_HISTORICAL_FIXTURE,True,ASSUMED_NONE_PER_PROJECT_RULE,WEB_SCHEDULE_VERIFIED,fixture:6e4ba601cb8ea04abe5a
2024-02-26 00:00:00+00:00,2024,2024-03-03T22:00:00Z,100 Thieves,FlyQuest,team:100_thieves,team:flyquest,1,LEAGUEPEDIA_MATCH_SCHEDULE,Leaguepedia LCS 2024 Spring Match Schedule,https://lol.fandom.com/wiki/LCS/2024_Season/Spring_Season,CLASS_B_IMMUTABLE_HISTORICAL_FIXTURE,True,ASSUMED_NONE_PER_PROJECT_RULE,WEB_SCHEDULE_VERIFIED,fixture:fa807c907b9f71e55914
2024-02-26 00:00:00+00:00,2024,2024-03-03T23:00:00Z,Dignitas,Shopify Rebellion,team:dignitas,team:shopify_rebellion,1,LEAGUEPEDIA_MATCH_SCHEDULE,Leaguepedia LCS 2024 Spring Match Schedule,https://lol.fandom.com/wiki/LCS/2024_Season/Spring_Season,CLASS_B_IMMUTABLE_HISTORICAL_FIXTURE,True,ASSUMED_NONE_PER_PROJECT_RULE,WEB_SCHEDULE_VERIFIED,fixture:c3ecac0b476fbfb299ac
2024-03-04 00:00:00+00:00,2024,2024-03-04T00:00:00Z,Team Liquid,Cloud9,team:team_liquid,team:cloud9,1,LEAGUEPEDIA_MATCH_SCHEDULE,Leaguepedia LCS 2024 Spring Match Schedule,https://lol.fandom.com/wiki/LCS/2024_Season/Spring_Season,CLASS_B_IMMUTABLE_HISTORICAL_FIXTURE,True,ASSUMED_NONE_PER_PROJECT_RULE,WEB_SCHEDULE_VERIFIED,fixture:ecf03d6744da69123ed0
2024-03-04 00:00:00+00:00,2024,2024-03-08T21:00:00Z,Dignitas,Cloud9,team:dignitas,team:cloud9,1,LEAGUEPEDIA_MATCH_SCHEDULE,Leaguepedia LCS 2024 Spring Match Schedule,https://lol.fandom.com/wiki/LCS/2024_Season/Spring_Season,CLASS_B_IMMUTABLE_HISTORICAL_FIXTURE,True,ASSUMED_NONE_PER_PROJECT_RULE,WEB_SCHEDULE_VERIFIED,fixture:e9a40344a2ab5da5e657
2024-03-04 00:00:00+00:00,2024,2024-03-08T22:00:00Z,Team Liquid,FlyQuest,team:team_liquid,team:flyquest,1,LEAGUEPEDIA_MATCH_SCHEDULE,Leaguepedia LCS 2024 Spring Match Schedule,https://lol.fandom.com/wiki/LCS/2024_Season/Spring_Season,CLASS_B_IMMUTABLE_HISTORICAL_FIXTURE,True,ASSUMED_NONE_PER_PROJECT_RULE,WEB_SCHEDULE_VERIFIED,fixture:35dc635d93e379f63e17
2024-03-04 00:00:00+00:00,2024,2024-03-08T23:00:00Z,Immortals,100 Thieves,team:immortals,team:100_thieves,1,LEAGUEPEDIA_MATCH_SCHEDULE,Leaguepedia LCS 2024 Spring Match Schedule,https://lol.fandom.com/wiki/LCS/2024_Season/Spring_Season,CLASS_B_IMMUTABLE_HISTORICAL_FIXTURE,True,ASSUMED_NONE_PER_PROJECT_RULE,WEB_SCHEDULE_VERIFIED,fixture:c910dd812d673806b1c3
2024-03-04 00:00:00+00:00,2024,2024-03-09T00:00:00Z,NRG,Shopify Rebellion,team:nrg,team:shopify_rebellion,1,LEAGUEPEDIA_MATCH_SCHEDULE,Leaguepedia LCS 2024 Spring Match Schedule,https://lol.fandom.com/wiki/LCS/2024_Season/Spring_Season,CLASS_B_IMMUTABLE_HISTORICAL_FIXTURE,True,ASSUMED_NONE_PER_PROJECT_RULE,WEB_SCHEDULE_VERIFIED,fixture:e3af86867345a1eeb2d2
2024-03-04 00:00:00+00:00,2024,2024-03-09T21:00:00Z,Immortals,Cloud9,team:immortals,team:cloud9,1,LEAGUEPEDIA_MATCH_SCHEDULE,Leaguepedia LCS 2024 Spring Match Schedule,https://lol.fandom.com/wiki/LCS/2024_Season/Spring_Season,CLASS_B_IMMUTABLE_HISTORICAL_FIXTURE,True,ASSUMED_NONE_PER_PROJECT_RULE,WEB_SCHEDULE_VERIFIED,fixture:0c6031979775be9f092d
2024-03-04 00:00:00+00:00,2024,2024-03-09T22:00:00Z,NRG,FlyQuest,team:nrg,team:flyquest,1,LEAGUEPEDIA_MATCH_SCHEDULE,Leaguepedia LCS 2024 Spring Match Schedule,https://lol.fandom.com/wiki/LCS/2024_Season/Spring_Season,CLASS_B_IMMUTABLE_HISTORICAL_FIXTURE,True,ASSUMED_NONE_PER_PROJECT_RULE,WEB_SCHEDULE_VERIFIED,fixture:2300777e2caa2b309fe6
2024-03-04 00:00:00+00:00,2024,2024-03-09T23:00:00Z,Team Liquid,Dignitas,team:team_liquid,team:dignitas,1,LEAGUEPEDIA_MATCH_SCHEDULE,Leaguepedia LCS 2024 Spring Match Schedule,https://lol.fandom.com/wiki/LCS/2024_Season/Spring_Season,CLASS_B_IMMUTABLE_HISTORICAL_FIXTURE,True,ASSUMED_NONE_PER_PROJECT_RULE,WEB_SCHEDULE_VERIFIED,fixture:32effec5a44995237a57
2024-03-04 00:00:00+00:00,2024,2024-03-10T00:00:00Z,100 Thieves,Shopify Rebellion,team:100_thieves,team:shopify_rebellion,1,LEAGUEPEDIA_MATCH_SCHEDULE,Leaguepedia LCS 2024 Spring Match Schedule,https://lol.fandom.com/wiki/LCS/2024_Season/Spring_Season,CLASS_B_IMMUTABLE_HISTORICAL_FIXTURE,True,ASSUMED_NONE_PER_PROJECT_RULE,WEB_SCHEDULE_VERIFIED,fixture:9b3e44b6ffdb1d3cf3ea
2024-03-04 00:00:00+00:00,2024,2024-03-10T20:00:00Z,Team Liquid,Immortals,team:team_liquid,team:immortals,1,LEAGUEPEDIA_MATCH_SCHEDULE,Leaguepedia LCS 2024 Spring Match Schedule,https://lol.fandom.com/wiki/LCS/2024_Season/Spring_Season,CLASS_B_IMMUTABLE_HISTORICAL_FIXTURE,True,ASSUMED_NONE_PER_PROJECT_RULE,WEB_SCHEDULE_VERIFIED,fixture:a3794781f04f07e939eb
2024-03-04 00:00:00+00:00,2024,2024-03-10T21:00:00Z,NRG,100 Thieves,team:nrg,team:100_thieves,1,LEAGUEPEDIA_MATCH_SCHEDULE,Leaguepedia LCS 2024 Spring Match Schedule,https://lol.fandom.com/wiki/LCS/2024_Season/Spring_Season,CLASS_B_IMMUTABLE_HISTORICAL_FIXTURE,True,ASSUMED_NONE_PER_PROJECT_RULE,WEB_SCHEDULE_VERIFIED,fixture:8a4adccc33093a7d97c7
2024-03-04 00:00:00+00:00,2024,2024-03-10T22:00:00Z,Cloud9,Shopify Rebellion,team:cloud9,team:shopify_rebellion,1,LEAGUEPEDIA_MATCH_SCHEDULE,Leaguepedia LCS 2024 Spring Match Schedule,https://lol.fandom.com/wiki/LCS/2024_Season/Spring_Season,CLASS_B_IMMUTABLE_HISTORICAL_FIXTURE,True,ASSUMED_NONE_PER_PROJECT_RULE,WEB_SCHEDULE_VERIFIED,fixture:fc46aa412a4aeefd30ec
2024-03-04 00:00:00+00:00,2024,2024-03-10T23:00:00Z,FlyQuest,Dignitas,team:flyquest,team:dignitas,1,LEAGUEPEDIA_MATCH_SCHEDULE,Leaguepedia LCS 2024 Spring Match Schedule,https://lol.fandom.com/wiki/LCS/2024_Season/Spring_Season,CLASS_B_IMMUTABLE_HISTORICAL_FIXTURE,True,ASSUMED_NONE_PER_PROJECT_RULE,WEB_SCHEDULE_VERIFIED,fixture:c294e6b19dc95c26765b
2024-03-11 00:00:00+00:00,2024,2024-03-14T20:00:00Z,100 Thieves,Cloud9,team:100_thieves,team:cloud9,5,LEAGUEPEDIA_MATCH_SCHEDULE,Leaguepedia LCS 2024 Spring Playoffs Match Schedule,https://lol.fandom.com/wiki/LCS/2024_Season/Spring_Playoffs,CLASS_B_IMMUTABLE_HISTORICAL_FIXTURE,True,ASSUMED_NONE_PER_PROJECT_RULE,WEB_SCHEDULE_VERIFIED,fixture:4804ed218bfc8b0e6a94
2024-03-11 00:00:00+00:00,2024,2024-03-15T20:00:00Z,FlyQuest,Team Liquid,team:flyquest,team:team_liquid,5,LEAGUEPEDIA_MATCH_SCHEDULE,Leaguepedia LCS 2024 Spring Playoffs Match Schedule,https://lol.fandom.com/wiki/LCS/2024_Season/Spring_Playoffs,CLASS_B_IMMUTABLE_HISTORICAL_FIXTURE,True,ASSUMED_NONE_PER_PROJECT_RULE,WEB_SCHEDULE_VERIFIED,fixture:44800e4b0462cb0fa6ba
2024-03-11 00:00:00+00:00,2024,2024-03-16T20:00:00Z,100 Thieves,NRG,team:100_thieves,team:nrg,5,LEAGUEPEDIA_MATCH_SCHEDULE,Leaguepedia LCS 2024 Spring Playoffs Match Schedule,https://lol.fandom.com/wiki/LCS/2024_Season/Spring_Playoffs,CLASS_B_IMMUTABLE_HISTORICAL_FIXTURE,True,ASSUMED_NONE_PER_PROJECT_RULE,WEB_SCHEDULE_VERIFIED,fixture:76c338afae77b5426e3b
2024-03-11 00:00:00+00:00,2024,2024-03-17T20:00:00Z,Team Liquid,Dignitas,team:team_liquid,team:dignitas,5,LEAGUEPEDIA_MATCH_SCHEDULE,Leaguepedia LCS 2024 Spring Playoffs Match Schedule,https://lol.fandom.com/wiki/LCS/2024_Season/Spring_Playoffs,CLASS_B_IMMUTABLE_HISTORICAL_FIXTURE,True,ASSUMED_NONE_PER_PROJECT_RULE,WEB_SCHEDULE_VERIFIED,fixture:d7e5b33c44f4c6cf9b2c
2024-03-18 00:00:00+00:00,2024,2024-03-22T20:00:00Z,100 Thieves,Team Liquid,team:100_thieves,team:team_liquid,5,LEAGUEPEDIA_MATCH_SCHEDULE,Leaguepedia LCS 2024 Spring Playoffs Match Schedule,https://lol.fandom.com/wiki/LCS/2024_Season/Spring_Playoffs,CLASS_B_IMMUTABLE_HISTORICAL_FIXTURE,True,ASSUMED_NONE_PER_PROJECT_RULE,WEB_SCHEDULE_VERIFIED,fixture:79441b6922a3dbcfe565
2024-03-18 00:00:00+00:00,2024,2024-03-23T20:00:00Z,FlyQuest,Cloud9,team:flyquest,team:cloud9,5,LEAGUEPEDIA_MATCH_SCHEDULE,Leaguepedia LCS 2024 Spring Playoffs Match Schedule,https://lol.fandom.com/wiki/LCS/2024_Season/Spring_Playoffs,CLASS_B_IMMUTABLE_HISTORICAL_FIXTURE,True,ASSUMED_NONE_PER_PROJECT_RULE,WEB_SCHEDULE_VERIFIED,fixture:8745d047b6f61aa5720f
2024-03-25 00:00:00+00:00,2024,2024-03-30T20:00:00Z,Cloud9,Team Liquid,team:cloud9,team:team_liquid,5,LEAGUEPEDIA_MATCH_SCHEDULE,Leaguepedia LCS 2024 Spring Playoffs Match Schedule,https://lol.fandom.com/wiki/LCS/2024_Season/Spring_Playoffs,CLASS_B_IMMUTABLE_HISTORICAL_FIXTURE,True,ASSUMED_NONE_PER_PROJECT_RULE,WEB_SCHEDULE_VERIFIED,fixture:c3f1ed90302a05e6368c
2024-03-25 00:00:00+00:00,2024,2024-03-31T20:00:00Z,FlyQuest,Team Liquid,team:flyquest,team:team_liquid,5,LEAGUEPEDIA_MATCH_SCHEDULE,Leaguepedia LCS 2024 Spring Playoffs Match Schedule,https://lol.fandom.com/wiki/LCS/2024_Season/Spring_Playoffs,CLASS_B_IMMUTABLE_HISTORICAL_FIXTURE,True,ASSUMED_NONE_PER_PROJECT_RULE,WEB_SCHEDULE_VERIFIED,fixture:94dcea61ef71ec58648d
2024-06-10 00:00:00+00:00,2024,2024-06-15T20:00:00Z,Team Liquid,FlyQuest,team:team_liquid,team:flyquest,3,LEAGUEPEDIA_MATCH_SCHEDULE,Leaguepedia LCS 2024 Summer Match Schedule,https://lol.fandom.com/wiki/LCS/2024_Season/Summer_Season,CLASS_B_IMMUTABLE_HISTORICAL_FIXTURE,True,ASSUMED_NONE_PER_PROJECT_RULE,WEB_SCHEDULE_VERIFIED,fixture:2452a2d4f8e4dd17509f
2024-06-10 00:00:00+00:00,2024,2024-06-15T23:00:00Z,Cloud9,Dignitas,team:cloud9,team:dignitas,3,LEAGUEPEDIA_MATCH_SCHEDULE,Leaguepedia LCS 2024 Summer Match Schedule,https://lol.fandom.com/wiki/LCS/2024_Season/Summer_Season,CLASS_B_IMMUTABLE_HISTORICAL_FIXTURE,True,ASSUMED_NONE_PER_PROJECT_RULE,WEB_SCHEDULE_VERIFIED,fixture:5a75332ad23e8e7b3f13
2024-06-10 00:00:00+00:00,2024,2024-06-16T20:00:00Z,100 Thieves,NRG,team:100_thieves,team:nrg,3,LEAGUEPEDIA_MATCH_SCHEDULE,Leaguepedia LCS 2024 Summer Match Schedule,https://lol.fandom.com/wiki/LCS/2024_Season/Summer_Season,CLASS_B_IMMUTABLE_HISTORICAL_FIXTURE,True,ASSUMED_NONE_PER_PROJECT_RULE,WEB_SCHEDULE_VERIFIED,fixture:8e683257aa99cb259efa
2024-06-10 00:00:00+00:00,2024,2024-06-16T23:00:00Z,Immortals,Shopify Rebellion,team:immortals,team:shopify_rebellion,3,LEAGUEPEDIA_MATCH_SCHEDULE,Leaguepedia LCS 2024 Summer Match Schedule,https://lol.fandom.com/wiki/LCS/2024_Season/Summer_Season,CLASS_B_IMMUTABLE_HISTORICAL_FIXTURE,True,ASSUMED_NONE_PER_PROJECT_RULE,WEB_SCHEDULE_VERIFIED,fixture:8a734bfd9a83afa2da74
2024-06-17 00:00:00+00:00,2024,2024-06-22T20:00:00Z,Immortals,Cloud9,team:immortals,team:cloud9,3,LEAGUEPEDIA_MATCH_SCHEDULE,Leaguepedia LCS 2024 Summer Match Schedule,https://lol.fandom.com/wiki/LCS/2024_Season/Summer_Season,CLASS_B_IMMUTABLE_HISTORICAL_FIXTURE,True,ASSUMED_NONE_PER_PROJECT_RULE,WEB_SCHEDULE_VERIFIED,fixture:7faccce12bb4b384c344
2024-06-17 00:00:00+00:00,2024,2024-06-22T23:00:00Z,100 Thieves,Dignitas,team:100_thieves,team:dignitas,3,LEAGUEPEDIA_MATCH_SCHEDULE,Leaguepedia LCS 2024 Summer Match Schedule,https://lol.fandom.com/wiki/LCS/2024_Season/Summer_Season,CLASS_B_IMMUTABLE_HISTORICAL_FIXTURE,True,ASSUMED_NONE_PER_PROJECT_RULE,WEB_SCHEDULE_VERIFIED,fixture:27ece29e793ef0fff424
2024-06-17 00:00:00+00:00,2024,2024-06-23T20:00:00Z,FlyQuest,NRG,team:flyquest,team:nrg,3,LEAGUEPEDIA_MATCH_SCHEDULE,Leaguepedia LCS 2024 Summer Match Schedule,https://lol.fandom.com/wiki/LCS/2024_Season/Summer_Season,CLASS_B_IMMUTABLE_HISTORICAL_FIXTURE,True,ASSUMED_NONE_PER_PROJECT_RULE,WEB_SCHEDULE_VERIFIED,fixture:c9a75880f8c0ce1147d9
2024-06-17 00:00:00+00:00,2024,2024-06-23T23:00:00Z,Team Liquid,Shopify Rebellion,team:team_liquid,team:shopify_rebellion,3,LEAGUEPEDIA_MATCH_SCHEDULE,Leaguepedia LCS 2024 Summer Match Schedule,https://lol.fandom.com/wiki/LCS/2024_Season/Summer_Season,CLASS_B_IMMUTABLE_HISTORICAL_FIXTURE,True,ASSUMED_NONE_PER_PROJECT_RULE,WEB_SCHEDULE_VERIFIED,fixture:d7fedbb4e6cbc473a20b
2024-06-24 00:00:00+00:00,2024,2024-06-27T20:00:00Z,Immortals,NRG,team:immortals,team:nrg,3,LEAGUEPEDIA_MATCH_SCHEDULE,Leaguepedia LCS 2024 Summer Match Schedule,https://lol.fandom.com/wiki/LCS/2024_Season/Summer_Season,CLASS_B_IMMUTABLE_HISTORICAL_FIXTURE,True,ASSUMED_NONE_PER_PROJECT_RULE,WEB_SCHEDULE_VERIFIED,fixture:2684c3d2eddad000d70c
2024-06-24 00:00:00+00:00,2024,2024-06-27T23:00:00Z,Team Liquid,100 Thieves,team:team_liquid,team:100_thieves,3,LEAGUEPEDIA_MATCH_SCHEDULE,Leaguepedia LCS 2024 Summer Match Schedule,https://lol.fandom.com/wiki/LCS/2024_Season/Summer_Season,CLASS_B_IMMUTABLE_HISTORICAL_FIXTURE,True,ASSUMED_NONE_PER_PROJECT_RULE,WEB_SCHEDULE_VERIFIED,fixture:4bcd65e28ac0f44b9f36
2024-06-24 00:00:00+00:00,2024,2024-06-28T20:00:00Z,Shopify Rebellion,Cloud9,team:shopify_rebellion,team:cloud9,3,LEAGUEPEDIA_MATCH_SCHEDULE,Leaguepedia LCS 2024 Summer Match Schedule,https://lol.fandom.com/wiki/LCS/2024_Season/Summer_Season,CLASS_B_IMMUTABLE_HISTORICAL_FIXTURE,True,ASSUMED_NONE_PER_PROJECT_RULE,WEB_SCHEDULE_VERIFIED,fixture:a4186020af2b309b7ab8
2024-06-24 00:00:00+00:00,2024,2024-06-28T23:00:00Z,Dignitas,FlyQuest,team:dignitas,team:flyquest,3,LEAGUEPEDIA_MATCH_SCHEDULE,Leaguepedia LCS 2024 Summer Match Schedule,https://lol.fandom.com/wiki/LCS/2024_Season/Summer_Season,CLASS_B_IMMUTABLE_HISTORICAL_FIXTURE,True,ASSUMED_NONE_PER_PROJECT_RULE,WEB_SCHEDULE_VERIFIED,fixture:65d57bd72a8afe4132e2
2024-07-15 00:00:00+00:00,2024,2024-07-20T20:00:00Z,Dignitas,Team Liquid,team:dignitas,team:team_liquid,3,LEAGUEPEDIA_MATCH_SCHEDULE,Leaguepedia LCS 2024 Summer Match Schedule,https://lol.fandom.com/wiki/LCS/2024_Season/Summer_Season,CLASS_B_IMMUTABLE_HISTORICAL_FIXTURE,True,ASSUMED_NONE_PER_PROJECT_RULE,WEB_SCHEDULE_VERIFIED,fixture:0da58681f1f5291c37b9
2024-07-15 00:00:00+00:00,2024,2024-07-20T23:00:00Z,Immortals,FlyQuest,team:immortals,team:flyquest,3,LEAGUEPEDIA_MATCH_SCHEDULE,Leaguepedia LCS 2024 Summer Match Schedule,https://lol.fandom.com/wiki/LCS/2024_Season/Summer_Season,CLASS_B_IMMUTABLE_HISTORICAL_FIXTURE,True,ASSUMED_NONE_PER_PROJECT_RULE,WEB_SCHEDULE_VERIFIED,fixture:4d27bcd9e112cc20add1
2024-07-15 00:00:00+00:00,2024,2024-07-21T20:00:00Z,Cloud9,100 Thieves,team:cloud9,team:100_thieves,3,LEAGUEPEDIA_MATCH_SCHEDULE,Leaguepedia LCS 2024 Summer Match Schedule,https://lol.fandom.com/wiki/LCS/2024_Season/Summer_Season,CLASS_B_IMMUTABLE_HISTORICAL_FIXTURE,True,ASSUMED_NONE_PER_PROJECT_RULE,WEB_SCHEDULE_VERIFIED,fixture:5060eee930f03bb146c1
2024-07-15 00:00:00+00:00,2024,2024-07-21T23:00:00Z,NRG,Shopify Rebellion,team:nrg,team:shopify_rebellion,3,LEAGUEPEDIA_MATCH_SCHEDULE,Leaguepedia LCS 2024 Summer Match Schedule,https://lol.fandom.com/wiki/LCS/2024_Season/Summer_Season,CLASS_B_IMMUTABLE_HISTORICAL_FIXTURE,True,ASSUMED_NONE_PER_PROJECT_RULE,WEB_SCHEDULE_VERIFIED,fixture:440f7ca9baab297c1868
2024-07-22 00:00:00+00:00,2024,2024-07-27T20:00:00Z,Cloud9,NRG,team:cloud9,team:nrg,3,LEAGUEPEDIA_MATCH_SCHEDULE,Leaguepedia LCS 2024 Summer Match Schedule,https://lol.fandom.com/wiki/LCS/2024_Season/Summer_Season,CLASS_B_IMMUTABLE_HISTORICAL_FIXTURE,True,ASSUMED_NONE_PER_PROJECT_RULE,WEB_SCHEDULE_VERIFIED,fixture:11d9bde77bae441c7d6b
2024-07-22 00:00:00+00:00,2024,2024-07-27T23:00:00Z,Shopify Rebellion,Dignitas,team:shopify_rebellion,team:dignitas,3,LEAGUEPEDIA_MATCH_SCHEDULE,Leaguepedia LCS 2024 Summer Match Schedule,https://lol.fandom.com/wiki/LCS/2024_Season/Summer_Season,CLASS_B_IMMUTABLE_HISTORICAL_FIXTURE,True,ASSUMED_NONE_PER_PROJECT_RULE,WEB_SCHEDULE_VERIFIED,fixture:d4cbbb146756def215d5
2024-07-22 00:00:00+00:00,2024,2024-07-28T20:00:00Z,FlyQuest,100 Thieves,team:flyquest,team:100_thieves,3,LEAGUEPEDIA_MATCH_SCHEDULE,Leaguepedia LCS 2024 Summer Match Schedule,https://lol.fandom.com/wiki/LCS/2024_Season/Summer_Season,CLASS_B_IMMUTABLE_HISTORICAL_FIXTURE,True,ASSUMED_NONE_PER_PROJECT_RULE,WEB_SCHEDULE_VERIFIED,fixture:85d7714f538f6d991a13
2024-07-22 00:00:00+00:00,2024,2024-07-28T23:00:00Z,Team Liquid,Immortals,team:team_liquid,team:immortals,3,LEAGUEPEDIA_MATCH_SCHEDULE,Leaguepedia LCS 2024 Summer Match Schedule,https://lol.fandom.com/wiki/LCS/2024_Season/Summer_Season,CLASS_B_IMMUTABLE_HISTORICAL_FIXTURE,True,ASSUMED_NONE_PER_PROJECT_RULE,WEB_SCHEDULE_VERIFIED,fixture:f4dee798dd034db023f0
2024-07-29 00:00:00+00:00,2024,2024-08-03T20:00:00Z,NRG,Dignitas,team:nrg,team:dignitas,3,LEAGUEPEDIA_MATCH_SCHEDULE,Leaguepedia LCS 2024 Summer Match Schedule,https://lol.fandom.com/wiki/LCS/2024_Season/Summer_Season,CLASS_B_IMMUTABLE_HISTORICAL_FIXTURE,True,ASSUMED_NONE_PER_PROJECT_RULE,WEB_SCHEDULE_VERIFIED,fixture:df4ab456dca07a10dbf1
2024-07-29 00:00:00+00:00,2024,2024-08-03T23:00:00Z,100 Thieves,Immortals,team:100_thieves,team:immortals,3,LEAGUEPEDIA_MATCH_SCHEDULE,Leaguepedia LCS 2024 Summer Match Schedule,https://lol.fandom.com/wiki/LCS/2024_Season/Summer_Season,CLASS_B_IMMUTABLE_HISTORICAL_FIXTURE,True,ASSUMED_NONE_PER_PROJECT_RULE,WEB_SCHEDULE_VERIFIED,fixture:9cacff8da14b56b93d06
2024-07-29 00:00:00+00:00,2024,2024-08-04T20:00:00Z,Team Liquid,Cloud9,team:team_liquid,team:cloud9,3,LEAGUEPEDIA_MATCH_SCHEDULE,Leaguepedia LCS 2024 Summer Match Schedule,https://lol.fandom.com/wiki/LCS/2024_Season/Summer_Season,CLASS_B_IMMUTABLE_HISTORICAL_FIXTURE,True,ASSUMED_NONE_PER_PROJECT_RULE,WEB_SCHEDULE_VERIFIED,fixture:6c40e3b7cf1ad5228191
2024-07-29 00:00:00+00:00,2024,2024-08-04T23:00:00Z,FlyQuest,Shopify Rebellion,team:flyquest,team:shopify_rebellion,3,LEAGUEPEDIA_MATCH_SCHEDULE,Leaguepedia LCS 2024 Summer Match Schedule,https://lol.fandom.com/wiki/LCS/2024_Season/Summer_Season,CLASS_B_IMMUTABLE_HISTORICAL_FIXTURE,True,ASSUMED_NONE_PER_PROJECT_RULE,WEB_SCHEDULE_VERIFIED,fixture:658a69e591ff27eadf45
2024-08-05 00:00:00+00:00,2024,2024-08-10T20:00:00Z,NRG,Team Liquid,team:nrg,team:team_liquid,3,LEAGUEPEDIA_MATCH_SCHEDULE,Leaguepedia LCS 2024 Summer Match Schedule,https://lol.fandom.com/wiki/LCS/2024_Season/Summer_Season,CLASS_B_IMMUTABLE_HISTORICAL_FIXTURE,True,ASSUMED_NONE_PER_PROJECT_RULE,WEB_SCHEDULE_VERIFIED,fixture:b26bedb8139c0e261623
2024-08-05 00:00:00+00:00,2024,2024-08-10T23:00:00Z,Shopify Rebellion,100 Thieves,team:shopify_rebellion,team:100_thieves,3,LEAGUEPEDIA_MATCH_SCHEDULE,Leaguepedia LCS 2024 Summer Match Schedule,https://lol.fandom.com/wiki/LCS/2024_Season/Summer_Season,CLASS_B_IMMUTABLE_HISTORICAL_FIXTURE,True,ASSUMED_NONE_PER_PROJECT_RULE,WEB_SCHEDULE_VERIFIED,fixture:ba5d1b6cbe3fd4a2f060
2024-08-05 00:00:00+00:00,2024,2024-08-11T20:00:00Z,FlyQuest,Cloud9,team:flyquest,team:cloud9,3,LEAGUEPEDIA_MATCH_SCHEDULE,Leaguepedia LCS 2024 Summer Match Schedule,https://lol.fandom.com/wiki/LCS/2024_Season/Summer_Season,CLASS_B_IMMUTABLE_HISTORICAL_FIXTURE,True,ASSUMED_NONE_PER_PROJECT_RULE,WEB_SCHEDULE_VERIFIED,fixture:7e48e290cfb2a31bff1d
2024-08-05 00:00:00+00:00,2024,2024-08-11T23:00:00Z,Dignitas,Immortals,team:dignitas,team:immortals,3,LEAGUEPEDIA_MATCH_SCHEDULE,Leaguepedia LCS 2024 Summer Match Schedule,https://lol.fandom.com/wiki/LCS/2024_Season/Summer_Season,CLASS_B_IMMUTABLE_HISTORICAL_FIXTURE,True,ASSUMED_NONE_PER_PROJECT_RULE,WEB_SCHEDULE_VERIFIED,fixture:0f63f2bc7dc7c0130586
2024-08-12 00:00:00+00:00,2024,2024-08-17T20:00:00Z,Dignitas,100 Thieves,team:dignitas,team:100_thieves,5,LEAGUEPEDIA_MATCH_SCHEDULE,Leaguepedia LCS 2024 Championship Match Schedule,https://lol.fandom.com/wiki/LCS/2024_Season/Championship,CLASS_B_IMMUTABLE_HISTORICAL_FIXTURE,True,ASSUMED_NONE_PER_PROJECT_RULE,WEB_SCHEDULE_VERIFIED,fixture:87e314795d001cb15483
2024-08-12 00:00:00+00:00,2024,2024-08-18T20:00:00Z,FlyQuest,NRG,team:flyquest,team:nrg,5,LEAGUEPEDIA_MATCH_SCHEDULE,Leaguepedia LCS 2024 Championship Match Schedule,https://lol.fandom.com/wiki/LCS/2024_Season/Championship,CLASS_B_IMMUTABLE_HISTORICAL_FIXTURE,True,ASSUMED_NONE_PER_PROJECT_RULE,WEB_SCHEDULE_VERIFIED,fixture:e42c1daa835180e490c7
2024-08-19 00:00:00+00:00,2024,2024-08-23T20:00:00Z,Dignitas,NRG,team:dignitas,team:nrg,5,LEAGUEPEDIA_MATCH_SCHEDULE,Leaguepedia LCS 2024 Championship Match Schedule,https://lol.fandom.com/wiki/LCS/2024_Season/Championship,CLASS_B_IMMUTABLE_HISTORICAL_FIXTURE,True,ASSUMED_NONE_PER_PROJECT_RULE,WEB_SCHEDULE_VERIFIED,fixture:5d1cedf0b7dad78b613c
2024-08-19 00:00:00+00:00,2024,2024-08-24T20:00:00Z,Team Liquid,100 Thieves,team:team_liquid,team:100_thieves,5,LEAGUEPEDIA_MATCH_SCHEDULE,Leaguepedia LCS 2024 Championship Match Schedule,https://lol.fandom.com/wiki/LCS/2024_Season/Championship,CLASS_B_IMMUTABLE_HISTORICAL_FIXTURE,True,ASSUMED_NONE_PER_PROJECT_RULE,WEB_SCHEDULE_VERIFIED,fixture:ef10da17426efb120d9f
2024-08-19 00:00:00+00:00,2024,2024-08-25T20:00:00Z,Cloud9,FlyQuest,team:cloud9,team:flyquest,5,LEAGUEPEDIA_MATCH_SCHEDULE,Leaguepedia LCS 2024 Championship Match Schedule,https://lol.fandom.com/wiki/LCS/2024_Season/Championship,CLASS_B_IMMUTABLE_HISTORICAL_FIXTURE,True,ASSUMED_NONE_PER_PROJECT_RULE,WEB_SCHEDULE_VERIFIED,fixture:1ad48b3489c5c03e12b6
2024-08-26 00:00:00+00:00,2024,2024-08-30T20:00:00Z,100 Thieves,Dignitas,team:100_thieves,team:dignitas,5,LEAGUEPEDIA_MATCH_SCHEDULE,Leaguepedia LCS 2024 Championship Match Schedule,https://lol.fandom.com/wiki/LCS/2024_Season/Championship,CLASS_B_IMMUTABLE_HISTORICAL_FIXTURE,True,ASSUMED_NONE_PER_PROJECT_RULE,WEB_SCHEDULE_VERIFIED,fixture:349a7ca0e70e709d878a
2024-08-26 00:00:00+00:00,2024,2024-08-31T20:00:00Z,Team Liquid,FlyQuest,team:team_liquid,team:flyquest,5,LEAGUEPEDIA_MATCH_SCHEDULE,Leaguepedia LCS 2024 Championship Match Schedule,https://lol.fandom.com/wiki/LCS/2024_Season/Championship,CLASS_B_IMMUTABLE_HISTORICAL_FIXTURE,True,ASSUMED_NONE_PER_PROJECT_RULE,WEB_SCHEDULE_VERIFIED,fixture:33748551ade88967258a
2024-08-26 00:00:00+00:00,2024,2024-09-01T20:00:00Z,Cloud9,100 Thieves,team:cloud9,team:100_thieves,5,LEAGUEPEDIA_MATCH_SCHEDULE,Leaguepedia LCS 2024 Championship Match Schedule,https://lol.fandom.com/wiki/LCS/2024_Season/Championship,CLASS_B_IMMUTABLE_HISTORICAL_FIXTURE,True,ASSUMED_NONE_PER_PROJECT_RULE,WEB_SCHEDULE_VERIFIED,fixture:f51bf7da6069ab469632
2024-09-02 00:00:00+00:00,2024,2024-09-06T20:00:00Z,FlyQuest,100 Thieves,team:flyquest,team:100_thieves,5,LEAGUEPEDIA_MATCH_SCHEDULE,Leaguepedia LCS 2024 Championship Match Schedule,https://lol.fandom.com/wiki/LCS/2024_Season/Championship,CLASS_B_IMMUTABLE_HISTORICAL_FIXTURE,True,ASSUMED_NONE_PER_PROJECT_RULE,WEB_SCHEDULE_VERIFIED,fixture:8ad4ef9bb998101f710c
2024-09-02 00:00:00+00:00,2024,2024-09-07T20:00:00Z,Team Liquid,FlyQuest,team:team_liquid,team:flyquest,5,LEAGUEPEDIA_MATCH_SCHEDULE,Leaguepedia LCS 2024 Championship Match Schedule,https://lol.fandom.com/wiki/LCS/2024_Season/Championship,CLASS_B_IMMUTABLE_HISTORICAL_FIXTURE,True,ASSUMED_NONE_PER_PROJECT_RULE,WEB_SCHEDULE_VERIFIED,fixture:15cf7b24b17b28bfa0cd
2025-01-20 00:00:00+00:00,2025,2025-01-25T21:00:00Z,FlyQuest,Shopify Rebellion,team:flyquest,team:shopify_rebellion,3,LEAGUEPEDIA_MATCH_SCHEDULE,Leaguepedia LTA North 2025 Split 1 Match Schedule,https://lol.fandom.com/wiki/LTA_North/2025_Season/Split_1,CLASS_B_IMMUTABLE_HISTORICAL_FIXTURE,True,ASSUMED_NONE_PER_PROJECT_RULE,WEB_SCHEDULE_VERIFIED,fixture:b5cf9ba3736dd82cb69c
2025-01-20 00:00:00+00:00,2025,2025-01-26T00:00:00Z,LYON,Cloud9,team:lyon,team:cloud9,3,LEAGUEPEDIA_MATCH_SCHEDULE,Leaguepedia LTA North 2025 Split 1 Match Schedule,https://lol.fandom.com/wiki/LTA_North/2025_Season/Split_1,CLASS_B_IMMUTABLE_HISTORICAL_FIXTURE,True,ASSUMED_NONE_PER_PROJECT_RULE,WEB_SCHEDULE_VERIFIED,fixture:d6aaaa30b7b54fa498ec
2025-01-20 00:00:00+00:00,2025,2025-01-26T21:00:00Z,100 Thieves,Disguised,team:100_thieves,team:disguised,3,LEAGUEPEDIA_MATCH_SCHEDULE,Leaguepedia LTA North 2025 Split 1 Match Schedule,https://lol.fandom.com/wiki/LTA_North/2025_Season/Split_1,CLASS_B_IMMUTABLE_HISTORICAL_FIXTURE,True,ASSUMED_NONE_PER_PROJECT_RULE,WEB_SCHEDULE_VERIFIED,fixture:6a4d38f790f5ee1de09f
2025-01-27 00:00:00+00:00,2025,2025-01-27T00:00:00Z,Team Liquid,Dignitas,team:team_liquid,team:dignitas,3,LEAGUEPEDIA_MATCH_SCHEDULE,Leaguepedia LTA North 2025 Split 1 Match Schedule,https://lol.fandom.com/wiki/LTA_North/2025_Season/Split_1,CLASS_B_IMMUTABLE_HISTORICAL_FIXTURE,True,ASSUMED_NONE_PER_PROJECT_RULE,WEB_SCHEDULE_VERIFIED,fixture:502ddbb5f6341a798255
2025-01-27 00:00:00+00:00,2025,2025-02-01T21:00:00Z,Shopify Rebellion,LYON,team:shopify_rebellion,team:lyon,3,LEAGUEPEDIA_MATCH_SCHEDULE,Leaguepedia LTA North 2025 Split 1 Match Schedule,https://lol.fandom.com/wiki/LTA_North/2025_Season/Split_1,CLASS_B_IMMUTABLE_HISTORICAL_FIXTURE,True,ASSUMED_NONE_PER_PROJECT_RULE,WEB_SCHEDULE_VERIFIED,fixture:75abbd2242f90ae073c6
2025-01-27 00:00:00+00:00,2025,2025-02-02T00:00:00Z,Dignitas,Disguised,team:dignitas,team:disguised,3,LEAGUEPEDIA_MATCH_SCHEDULE,Leaguepedia LTA North 2025 Split 1 Match Schedule,https://lol.fandom.com/wiki/LTA_North/2025_Season/Split_1,CLASS_B_IMMUTABLE_HISTORICAL_FIXTURE,True,ASSUMED_NONE_PER_PROJECT_RULE,WEB_SCHEDULE_VERIFIED,fixture:421b5415209dcb20ad1e
2025-01-27 00:00:00+00:00,2025,2025-02-02T21:00:00Z,Team Liquid,100 Thieves,team:team_liquid,team:100_thieves,3,LEAGUEPEDIA_MATCH_SCHEDULE,Leaguepedia LTA North 2025 Split 1 Match Schedule,https://lol.fandom.com/wiki/LTA_North/2025_Season/Split_1,CLASS_B_IMMUTABLE_HISTORICAL_FIXTURE,True,ASSUMED_NONE_PER_PROJECT_RULE,WEB_SCHEDULE_VERIFIED,fixture:c88fe1b25f40ab5f1fc4
2025-02-03 00:00:00+00:00,2025,2025-02-03T00:00:00Z,FlyQuest,Cloud9,team:flyquest,team:cloud9,3,LEAGUEPEDIA_MATCH_SCHEDULE,Leaguepedia LTA North 2025 Split 1 Match Schedule,https://lol.fandom.com/wiki/LTA_North/2025_Season/Split_1,CLASS_B_IMMUTABLE_HISTORICAL_FIXTURE,True,ASSUMED_NONE_PER_PROJECT_RULE,WEB_SCHEDULE_VERIFIED,fixture:b594d65cbd7c5869f029
2025-02-03 00:00:00+00:00,2025,2025-02-03T03:00:00Z,100 Thieves,Cloud9,team:100_thieves,team:cloud9,1,LEAGUEPEDIA_MATCH_SCHEDULE,Leaguepedia LTA North 2025 Split 1 Match Schedule,https://lol.fandom.com/wiki/LTA_North/2025_Season/Split_1,CLASS_B_IMMUTABLE_HISTORICAL_FIXTURE,True,ASSUMED_NONE_PER_PROJECT_RULE,WEB_SCHEDULE_VERIFIED,fixture:f393928ee4d6a87c8b1f
2025-02-03 00:00:00+00:00,2025,2025-02-09T21:00:00Z,Team Liquid,Shopify Rebellion,team:team_liquid,team:shopify_rebellion,3,LEAGUEPEDIA_MATCH_SCHEDULE,Leaguepedia LTA North 2025 Split 1 Match Schedule,https://lol.fandom.com/wiki/LTA_North/2025_Season/Split_1,CLASS_B_IMMUTABLE_HISTORICAL_FIXTURE,True,ASSUMED_NONE_PER_PROJECT_RULE,WEB_SCHEDULE_VERIFIED,fixture:154471a039032cb50957
2025-02-10 00:00:00+00:00,2025,2025-02-10T00:00:00Z,FlyQuest,Dignitas,team:flyquest,team:dignitas,3,LEAGUEPEDIA_MATCH_SCHEDULE,Leaguepedia LTA North 2025 Split 1 Match Schedule,https://lol.fandom.com/wiki/LTA_North/2025_Season/Split_1,CLASS_B_IMMUTABLE_HISTORICAL_FIXTURE,True,ASSUMED_NONE_PER_PROJECT_RULE,WEB_SCHEDULE_VERIFIED,fixture:4a372476cfdc040c4c5f
2025-02-10 00:00:00+00:00,2025,2025-02-10T03:00:00Z,FlyQuest,Team Liquid,team:flyquest,team:team_liquid,1,LEAGUEPEDIA_MATCH_SCHEDULE,Leaguepedia LTA North 2025 Split 1 Match Schedule,https://lol.fandom.com/wiki/LTA_North/2025_Season/Split_1,CLASS_B_IMMUTABLE_HISTORICAL_FIXTURE,True,ASSUMED_NONE_PER_PROJECT_RULE,WEB_SCHEDULE_VERIFIED,fixture:a10f2a23237d3120dd54
2025-03-31 00:00:00+00:00,2025,2025-04-05T20:00:00Z,Team Liquid,FlyQuest,team:team_liquid,team:flyquest,1,LEAGUEPEDIA_MATCH_SCHEDULE,Leaguepedia LTA North 2025 Split 2 Match Schedule,https://lol.fandom.com/wiki/LTA_North/2025_Season/Split_2,CLASS_B_IMMUTABLE_HISTORICAL_FIXTURE,True,ASSUMED_NONE_PER_PROJECT_RULE,WEB_SCHEDULE_VERIFIED,fixture:56e54097293154b4009b
2025-03-31 00:00:00+00:00,2025,2025-04-05T21:00:00Z,Shopify Rebellion,Dignitas,team:shopify_rebellion,team:dignitas,1,LEAGUEPEDIA_MATCH_SCHEDULE,Leaguepedia LTA North 2025 Split 2 Match Schedule,https://lol.fandom.com/wiki/LTA_North/2025_Season/Split_2,CLASS_B_IMMUTABLE_HISTORICAL_FIXTURE,True,ASSUMED_NONE_PER_PROJECT_RULE,WEB_SCHEDULE_VERIFIED,fixture:74bac0bb6e7b44856884
2025-03-31 00:00:00+00:00,2025,2025-04-05T22:00:00Z,Cloud9,100 Thieves,team:cloud9,team:100_thieves,1,LEAGUEPEDIA_MATCH_SCHEDULE,Leaguepedia LTA North 2025 Split 2 Match Schedule,https://lol.fandom.com/wiki/LTA_North/2025_Season/Split_2,CLASS_B_IMMUTABLE_HISTORICAL_FIXTURE,True,ASSUMED_NONE_PER_PROJECT_RULE,WEB_SCHEDULE_VERIFIED,fixture:cacdac7c893f4ecee20e
2025-03-31 00:00:00+00:00,2025,2025-04-05T23:00:00Z,Disguised,LYON,team:disguised,team:lyon,1,LEAGUEPEDIA_MATCH_SCHEDULE,Leaguepedia LTA North 2025 Split 2 Match Schedule,https://lol.fandom.com/wiki/LTA_North/2025_Season/Split_2,CLASS_B_IMMUTABLE_HISTORICAL_FIXTURE,True,ASSUMED_NONE_PER_PROJECT_RULE,WEB_SCHEDULE_VERIFIED,fixture:1a476e1d1408ace332ce
2025-03-31 00:00:00+00:00,2025,2025-04-06T20:00:00Z,Cloud9,Shopify Rebellion,team:cloud9,team:shopify_rebellion,1,LEAGUEPEDIA_MATCH_SCHEDULE,Leaguepedia LTA North 2025 Split 2 Match Schedule,https://lol.fandom.com/wiki/LTA_North/2025_Season/Split_2,CLASS_B_IMMUTABLE_HISTORICAL_FIXTURE,True,ASSUMED_NONE_PER_PROJECT_RULE,WEB_SCHEDULE_VERIFIED,fixture:bc56a151e2c748046d2e
2025-03-31 00:00:00+00:00,2025,2025-04-06T21:00:00Z,Team Liquid,100 Thieves,team:team_liquid,team:100_thieves,1,LEAGUEPEDIA_MATCH_SCHEDULE,Leaguepedia LTA North 2025 Split 2 Match Schedule,https://lol.fandom.com/wiki/LTA_North/2025_Season/Split_2,CLASS_B_IMMUTABLE_HISTORICAL_FIXTURE,True,ASSUMED_NONE_PER_PROJECT_RULE,WEB_SCHEDULE_VERIFIED,fixture:7a45189a80ea884b0749
2025-03-31 00:00:00+00:00,2025,2025-04-06T22:00:00Z,FlyQuest,Disguised,team:flyquest,team:disguised,1,LEAGUEPEDIA_MATCH_SCHEDULE,Leaguepedia LTA North 2025 Split 2 Match Schedule,https://lol.fandom.com/wiki/LTA_North/2025_Season/Split_2,CLASS_B_IMMUTABLE_HISTORICAL_FIXTURE,True,ASSUMED_NONE_PER_PROJECT_RULE,WEB_SCHEDULE_VERIFIED,fixture:8e31e9306d9507e3ee22
2025-03-31 00:00:00+00:00,2025,2025-04-06T23:00:00Z,LYON,Dignitas,team:lyon,team:dignitas,1,LEAGUEPEDIA_MATCH_SCHEDULE,Leaguepedia LTA North 2025 Split 2 Match Schedule,https://lol.fandom.com/wiki/LTA_North/2025_Season/Split_2,CLASS_B_IMMUTABLE_HISTORICAL_FIXTURE,True,ASSUMED_NONE_PER_PROJECT_RULE,WEB_SCHEDULE_VERIFIED,fixture:f6f461c498669a18f874
2025-04-07 00:00:00+00:00,2025,2025-04-12T20:00:00Z,Cloud9,Disguised,team:cloud9,team:disguised,1,LEAGUEPEDIA_MATCH_SCHEDULE,Leaguepedia LTA North 2025 Split 2 Match Schedule,https://lol.fandom.com/wiki/LTA_North/2025_Season/Split_2,CLASS_B_IMMUTABLE_HISTORICAL_FIXTURE,True,ASSUMED_NONE_PER_PROJECT_RULE,WEB_SCHEDULE_VERIFIED,fixture:b7553877fd54288f65d7
2025-04-07 00:00:00+00:00,2025,2025-04-12T21:00:00Z,100 Thieves,FlyQuest,team:100_thieves,team:flyquest,1,LEAGUEPEDIA_MATCH_SCHEDULE,Leaguepedia LTA North 2025 Split 2 Match Schedule,https://lol.fandom.com/wiki/LTA_North/2025_Season/Split_2,CLASS_B_IMMUTABLE_HISTORICAL_FIXTURE,True,ASSUMED_NONE_PER_PROJECT_RULE,WEB_SCHEDULE_VERIFIED,fixture:950ed7d33c63935a54c7
2025-04-07 00:00:00+00:00,2025,2025-04-12T22:00:00Z,Dignitas,Team Liquid,team:dignitas,team:team_liquid,1,LEAGUEPEDIA_MATCH_SCHEDULE,Leaguepedia LTA North 2025 Split 2 Match Schedule,https://lol.fandom.com/wiki/LTA_North/2025_Season/Split_2,CLASS_B_IMMUTABLE_HISTORICAL_FIXTURE,True,ASSUMED_NONE_PER_PROJECT_RULE,WEB_SCHEDULE_VERIFIED,fixture:4e788fe45101dfc561dd
2025-04-07 00:00:00+00:00,2025,2025-04-12T23:00:00Z,Shopify Rebellion,LYON,team:shopify_rebellion,team:lyon,1,LEAGUEPEDIA_MATCH_SCHEDULE,Leaguepedia LTA North 2025 Split 2 Match Schedule,https://lol.fandom.com/wiki/LTA_North/2025_Season/Split_2,CLASS_B_IMMUTABLE_HISTORICAL_FIXTURE,True,ASSUMED_NONE_PER_PROJECT_RULE,WEB_SCHEDULE_VERIFIED,fixture:774cf4ea38d48fbab515
2025-04-07 00:00:00+00:00,2025,2025-04-13T20:00:00Z,100 Thieves,Disguised,team:100_thieves,team:disguised,1,LEAGUEPEDIA_MATCH_SCHEDULE,Leaguepedia LTA North 2025 Split 2 Match Schedule,https://lol.fandom.com/wiki/LTA_North/2025_Season/Split_2,CLASS_B_IMMUTABLE_HISTORICAL_FIXTURE,True,ASSUMED_NONE_PER_PROJECT_RULE,WEB_SCHEDULE_VERIFIED,fixture:373c9dd8b791494ccb26
2025-04-07 00:00:00+00:00,2025,2025-04-13T21:00:00Z,Shopify Rebellion,FlyQuest,team:shopify_rebellion,team:flyquest,1,LEAGUEPEDIA_MATCH_SCHEDULE,Leaguepedia LTA North 2025 Split 2 Match Schedule,https://lol.fandom.com/wiki/LTA_North/2025_Season/Split_2,CLASS_B_IMMUTABLE_HISTORICAL_FIXTURE,True,ASSUMED_NONE_PER_PROJECT_RULE,WEB_SCHEDULE_VERIFIED,fixture:78575463867f3a531577
2025-04-07 00:00:00+00:00,2025,2025-04-13T22:00:00Z,Team Liquid,LYON,team:team_liquid,team:lyon,1,LEAGUEPEDIA_MATCH_SCHEDULE,Leaguepedia LTA North 2025 Split 2 Match Schedule,https://lol.fandom.com/wiki/LTA_North/2025_Season/Split_2,CLASS_B_IMMUTABLE_HISTORICAL_FIXTURE,True,ASSUMED_NONE_PER_PROJECT_RULE,WEB_SCHEDULE_VERIFIED,fixture:78fd60469d06efbcac30
2025-04-07 00:00:00+00:00,2025,2025-04-13T23:00:00Z,Cloud9,Dignitas,team:cloud9,team:dignitas,1,LEAGUEPEDIA_MATCH_SCHEDULE,Leaguepedia LTA North 2025 Split 2 Match Schedule,https://lol.fandom.com/wiki/LTA_North/2025_Season/Split_2,CLASS_B_IMMUTABLE_HISTORICAL_FIXTURE,True,ASSUMED_NONE_PER_PROJECT_RULE,WEB_SCHEDULE_VERIFIED,fixture:99025ff11ae2a0076f89
2025-04-14 00:00:00+00:00,2025,2025-04-19T20:00:00Z,FlyQuest,LYON,team:flyquest,team:lyon,1,LEAGUEPEDIA_MATCH_SCHEDULE,Leaguepedia LTA North 2025 Split 2 Match Schedule,https://lol.fandom.com/wiki/LTA_North/2025_Season/Split_2,CLASS_B_IMMUTABLE_HISTORICAL_FIXTURE,True,ASSUMED_NONE_PER_PROJECT_RULE,WEB_SCHEDULE_VERIFIED,fixture:b0c1d70ec053ac45d38b
2025-04-14 00:00:00+00:00,2025,2025-04-19T21:00:00Z,Cloud9,Team Liquid,team:cloud9,team:team_liquid,1,LEAGUEPEDIA_MATCH_SCHEDULE,Leaguepedia LTA North 2025 Split 2 Match Schedule,https://lol.fandom.com/wiki/LTA_North/2025_Season/Split_2,CLASS_B_IMMUTABLE_HISTORICAL_FIXTURE,True,ASSUMED_NONE_PER_PROJECT_RULE,WEB_SCHEDULE_VERIFIED,fixture:a16fe5525bf6c1bc35c9
2025-04-14 00:00:00+00:00,2025,2025-04-19T22:00:00Z,Dignitas,100 Thieves,team:dignitas,team:100_thieves,1,LEAGUEPEDIA_MATCH_SCHEDULE,Leaguepedia LTA North 2025 Split 2 Match Schedule,https://lol.fandom.com/wiki/LTA_North/2025_Season/Split_2,CLASS_B_IMMUTABLE_HISTORICAL_FIXTURE,True,ASSUMED_NONE_PER_PROJECT_RULE,WEB_SCHEDULE_VERIFIED,fixture:f090bfd94ea339ff2075
2025-04-14 00:00:00+00:00,2025,2025-04-19T23:00:00Z,Disguised,Shopify Rebellion,team:disguised,team:shopify_rebellion,1,LEAGUEPEDIA_MATCH_SCHEDULE,Leaguepedia LTA North 2025 Split 2 Match Schedule,https://lol.fandom.com/wiki/LTA_North/2025_Season/Split_2,CLASS_B_IMMUTABLE_HISTORICAL_FIXTURE,True,ASSUMED_NONE_PER_PROJECT_RULE,WEB_SCHEDULE_VERIFIED,fixture:74fed88495dbe5ff65c8
2025-04-14 00:00:00+00:00,2025,2025-04-20T20:00:00Z,LYON,100 Thieves,team:lyon,team:100_thieves,1,LEAGUEPEDIA_MATCH_SCHEDULE,Leaguepedia LTA North 2025 Split 2 Match Schedule,https://lol.fandom.com/wiki/LTA_North/2025_Season/Split_2,CLASS_B_IMMUTABLE_HISTORICAL_FIXTURE,True,ASSUMED_NONE_PER_PROJECT_RULE,WEB_SCHEDULE_VERIFIED,fixture:3354006664a46682404c
2025-04-14 00:00:00+00:00,2025,2025-04-20T21:00:00Z,Cloud9,FlyQuest,team:cloud9,team:flyquest,1,LEAGUEPEDIA_MATCH_SCHEDULE,Leaguepedia LTA North 2025 Split 2 Match Schedule,https://lol.fandom.com/wiki/LTA_North/2025_Season/Split_2,CLASS_B_IMMUTABLE_HISTORICAL_FIXTURE,True,ASSUMED_NONE_PER_PROJECT_RULE,WEB_SCHEDULE_VERIFIED,fixture:d45d4f0d882670b78d40
2025-04-14 00:00:00+00:00,2025,2025-04-20T22:00:00Z,Team Liquid,Shopify Rebellion,team:team_liquid,team:shopify_rebellion,1,LEAGUEPEDIA_MATCH_SCHEDULE,Leaguepedia LTA North 2025 Split 2 Match Schedule,https://lol.fandom.com/wiki/LTA_North/2025_Season/Split_2,CLASS_B_IMMUTABLE_HISTORICAL_FIXTURE,True,ASSUMED_NONE_PER_PROJECT_RULE,WEB_SCHEDULE_VERIFIED,fixture:7ecb88d15a5050bef56d
2025-04-14 00:00:00+00:00,2025,2025-04-20T23:00:00Z,Dignitas,Disguised,team:dignitas,team:disguised,1,LEAGUEPEDIA_MATCH_SCHEDULE,Leaguepedia LTA North 2025 Split 2 Match Schedule,https://lol.fandom.com/wiki/LTA_North/2025_Season/Split_2,CLASS_B_IMMUTABLE_HISTORICAL_FIXTURE,True,ASSUMED_NONE_PER_PROJECT_RULE,WEB_SCHEDULE_VERIFIED,fixture:5a186b687974fa957f26
2025-04-21 00:00:00+00:00,2025,2025-04-21T20:00:00Z,FlyQuest,Dignitas,team:flyquest,team:dignitas,1,LEAGUEPEDIA_MATCH_SCHEDULE,Leaguepedia LTA North 2025 Split 2 Match Schedule,https://lol.fandom.com/wiki/LTA_North/2025_Season/Split_2,CLASS_B_IMMUTABLE_HISTORICAL_FIXTURE,True,ASSUMED_NONE_PER_PROJECT_RULE,WEB_SCHEDULE_VERIFIED,fixture:0e5f0a385975eefdd04a
2025-04-21 00:00:00+00:00,2025,2025-04-21T21:00:00Z,Cloud9,LYON,team:cloud9,team:lyon,1,LEAGUEPEDIA_MATCH_SCHEDULE,Leaguepedia LTA North 2025 Split 2 Match Schedule,https://lol.fandom.com/wiki/LTA_North/2025_Season/Split_2,CLASS_B_IMMUTABLE_HISTORICAL_FIXTURE,True,ASSUMED_NONE_PER_PROJECT_RULE,WEB_SCHEDULE_VERIFIED,fixture:d3b7fa6aaa1b7ad4302e
2025-04-21 00:00:00+00:00,2025,2025-04-21T22:00:00Z,Disguised,Team Liquid,team:disguised,team:team_liquid,1,LEAGUEPEDIA_MATCH_SCHEDULE,Leaguepedia LTA North 2025 Split 2 Match Schedule,https://lol.fandom.com/wiki/LTA_North/2025_Season/Split_2,CLASS_B_IMMUTABLE_HISTORICAL_FIXTURE,True,ASSUMED_NONE_PER_PROJECT_RULE,WEB_SCHEDULE_VERIFIED,fixture:eb08085e5c081b7ab45e
2025-04-21 00:00:00+00:00,2025,2025-04-21T23:00:00Z,Shopify Rebellion,100 Thieves,team:shopify_rebellion,team:100_thieves,1,LEAGUEPEDIA_MATCH_SCHEDULE,Leaguepedia LTA North 2025 Split 2 Match Schedule,https://lol.fandom.com/wiki/LTA_North/2025_Season/Split_2,CLASS_B_IMMUTABLE_HISTORICAL_FIXTURE,True,ASSUMED_NONE_PER_PROJECT_RULE,WEB_SCHEDULE_VERIFIED,fixture:1f4bfab497a6b3df6b57
2025-04-21 00:00:00+00:00,2025,2025-04-26T20:00:00Z,FlyQuest,100 Thieves,team:flyquest,team:100_thieves,3,LEAGUEPEDIA_MATCH_SCHEDULE,Leaguepedia LTA North 2025 Split 2 Match Schedule,https://lol.fandom.com/wiki/LTA_North/2025_Season/Split_2,CLASS_B_IMMUTABLE_HISTORICAL_FIXTURE,True,ASSUMED_NONE_PER_PROJECT_RULE,WEB_SCHEDULE_VERIFIED,fixture:60d62167578cb6789d52
2025-04-21 00:00:00+00:00,2025,2025-04-26T23:00:00Z,Team Liquid,LYON,team:team_liquid,team:lyon,3,LEAGUEPEDIA_MATCH_SCHEDULE,Leaguepedia LTA North 2025 Split 2 Match Schedule,https://lol.fandom.com/wiki/LTA_North/2025_Season/Split_2,CLASS_B_IMMUTABLE_HISTORICAL_FIXTURE,True,ASSUMED_NONE_PER_PROJECT_RULE,WEB_SCHEDULE_VERIFIED,fixture:006cc958630c4d782f89
2025-04-21 00:00:00+00:00,2025,2025-04-27T20:00:00Z,Cloud9,Disguised,team:cloud9,team:disguised,3,LEAGUEPEDIA_MATCH_SCHEDULE,Leaguepedia LTA North 2025 Split 2 Match Schedule,https://lol.fandom.com/wiki/LTA_North/2025_Season/Split_2,CLASS_B_IMMUTABLE_HISTORICAL_FIXTURE,True,ASSUMED_NONE_PER_PROJECT_RULE,WEB_SCHEDULE_VERIFIED,fixture:5181b209d3e0adaa1611
2025-04-21 00:00:00+00:00,2025,2025-04-27T23:00:00Z,Dignitas,Shopify Rebellion,team:dignitas,team:shopify_rebellion,3,LEAGUEPEDIA_MATCH_SCHEDULE,Leaguepedia LTA North 2025 Split 2 Match Schedule,https://lol.fandom.com/wiki/LTA_North/2025_Season/Split_2,CLASS_B_IMMUTABLE_HISTORICAL_FIXTURE,True,ASSUMED_NONE_PER_PROJECT_RULE,WEB_SCHEDULE_VERIFIED,fixture:bf4fee88cbbbd1b9683c
2025-04-28 00:00:00+00:00,2025,2025-05-03T20:00:00Z,FlyQuest,Shopify Rebellion,team:flyquest,team:shopify_rebellion,3,LEAGUEPEDIA_MATCH_SCHEDULE,Leaguepedia LTA North 2025 Split 2 Match Schedule,https://lol.fandom.com/wiki/LTA_North/2025_Season/Split_2,CLASS_B_IMMUTABLE_HISTORICAL_FIXTURE,True,ASSUMED_NONE_PER_PROJECT_RULE,WEB_SCHEDULE_VERIFIED,fixture:a5a60e40e4bca0c283e7
2025-04-28 00:00:00+00:00,2025,2025-05-03T23:00:00Z,Team Liquid,Disguised,team:team_liquid,team:disguised,3,LEAGUEPEDIA_MATCH_SCHEDULE,Leaguepedia LTA North 2025 Split 2 Match Schedule,https://lol.fandom.com/wiki/LTA_North/2025_Season/Split_2,CLASS_B_IMMUTABLE_HISTORICAL_FIXTURE,True,ASSUMED_NONE_PER_PROJECT_RULE,WEB_SCHEDULE_VERIFIED,fixture:b73a83a8eabb9ebc9704
2025-04-28 00:00:00+00:00,2025,2025-05-04T20:00:00Z,100 Thieves,Dignitas,team:100_thieves,team:dignitas,3,LEAGUEPEDIA_MATCH_SCHEDULE,Leaguepedia LTA North 2025 Split 2 Match Schedule,https://lol.fandom.com/wiki/LTA_North/2025_Season/Split_2,CLASS_B_IMMUTABLE_HISTORICAL_FIXTURE,True,ASSUMED_NONE_PER_PROJECT_RULE,WEB_SCHEDULE_VERIFIED,fixture:9f08012e8148a1d79615
2025-04-28 00:00:00+00:00,2025,2025-05-04T23:00:00Z,Cloud9,LYON,team:cloud9,team:lyon,3,LEAGUEPEDIA_MATCH_SCHEDULE,Leaguepedia LTA North 2025 Split 2 Match Schedule,https://lol.fandom.com/wiki/LTA_North/2025_Season/Split_2,CLASS_B_IMMUTABLE_HISTORICAL_FIXTURE,True,ASSUMED_NONE_PER_PROJECT_RULE,WEB_SCHEDULE_VERIFIED,fixture:3d300f1eb336aab222c1
2025-05-05 00:00:00+00:00,2025,2025-05-10T20:00:00Z,Team Liquid,Cloud9,team:team_liquid,team:cloud9,3,LEAGUEPEDIA_MATCH_SCHEDULE,Leaguepedia LTA North 2025 Split 2 Match Schedule,https://lol.fandom.com/wiki/LTA_North/2025_Season/Split_2,CLASS_B_IMMUTABLE_HISTORICAL_FIXTURE,True,ASSUMED_NONE_PER_PROJECT_RULE,WEB_SCHEDULE_VERIFIED,fixture:17e23f5edd548a51bb64
2025-05-05 00:00:00+00:00,2025,2025-05-10T23:00:00Z,100 Thieves,Shopify Rebellion,team:100_thieves,team:shopify_rebellion,3,LEAGUEPEDIA_MATCH_SCHEDULE,Leaguepedia LTA North 2025 Split 2 Match Schedule,https://lol.fandom.com/wiki/LTA_North/2025_Season/Split_2,CLASS_B_IMMUTABLE_HISTORICAL_FIXTURE,True,ASSUMED_NONE_PER_PROJECT_RULE,WEB_SCHEDULE_VERIFIED,fixture:4be1c372502e6b382f77
2025-05-05 00:00:00+00:00,2025,2025-05-11T20:00:00Z,FlyQuest,Dignitas,team:flyquest,team:dignitas,3,LEAGUEPEDIA_MATCH_SCHEDULE,Leaguepedia LTA North 2025 Split 2 Match Schedule,https://lol.fandom.com/wiki/LTA_North/2025_Season/Split_2,CLASS_B_IMMUTABLE_HISTORICAL_FIXTURE,True,ASSUMED_NONE_PER_PROJECT_RULE,WEB_SCHEDULE_VERIFIED,fixture:7b628b122547718dd7b9
2025-05-05 00:00:00+00:00,2025,2025-05-11T23:00:00Z,Disguised,LYON,team:disguised,team:lyon,3,LEAGUEPEDIA_MATCH_SCHEDULE,Leaguepedia LTA North 2025 Split 2 Match Schedule,https://lol.fandom.com/wiki/LTA_North/2025_Season/Split_2,CLASS_B_IMMUTABLE_HISTORICAL_FIXTURE,True,ASSUMED_NONE_PER_PROJECT_RULE,WEB_SCHEDULE_VERIFIED,fixture:8e229cd7a1ecc1ea083c
2025-05-12 00:00:00+00:00,2025,2025-05-17T20:00:00Z,FlyQuest,Cloud9,team:flyquest,team:cloud9,3,LEAGUEPEDIA_MATCH_SCHEDULE,Leaguepedia LTA North 2025 Split 2 Match Schedule,https://lol.fandom.com/wiki/LTA_North/2025_Season/Split_2,CLASS_B_IMMUTABLE_HISTORICAL_FIXTURE,True,ASSUMED_NONE_PER_PROJECT_RULE,WEB_SCHEDULE_VERIFIED,fixture:eab23250384bf77866a0
2025-05-12 00:00:00+00:00,2025,2025-05-17T23:00:00Z,Dignitas,LYON,team:dignitas,team:lyon,3,LEAGUEPEDIA_MATCH_SCHEDULE,Leaguepedia LTA North 2025 Split 2 Match Schedule,https://lol.fandom.com/wiki/LTA_North/2025_Season/Split_2,CLASS_B_IMMUTABLE_HISTORICAL_FIXTURE,True,ASSUMED_NONE_PER_PROJECT_RULE,WEB_SCHEDULE_VERIFIED,fixture:9e393882a067a92cbdee
2025-05-12 00:00:00+00:00,2025,2025-05-18T20:00:00Z,Team Liquid,Shopify Rebellion,team:team_liquid,team:shopify_rebellion,3,LEAGUEPEDIA_MATCH_SCHEDULE,Leaguepedia LTA North 2025 Split 2 Match Schedule,https://lol.fandom.com/wiki/LTA_North/2025_Season/Split_2,CLASS_B_IMMUTABLE_HISTORICAL_FIXTURE,True,ASSUMED_NONE_PER_PROJECT_RULE,WEB_SCHEDULE_VERIFIED,fixture:ae202fda51c975fb2cf7
2025-05-12 00:00:00+00:00,2025,2025-05-18T23:00:00Z,100 Thieves,Disguised,team:100_thieves,team:disguised,3,LEAGUEPEDIA_MATCH_SCHEDULE,Leaguepedia LTA North 2025 Split 2 Match Schedule,https://lol.fandom.com/wiki/LTA_North/2025_Season/Split_2,CLASS_B_IMMUTABLE_HISTORICAL_FIXTURE,True,ASSUMED_NONE_PER_PROJECT_RULE,WEB_SCHEDULE_VERIFIED,fixture:bdf16feac883aa2c5c33
2025-05-19 00:00:00+00:00,2025,2025-05-24T20:00:00Z,FlyQuest,Shopify Rebellion,team:flyquest,team:shopify_rebellion,5,LEAGUEPEDIA_MATCH_SCHEDULE,Leaguepedia LTA North 2025 Split 2 Playoffs Match Schedule,https://lol.fandom.com/wiki/LTA_North/2025_Season/Split_2_Playoffs,CLASS_B_IMMUTABLE_HISTORICAL_FIXTURE,True,ASSUMED_NONE_PER_PROJECT_RULE,WEB_SCHEDULE_VERIFIED,fixture:9e6f75b94de4fec79cd6
2025-05-19 00:00:00+00:00,2025,2025-05-25T20:00:00Z,Cloud9,Team Liquid,team:cloud9,team:team_liquid,5,LEAGUEPEDIA_MATCH_SCHEDULE,Leaguepedia LTA North 2025 Split 2 Playoffs Match Schedule,https://lol.fandom.com/wiki/LTA_North/2025_Season/Split_2_Playoffs,CLASS_B_IMMUTABLE_HISTORICAL_FIXTURE,True,ASSUMED_NONE_PER_PROJECT_RULE,WEB_SCHEDULE_VERIFIED,fixture:9bd6784e78afa6025310
2025-05-26 00:00:00+00:00,2025,2025-05-31T20:00:00Z,Team Liquid,Dignitas,team:team_liquid,team:dignitas,5,LEAGUEPEDIA_MATCH_SCHEDULE,Leaguepedia LTA North 2025 Split 2 Playoffs Match Schedule,https://lol.fandom.com/wiki/LTA_North/2025_Season/Split_2_Playoffs,CLASS_B_IMMUTABLE_HISTORICAL_FIXTURE,True,ASSUMED_NONE_PER_PROJECT_RULE,WEB_SCHEDULE_VERIFIED,fixture:6e5bfe5d0ff19ae03c67
2025-05-26 00:00:00+00:00,2025,2025-06-01T20:00:00Z,Shopify Rebellion,100 Thieves,team:shopify_rebellion,team:100_thieves,5,LEAGUEPEDIA_MATCH_SCHEDULE,Leaguepedia LTA North 2025 Split 2 Playoffs Match Schedule,https://lol.fandom.com/wiki/LTA_North/2025_Season/Split_2_Playoffs,CLASS_B_IMMUTABLE_HISTORICAL_FIXTURE,True,ASSUMED_NONE_PER_PROJECT_RULE,WEB_SCHEDULE_VERIFIED,fixture:49ecba0c7bd671326192
2025-06-02 00:00:00+00:00,2025,2025-06-07T20:00:00Z,FlyQuest,Cloud9,team:flyquest,team:cloud9,5,LEAGUEPEDIA_MATCH_SCHEDULE,Leaguepedia LTA North 2025 Split 2 Playoffs Match Schedule,https://lol.fandom.com/wiki/LTA_North/2025_Season/Split_2_Playoffs,CLASS_B_IMMUTABLE_HISTORICAL_FIXTURE,True,ASSUMED_NONE_PER_PROJECT_RULE,WEB_SCHEDULE_VERIFIED,fixture:1076673931ead0604b54
2025-06-02 00:00:00+00:00,2025,2025-06-08T20:00:00Z,Team Liquid,Shopify Rebellion,team:team_liquid,team:shopify_rebellion,5,LEAGUEPEDIA_MATCH_SCHEDULE,Leaguepedia LTA North 2025 Split 2 Playoffs Match Schedule,https://lol.fandom.com/wiki/LTA_North/2025_Season/Split_2_Playoffs,CLASS_B_IMMUTABLE_HISTORICAL_FIXTURE,True,ASSUMED_NONE_PER_PROJECT_RULE,WEB_SCHEDULE_VERIFIED,fixture:56143a85697b2cbe59fc
2025-06-09 00:00:00+00:00,2025,2025-06-14T20:00:00Z,Cloud9,Shopify Rebellion,team:cloud9,team:shopify_rebellion,5,LEAGUEPEDIA_MATCH_SCHEDULE,Leaguepedia LTA North 2025 Split 2 Playoffs Match Schedule,https://lol.fandom.com/wiki/LTA_North/2025_Season/Split_2_Playoffs,CLASS_B_IMMUTABLE_HISTORICAL_FIXTURE,True,ASSUMED_NONE_PER_PROJECT_RULE,WEB_SCHEDULE_VERIFIED,fixture:e7d1ee88d0f454bea210
2025-06-09 00:00:00+00:00,2025,2025-06-15T20:00:00Z,FlyQuest,Cloud9,team:flyquest,team:cloud9,5,LEAGUEPEDIA_MATCH_SCHEDULE,Leaguepedia LTA North 2025 Split 2 Playoffs Match Schedule,https://lol.fandom.com/wiki/LTA_North/2025_Season/Split_2_Playoffs,CLASS_B_IMMUTABLE_HISTORICAL_FIXTURE,True,ASSUMED_NONE_PER_PROJECT_RULE,WEB_SCHEDULE_VERIFIED,fixture:ca2c64610e822c940dd3
2025-07-21 00:00:00+00:00,2025,2025-07-26T20:00:00Z,FlyQuest,Disguised,team:flyquest,team:disguised,3,LEAGUEPEDIA_MATCH_SCHEDULE,Leaguepedia LTA North 2025 Split 3 Match Schedule,https://lol.fandom.com/wiki/LTA_North/2025_Season/Split_3,CLASS_B_IMMUTABLE_HISTORICAL_FIXTURE,True,ASSUMED_NONE_PER_PROJECT_RULE,WEB_SCHEDULE_VERIFIED,fixture:40031b88ccbea36b9e87
2025-07-21 00:00:00+00:00,2025,2025-07-26T23:00:00Z,Cloud9,LYON,team:cloud9,team:lyon,3,LEAGUEPEDIA_MATCH_SCHEDULE,Leaguepedia LTA North 2025 Split 3 Match Schedule,https://lol.fandom.com/wiki/LTA_North/2025_Season/Split_3,CLASS_B_IMMUTABLE_HISTORICAL_FIXTURE,True,ASSUMED_NONE_PER_PROJECT_RULE,WEB_SCHEDULE_VERIFIED,fixture:99bbc01331027ff5d2c6
2025-07-21 00:00:00+00:00,2025,2025-07-27T20:00:00Z,100 Thieves,Team Liquid,team:100_thieves,team:team_liquid,3,LEAGUEPEDIA_MATCH_SCHEDULE,Leaguepedia LTA North 2025 Split 3 Match Schedule,https://lol.fandom.com/wiki/LTA_North/2025_Season/Split_3,CLASS_B_IMMUTABLE_HISTORICAL_FIXTURE,True,ASSUMED_NONE_PER_PROJECT_RULE,WEB_SCHEDULE_VERIFIED,fixture:fcc1109246c502a7ef95
2025-07-21 00:00:00+00:00,2025,2025-07-27T23:00:00Z,Shopify Rebellion,Dignitas,team:shopify_rebellion,team:dignitas,3,LEAGUEPEDIA_MATCH_SCHEDULE,Leaguepedia LTA North 2025 Split 3 Match Schedule,https://lol.fandom.com/wiki/LTA_North/2025_Season/Split_3,CLASS_B_IMMUTABLE_HISTORICAL_FIXTURE,True,ASSUMED_NONE_PER_PROJECT_RULE,WEB_SCHEDULE_VERIFIED,fixture:c6f2af85d25487fd045f
2025-07-28 00:00:00+00:00,2025,2025-08-02T20:00:00Z,FlyQuest,100 Thieves,team:flyquest,team:100_thieves,3,LEAGUEPEDIA_MATCH_SCHEDULE,Leaguepedia LTA North 2025 Split 3 Match Schedule,https://lol.fandom.com/wiki/LTA_North/2025_Season/Split_3,CLASS_B_IMMUTABLE_HISTORICAL_FIXTURE,True,ASSUMED_NONE_PER_PROJECT_RULE,WEB_SCHEDULE_VERIFIED,fixture:51413e9374fc3ba222a1
2025-07-28 00:00:00+00:00,2025,2025-08-02T23:00:00Z,Team Liquid,LYON,team:team_liquid,team:lyon,3,LEAGUEPEDIA_MATCH_SCHEDULE,Leaguepedia LTA North 2025 Split 3 Match Schedule,https://lol.fandom.com/wiki/LTA_North/2025_Season/Split_3,CLASS_B_IMMUTABLE_HISTORICAL_FIXTURE,True,ASSUMED_NONE_PER_PROJECT_RULE,WEB_SCHEDULE_VERIFIED,fixture:57dd0cfe9a4d4d3b4b49
2025-07-28 00:00:00+00:00,2025,2025-08-03T20:00:00Z,Cloud9,Dignitas,team:cloud9,team:dignitas,3,LEAGUEPEDIA_MATCH_SCHEDULE,Leaguepedia LTA North 2025 Split 3 Match Schedule,https://lol.fandom.com/wiki/LTA_North/2025_Season/Split_3,CLASS_B_IMMUTABLE_HISTORICAL_FIXTURE,True,ASSUMED_NONE_PER_PROJECT_RULE,WEB_SCHEDULE_VERIFIED,fixture:e14929164bb488c62e5c
2025-07-28 00:00:00+00:00,2025,2025-08-03T23:00:00Z,Shopify Rebellion,Disguised,team:shopify_rebellion,team:disguised,3,LEAGUEPEDIA_MATCH_SCHEDULE,Leaguepedia LTA North 2025 Split 3 Match Schedule,https://lol.fandom.com/wiki/LTA_North/2025_Season/Split_3,CLASS_B_IMMUTABLE_HISTORICAL_FIXTURE,True,ASSUMED_NONE_PER_PROJECT_RULE,WEB_SCHEDULE_VERIFIED,fixture:cf06ea12ff5895da698d
2025-08-04 00:00:00+00:00,2025,2025-08-09T20:00:00Z,100 Thieves,Shopify Rebellion,team:100_thieves,team:shopify_rebellion,3,LEAGUEPEDIA_MATCH_SCHEDULE,Leaguepedia LTA North 2025 Split 3 Match Schedule,https://lol.fandom.com/wiki/LTA_North/2025_Season/Split_3,CLASS_B_IMMUTABLE_HISTORICAL_FIXTURE,True,ASSUMED_NONE_PER_PROJECT_RULE,WEB_SCHEDULE_VERIFIED,fixture:11c5513b397ee93a2d78
2025-08-04 00:00:00+00:00,2025,2025-08-09T23:00:00Z,LYON,FlyQuest,team:lyon,team:flyquest,3,LEAGUEPEDIA_MATCH_SCHEDULE,Leaguepedia LTA North 2025 Split 3 Match Schedule,https://lol.fandom.com/wiki/LTA_North/2025_Season/Split_3,CLASS_B_IMMUTABLE_HISTORICAL_FIXTURE,True,ASSUMED_NONE_PER_PROJECT_RULE,WEB_SCHEDULE_VERIFIED,fixture:5dac2191596465df19c7
2025-08-04 00:00:00+00:00,2025,2025-08-10T20:00:00Z,Team Liquid,Cloud9,team:team_liquid,team:cloud9,3,LEAGUEPEDIA_MATCH_SCHEDULE,Leaguepedia LTA North 2025 Split 3 Match Schedule,https://lol.fandom.com/wiki/LTA_North/2025_Season/Split_3,CLASS_B_IMMUTABLE_HISTORICAL_FIXTURE,True,ASSUMED_NONE_PER_PROJECT_RULE,WEB_SCHEDULE_VERIFIED,fixture:715294c7dd5d0b213e21
2025-08-04 00:00:00+00:00,2025,2025-08-10T23:00:00Z,Dignitas,Disguised,team:dignitas,team:disguised,3,LEAGUEPEDIA_MATCH_SCHEDULE,Leaguepedia LTA North 2025 Split 3 Match Schedule,https://lol.fandom.com/wiki/LTA_North/2025_Season/Split_3,CLASS_B_IMMUTABLE_HISTORICAL_FIXTURE,True,ASSUMED_NONE_PER_PROJECT_RULE,WEB_SCHEDULE_VERIFIED,fixture:022975f8a7bbec6fc16f
2025-08-11 00:00:00+00:00,2025,2025-08-16T20:00:00Z,Cloud9,Shopify Rebellion,team:cloud9,team:shopify_rebellion,5,LEAGUEPEDIA_MATCH_SCHEDULE,Leaguepedia LTA North 2025 Split 3 Match Schedule,https://lol.fandom.com/wiki/LTA_North/2025_Season/Split_3,CLASS_B_IMMUTABLE_HISTORICAL_FIXTURE,True,ASSUMED_NONE_PER_PROJECT_RULE,WEB_SCHEDULE_VERIFIED,fixture:0d784efde35d6987fbd9
2025-08-11 00:00:00+00:00,2025,2025-08-17T20:00:00Z,FlyQuest,Team Liquid,team:flyquest,team:team_liquid,5,LEAGUEPEDIA_MATCH_SCHEDULE,Leaguepedia LTA North 2025 Split 3 Match Schedule,https://lol.fandom.com/wiki/LTA_North/2025_Season/Split_3,CLASS_B_IMMUTABLE_HISTORICAL_FIXTURE,True,ASSUMED_NONE_PER_PROJECT_RULE,WEB_SCHEDULE_VERIFIED,fixture:db7e240512a45b4d3b14
2025-08-18 00:00:00+00:00,2025,2025-08-23T20:00:00Z,Disguised,Dignitas,team:disguised,team:dignitas,5,LEAGUEPEDIA_MATCH_SCHEDULE,Leaguepedia LTA North 2025 Split 3 Match Schedule,https://lol.fandom.com/wiki/LTA_North/2025_Season/Split_3,CLASS_B_IMMUTABLE_HISTORICAL_FIXTURE,True,ASSUMED_NONE_PER_PROJECT_RULE,WEB_SCHEDULE_VERIFIED,fixture:71062206b23574957da0
2025-08-18 00:00:00+00:00,2025,2025-08-24T20:00:00Z,LYON,100 Thieves,team:lyon,team:100_thieves,5,LEAGUEPEDIA_MATCH_SCHEDULE,Leaguepedia LTA North 2025 Split 3 Match Schedule,https://lol.fandom.com/wiki/LTA_North/2025_Season/Split_3,CLASS_B_IMMUTABLE_HISTORICAL_FIXTURE,True,ASSUMED_NONE_PER_PROJECT_RULE,WEB_SCHEDULE_VERIFIED,fixture:b58fe9a7cd98b018c30c
2025-02-17 00:00:00+00:00,2025,2025-02-22T19:00:00Z,100 Thieves,FlyQuest,team:100_thieves,team:flyquest,5,LEAGUEPEDIA_MATCH_SCHEDULE,Leaguepedia LTA 2025 Split 1 Playoffs Match Schedule,https://lol.fandom.com/wiki/LTA/2025_Season/Split_1_Playoffs,CLASS_B_IMMUTABLE_HISTORICAL_FIXTURE,True,ASSUMED_NONE_PER_PROJECT_RULE,WEB_SCHEDULE_VERIFIED,fixture:3af992917685fdcb6fca
2025-02-17 00:00:00+00:00,2025,2025-02-22T22:00:00Z,Team Liquid,Cloud9,team:team_liquid,team:cloud9,5,LEAGUEPEDIA_MATCH_SCHEDULE,Leaguepedia LTA 2025 Split 1 Playoffs Match Schedule,https://lol.fandom.com/wiki/LTA/2025_Season/Split_1_Playoffs,CLASS_B_IMMUTABLE_HISTORICAL_FIXTURE,True,ASSUMED_NONE_PER_PROJECT_RULE,WEB_SCHEDULE_VERIFIED,fixture:06b728d0cb3ed26e83d7
2025-02-17 00:00:00+00:00,2025,2025-02-23T19:00:00Z,100 Thieves,Team Liquid,team:100_thieves,team:team_liquid,5,LEAGUEPEDIA_MATCH_SCHEDULE,Leaguepedia LTA 2025 Split 1 Playoffs Match Schedule,https://lol.fandom.com/wiki/LTA/2025_Season/Split_1_Playoffs,CLASS_B_IMMUTABLE_HISTORICAL_FIXTURE,True,ASSUMED_NONE_PER_PROJECT_RULE,WEB_SCHEDULE_VERIFIED,fixture:43ea7fc6c554007fb93a
2025-08-25 00:00:00+00:00,2025,2025-08-29T20:00:00Z,Cloud9,Disguised,team:cloud9,team:disguised,5,LEAGUEPEDIA_MATCH_SCHEDULE,Leaguepedia LTA North 2025 Split 3 Match Schedule,https://lol.fandom.com/wiki/LTA_North/2025_Season/Split_3,CLASS_B_IMMUTABLE_HISTORICAL_FIXTURE,True,ASSUMED_NONE_PER_PROJECT_RULE,WEB_SCHEDULE_VERIFIED,fixture:5da8e1b9c459d3f8bcb9
2025-08-25 00:00:00+00:00,2025,2025-08-30T20:00:00Z,Team Liquid,100 Thieves,team:team_liquid,team:100_thieves,5,LEAGUEPEDIA_MATCH_SCHEDULE,Leaguepedia LTA North 2025 Split 3 Match Schedule,https://lol.fandom.com/wiki/LTA_North/2025_Season/Split_3,CLASS_B_IMMUTABLE_HISTORICAL_FIXTURE,True,ASSUMED_NONE_PER_PROJECT_RULE,WEB_SCHEDULE_VERIFIED,fixture:a7f06e56674e76bf6c31
2025-08-25 00:00:00+00:00,2025,2025-08-31T20:00:00Z,Shopify Rebellion,FlyQuest,team:shopify_rebellion,team:flyquest,5,LEAGUEPEDIA_MATCH_SCHEDULE,Leaguepedia LTA North 2025 Split 3 Match Schedule,https://lol.fandom.com/wiki/LTA_North/2025_Season/Split_3,CLASS_B_IMMUTABLE_HISTORICAL_FIXTURE,True,ASSUMED_NONE_PER_PROJECT_RULE,WEB_SCHEDULE_VERIFIED,fixture:970085700c2fc79a9dca
2025-09-01 00:00:00+00:00,2025,2025-09-06T20:00:00Z,Shopify Rebellion,100 Thieves,team:shopify_rebellion,team:100_thieves,5,LEAGUEPEDIA_MATCH_SCHEDULE,Leaguepedia LTA North 2025 Split 3 Match Schedule,https://lol.fandom.com/wiki/LTA_North/2025_Season/Split_3,CLASS_B_IMMUTABLE_HISTORICAL_FIXTURE,True,ASSUMED_NONE_PER_PROJECT_RULE,WEB_SCHEDULE_VERIFIED,fixture:a2ecb20b6dd5d01d8638
2025-09-01 00:00:00+00:00,2025,2025-09-07T20:00:00Z,FlyQuest,100 Thieves,team:flyquest,team:100_thieves,5,LEAGUEPEDIA_MATCH_SCHEDULE,Leaguepedia LTA North 2025 Split 3 Match Schedule,https://lol.fandom.com/wiki/LTA_North/2025_Season/Split_3,CLASS_B_IMMUTABLE_HISTORICAL_FIXTURE,True,ASSUMED_NONE_PER_PROJECT_RULE,WEB_SCHEDULE_VERIFIED,fixture:61ee5af69ce23d6d55a8
2025-09-08 00:00:00+00:00,2025,2025-09-13T20:00:00Z,100 Thieves,paiN Gaming,team:100_thieves,team:pain_gaming,5,LEAGUEPEDIA_MATCH_SCHEDULE,Leaguepedia LTA 2025 Championship Match Schedule,https://lol.fandom.com/wiki/LTA/2025_Season/Regional_Championship,CLASS_B_IMMUTABLE_HISTORICAL_FIXTURE,True,ASSUMED_NONE_PER_PROJECT_RULE,WEB_SCHEDULE_VERIFIED,fixture:1b49fd8100f745abcd88
2025-09-08 00:00:00+00:00,2025,2025-09-14T20:00:00Z,RED Canids,Shopify Rebellion,team:red_canids,team:shopify_rebellion,5,LEAGUEPEDIA_MATCH_SCHEDULE,Leaguepedia LTA 2025 Championship Match Schedule,https://lol.fandom.com/wiki/LTA/2025_Season/Regional_Championship,CLASS_B_IMMUTABLE_HISTORICAL_FIXTURE,True,ASSUMED_NONE_PER_PROJECT_RULE,WEB_SCHEDULE_VERIFIED,fixture:c414e79d7478d81c8aeb
2025-09-15 00:00:00+00:00,2025,2025-09-20T20:00:00Z,FlyQuest,Vivo Keyd Stars,team:flyquest,team:vivo_keyd_stars,5,LEAGUEPEDIA_MATCH_SCHEDULE,Leaguepedia LTA 2025 Championship Match Schedule,https://lol.fandom.com/wiki/LTA/2025_Season/Regional_Championship,CLASS_B_IMMUTABLE_HISTORICAL_FIXTURE,True,ASSUMED_NONE_PER_PROJECT_RULE,WEB_SCHEDULE_VERIFIED,fixture:a2f8f3925d4fc72f2c8c
2025-09-15 00:00:00+00:00,2025,2025-09-21T20:00:00Z,100 Thieves,RED Canids,team:100_thieves,team:red_canids,5,LEAGUEPEDIA_MATCH_SCHEDULE,Leaguepedia LTA 2025 Championship Match Schedule,https://lol.fandom.com/wiki/LTA/2025_Season/Regional_Championship,CLASS_B_IMMUTABLE_HISTORICAL_FIXTURE,True,ASSUMED_NONE_PER_PROJECT_RULE,WEB_SCHEDULE_VERIFIED,fixture:9e82c5b262d1f96f2c10
2025-09-22 00:00:00+00:00,2025,2025-09-27T20:00:00Z,Vivo Keyd Stars,100 Thieves,team:vivo_keyd_stars,team:100_thieves,5,LEAGUEPEDIA_MATCH_SCHEDULE,Leaguepedia LTA 2025 Championship Match Schedule,https://lol.fandom.com/wiki/LTA/2025_Season/Regional_Championship,CLASS_B_IMMUTABLE_HISTORICAL_FIXTURE,True,ASSUMED_NONE_PER_PROJECT_RULE,WEB_SCHEDULE_VERIFIED,fixture:966749db842baf9ea25b
2025-09-22 00:00:00+00:00,2025,2025-09-28T20:00:00Z,FlyQuest,Vivo Keyd Stars,team:flyquest,team:vivo_keyd_stars,5,LEAGUEPEDIA_MATCH_SCHEDULE,Leaguepedia LTA 2025 Championship Match Schedule,https://lol.fandom.com/wiki/LTA/2025_Season/Regional_Championship,CLASS_B_IMMUTABLE_HISTORICAL_FIXTURE,True,ASSUMED_NONE_PER_PROJECT_RULE,WEB_SCHEDULE_VERIFIED,fixture:c737c938133126c850e5
2025-09-29 00:00:00+00:00,2025,2025-10-04T20:00:00Z,Conviction,Estral Esports,team:conviction,team:estral_esports,5,LEAGUEPEDIA_MATCH_SCHEDULE,Leaguepedia LTA North 2026 Promotion Match Schedule,https://lol.fandom.com/wiki/LTA_North/2026_Season/Promotion,CLASS_B_IMMUTABLE_HISTORICAL_FIXTURE,True,ASSUMED_NONE_PER_PROJECT_RULE,WEB_SCHEDULE_VERIFIED,fixture:91f0f693d24f1fd61b98
2025-09-29 00:00:00+00:00,2025,2025-10-05T20:00:00Z,Luminosity Gaming,SDM Tigres,team:luminosity_gaming,team:sdm_tigres,5,LEAGUEPEDIA_MATCH_SCHEDULE,Leaguepedia LTA North 2026 Promotion Match Schedule,https://lol.fandom.com/wiki/LTA_North/2026_Season/Promotion,CLASS_B_IMMUTABLE_HISTORICAL_FIXTURE,True,ASSUMED_NONE_PER_PROJECT_RULE,WEB_SCHEDULE_VERIFIED,fixture:27f607d8e2632740b64e
2025-10-06 00:00:00+00:00,2025,2025-10-07T20:00:00Z,Disguised,Estral Esports,team:disguised,team:estral_esports,5,LEAGUEPEDIA_MATCH_SCHEDULE,Leaguepedia LTA North 2026 Promotion Match Schedule,https://lol.fandom.com/wiki/LTA_North/2026_Season/Promotion,CLASS_B_IMMUTABLE_HISTORICAL_FIXTURE,True,ASSUMED_NONE_PER_PROJECT_RULE,WEB_SCHEDULE_VERIFIED,fixture:9156efa86960235c7ca9
2025-10-06 00:00:00+00:00,2025,2025-10-08T20:00:00Z,Disguised,Luminosity Gaming,team:disguised,team:luminosity_gaming,5,LEAGUEPEDIA_MATCH_SCHEDULE,Leaguepedia LTA North 2026 Promotion Match Schedule,https://lol.fandom.com/wiki/LTA_North/2026_Season/Promotion,CLASS_B_IMMUTABLE_HISTORICAL_FIXTURE,True,ASSUMED_NONE_PER_PROJECT_RULE,WEB_SCHEDULE_VERIFIED,fixture:bfb3027329cb5d62b438
2025-10-06 00:00:00+00:00,2025,2025-10-09T20:00:00Z,Estral Esports,SDM Tigres,team:estral_esports,team:sdm_tigres,5,LEAGUEPEDIA_MATCH_SCHEDULE,Leaguepedia LTA North 2026 Promotion Match Schedule,https://lol.fandom.com/wiki/LTA_North/2026_Season/Promotion,CLASS_B_IMMUTABLE_HISTORICAL_FIXTURE,True,ASSUMED_NONE_PER_PROJECT_RULE,WEB_SCHEDULE_VERIFIED,fixture:a201f63e50e9c59e840a
