prediction_period,team_id,scheduled_opponents,opponent_count,fixture_ids,validation_status
2024-01-15 00:00:00+00:00,team:100_thieves,"[""team:cloud9"",""team:team_liquid""]",2,"[""fixture:021a105b17c0a24fc4a2"",""fixture:64ac81fda344c28c72f5""]",PASS
2024-01-15 00:00:00+00:00,team:cloud9,"[""team:100_thieves"",""team:nrg""]",2,"[""fixture:021a105b17c0a24fc4a2"",""fixture:7544f292a6e4629d5f6e""]",PASS
2024-01-15 00:00:00+00:00,team:dignitas,"[""team:immortals"",""team:nrg""]",2,"[""fixture:98a0f28c34214a06d05f"",""fixture:e144a92c75d62b8e1048""]",PASS
2024-01-15 00:00:00+00:00,team:flyquest,"[""team:immortals"",""team:shopify_rebellion""]",2,"[""fixture:8ff8011d401e2d8498bf"",""fixture:e9d34848c624869efbe2""]",PASS
2024-01-15 00:00:00+00:00,team:immortals,"[""team:dignitas"",""team:flyquest""]",2,"[""fixture:98a0f28c34214a06d05f"",""fixture:e9d34848c624869efbe2""]",PASS
2024-01-15 00:00:00+00:00,team:nrg,"[""team:cloud9"",""team:dignitas""]",2,"[""fixture:7544f292a6e4629d5f6e"",""fixture:e144a92c75d62b8e1048""]",PASS
2024-01-15 00:00:00+00:00,team:shopify_rebellion,"[""team:flyquest"",""team:team_liquid""]",2,"[""fixture:8ff8011d401e2d8498bf"",""fixture:ae8d27ea447df34cf45a""]",PASS
2024-01-15 00:00:00+00:00,team:team_liquid,"[""team:100_thieves"",""team:shopify_rebellion""]",2,"[""fixture:64ac81fda344c28c72f5"",""fixture:ae8d27ea447df34cf45a""]",PASS
2024-01-22 00:00:00+00:00,team:100_thieves,"[""team:dignitas"",""team:nrg""]",2,"[""fixture:0efad8381a0f419710f7"",""fixture:57e2fed3de67305dd245""]",PASS
2024-01-22 00:00:00+00:00,team:cloud9,"[""team:dignitas"",""team:shopify_rebellion""]",2,"[""fixture:56ba049225becafcdabd"",""fixture:9d821fd8a0fcaa8f9aa1""]",PASS
2024-01-22 00:00:00+00:00,team:dignitas,"[""team:100_thieves"",""team:cloud9""]",2,"[""fixture:0efad8381a0f419710f7"",""fixture:9d821fd8a0fcaa8f9aa1""]",PASS
2024-01-22 00:00:00+00:00,team:flyquest,"[""team:nrg"",""team:team_liquid""]",2,"[""fixture:32de0e1e31cc18d06de2"",""fixture:935845ff988c6188b481""]",PASS
2024-01-22 00:00:00+00:00,team:immortals,"[""team:shopify_rebellion"",""team:team_liquid""]",2,"[""fixture:5a28c047561b14411f65"",""fixture:b9f752bcdee5bea3bd42""]",PASS
2024-01-22 00:00:00+00:00,team:nrg,"[""team:100_thieves"",""team:flyquest""]",2,"[""fixture:32de0e1e31cc18d06de2"",""fixture:57e2fed3de67305dd245""]",PASS
2024-01-22 00:00:00+00:00,team:shopify_rebellion,"[""team:cloud9"",""team:immortals""]",2,"[""fixture:56ba049225becafcdabd"",""fixture:b9f752bcdee5bea3bd42""]",PASS
2024-01-22 00:00:00+00:00,team:team_liquid,"[""team:flyquest"",""team:immortals""]",2,"[""fixture:5a28c047561b14411f65"",""fixture:935845ff988c6188b481""]",PASS
2024-01-29 00:00:00+00:00,team:100_thieves,"[""team:flyquest"",""team:immortals"",""team:shopify_rebellion""]",3,"[""fixture:32733319841a426180da"",""fixture:62b4b1ad5ab5cd97f2e5"",""fixture:9d615e439af6b8be29dd""]",PASS
2024-01-29 00:00:00+00:00,team:cloud9,"[""team:flyquest"",""team:immortals"",""team:team_liquid""]",3,"[""fixture:59983b3be36f58840134"",""fixture:cad14052bf5b985bdd3b"",""fixture:f388aaa9ca4ad6e66e15""]",PASS
2024-01-29 00:00:00+00:00,team:dignitas,"[""team:flyquest"",""team:shopify_rebellion"",""team:team_liquid""]",3,"[""fixture:0818ac32b1360e205bc8"",""fixture:b2556fb0aff046984a0a"",""fixture:bf6778f582355e4fe905""]",PASS
2024-01-29 00:00:00+00:00,team:flyquest,"[""team:100_thieves"",""team:cloud9"",""team:dignitas""]",3,"[""fixture:62b4b1ad5ab5cd97f2e5"",""fixture:bf6778f582355e4fe905"",""fixture:cad14052bf5b985bdd3b""]",PASS
2024-01-29 00:00:00+00:00,team:immortals,"[""team:100_thieves"",""team:cloud9""]",2,"[""fixture:59983b3be36f58840134"",""fixture:9d615e439af6b8be29dd""]",PASS
2024-01-29 00:00:00+00:00,team:nrg,"[""team:shopify_rebellion"",""team:team_liquid""]",2,"[""fixture:439a15a23ba8aa553f8c"",""fixture:916b4e28af9c01a9d23c""]",PASS
2024-01-29 00:00:00+00:00,team:shopify_rebellion,"[""team:100_thieves"",""team:dignitas"",""team:nrg""]",3,"[""fixture:0818ac32b1360e205bc8"",""fixture:32733319841a426180da"",""fixture:916b4e28af9c01a9d23c""]",PASS
2024-01-29 00:00:00+00:00,team:team_liquid,"[""team:cloud9"",""team:dignitas"",""team:nrg""]",3,"[""fixture:439a15a23ba8aa553f8c"",""fixture:b2556fb0aff046984a0a"",""fixture:f388aaa9ca4ad6e66e15""]",PASS
2024-02-05 00:00:00+00:00,team:100_thieves,"[""team:cloud9"",""team:team_liquid""]",2,"[""fixture:79451cc77db30c2eb780"",""fixture:b6d1062b9d75c7249a24""]",PASS
2024-02-05 00:00:00+00:00,team:cloud9,"[""team:100_thieves"",""team:nrg""]",2,"[""fixture:12181165a5b3d20da419"",""fixture:b6d1062b9d75c7249a24""]",PASS
2024-02-05 00:00:00+00:00,team:dignitas,"[""team:immortals"",""team:nrg""]",2,"[""fixture:1ca4a3f4762aa37808c9"",""fixture:a9a7716100f90311197b""]",PASS
2024-02-05 00:00:00+00:00,team:flyquest,"[""team:shopify_rebellion""]",1,"[""fixture:d6e61787c85cdae5dd76""]",PASS
2024-02-05 00:00:00+00:00,team:immortals,"[""team:dignitas"",""team:nrg""]",2,"[""fixture:1ca4a3f4762aa37808c9"",""fixture:61b9debd4d88bee96698""]",PASS
2024-02-05 00:00:00+00:00,team:nrg,"[""team:cloud9"",""team:dignitas"",""team:immortals""]",3,"[""fixture:12181165a5b3d20da419"",""fixture:61b9debd4d88bee96698"",""fixture:a9a7716100f90311197b""]",PASS
2024-02-05 00:00:00+00:00,team:shopify_rebellion,"[""team:flyquest"",""team:team_liquid""]",2,"[""fixture:cbc5bcaf06b6b4df21db"",""fixture:d6e61787c85cdae5dd76""]",PASS
2024-02-05 00:00:00+00:00,team:team_liquid,"[""team:100_thieves"",""team:shopify_rebellion""]",2,"[""fixture:79451cc77db30c2eb780"",""fixture:cbc5bcaf06b6b4df21db""]",PASS
2024-02-12 00:00:00+00:00,team:flyquest,"[""team:immortals""]",1,"[""fixture:d1ffdf6d4a0fb09a8c16""]",PASS
2024-02-12 00:00:00+00:00,team:immortals,"[""team:flyquest""]",1,"[""fixture:d1ffdf6d4a0fb09a8c16""]",PASS
2024-02-26 00:00:00+00:00,team:100_thieves,"[""team:dignitas"",""team:flyquest""]",2,"[""fixture:d9cec3f161be584f2cae"",""fixture:fa807c907b9f71e55914""]",PASS
2024-02-26 00:00:00+00:00,team:cloud9,"[""team:flyquest""]",1,"[""fixture:30a836b8fd85492648ac""]",PASS
2024-02-26 00:00:00+00:00,team:dignitas,"[""team:100_thieves"",""team:shopify_rebellion""]",2,"[""fixture:c3ecac0b476fbfb299ac"",""fixture:d9cec3f161be584f2cae""]",PASS
2024-02-26 00:00:00+00:00,team:flyquest,"[""team:100_thieves"",""team:cloud9""]",2,"[""fixture:30a836b8fd85492648ac"",""fixture:fa807c907b9f71e55914""]",PASS
2024-02-26 00:00:00+00:00,team:immortals,"[""team:nrg"",""team:shopify_rebellion""]",2,"[""fixture:6e4ba601cb8ea04abe5a"",""fixture:7d0797a87e67ad862429""]",PASS
2024-02-26 00:00:00+00:00,team:nrg,"[""team:immortals"",""team:team_liquid""]",2,"[""fixture:696cf68f630d41e6692a"",""fixture:6e4ba601cb8ea04abe5a""]",PASS
2024-02-26 00:00:00+00:00,team:shopify_rebellion,"[""team:dignitas"",""team:immortals""]",2,"[""fixture:7d0797a87e67ad862429"",""fixture:c3ecac0b476fbfb299ac""]",PASS
2024-02-26 00:00:00+00:00,team:team_liquid,"[""team:nrg""]",1,"[""fixture:696cf68f630d41e6692a""]",PASS
2024-03-04 00:00:00+00:00,team:100_thieves,"[""team:immortals"",""team:nrg"",""team:shopify_rebellion""]",3,"[""fixture:8a4adccc33093a7d97c7"",""fixture:9b3e44b6ffdb1d3cf3ea"",""fixture:c910dd812d673806b1c3""]",PASS
2024-03-04 00:00:00+00:00,team:cloud9,"[""team:dignitas"",""team:immortals"",""team:shopify_rebellion"",""team:team_liquid""]",4,"[""fixture:0c6031979775be9f092d"",""fixture:e9a40344a2ab5da5e657"",""fixture:ecf03d6744da69123ed0"",""fixture:fc46aa412a4aeefd30ec""]",PASS
2024-03-04 00:00:00+00:00,team:dignitas,"[""team:cloud9"",""team:flyquest"",""team:team_liquid""]",3,"[""fixture:32effec5a44995237a57"",""fixture:c294e6b19dc95c26765b"",""fixture:e9a40344a2ab5da5e657""]",PASS
2024-03-04 00:00:00+00:00,team:flyquest,"[""team:dignitas"",""team:nrg"",""team:team_liquid""]",3,"[""fixture:2300777e2caa2b309fe6"",""fixture:35dc635d93e379f63e17"",""fixture:c294e6b19dc95c26765b""]",PASS
2024-03-04 00:00:00+00:00,team:immortals,"[""team:100_thieves"",""team:cloud9"",""team:team_liquid""]",3,"[""fixture:0c6031979775be9f092d"",""fixture:a3794781f04f07e939eb"",""fixture:c910dd812d673806b1c3""]",PASS
2024-03-04 00:00:00+00:00,team:nrg,"[""team:100_thieves"",""team:flyquest"",""team:shopify_rebellion""]",3,"[""fixture:2300777e2caa2b309fe6"",""fixture:8a4adccc33093a7d97c7"",""fixture:e3af86867345a1eeb2d2""]",PASS
2024-03-04 00:00:00+00:00,team:shopify_rebellion,"[""team:100_thieves"",""team:cloud9"",""team:nrg""]",3,"[""fixture:9b3e44b6ffdb1d3cf3ea"",""fixture:e3af86867345a1eeb2d2"",""fixture:fc46aa412a4aeefd30ec""]",PASS
2024-03-04 00:00:00+00:00,team:team_liquid,"[""team:cloud9"",""team:dignitas"",""team:flyquest"",""team:immortals""]",4,"[""fixture:32effec5a44995237a57"",""fixture:35dc635d93e379f63e17"",""fixture:a3794781f04f07e939eb"",""fixture:ecf03d6744da69123ed0""]",PASS
2024-03-11 00:00:00+00:00,team:100_thieves,"[""team:cloud9"",""team:nrg""]",2,"[""fixture:4804ed218bfc8b0e6a94"",""fixture:76c338afae77b5426e3b""]",PASS
2024-03-11 00:00:00+00:00,team:cloud9,"[""team:100_thieves""]",1,"[""fixture:4804ed218bfc8b0e6a94""]",PASS
2024-03-11 00:00:00+00:00,team:dignitas,"[""team:team_liquid""]",1,"[""fixture:d7e5b33c44f4c6cf9b2c""]",PASS
2024-03-11 00:00:00+00:00,team:flyquest,"[""team:team_liquid""]",1,"[""fixture:44800e4b0462cb0fa6ba""]",PASS
2024-03-11 00:00:00+00:00,team:nrg,"[""team:100_thieves""]",1,"[""fixture:76c338afae77b5426e3b""]",PASS
2024-03-11 00:00:00+00:00,team:team_liquid,"[""team:dignitas"",""team:flyquest""]",2,"[""fixture:44800e4b0462cb0fa6ba"",""fixture:d7e5b33c44f4c6cf9b2c""]",PASS
2024-03-18 00:00:00+00:00,team:100_thieves,"[""team:team_liquid""]",1,"[""fixture:79441b6922a3dbcfe565""]",PASS
2024-03-18 00:00:00+00:00,team:cloud9,"[""team:flyquest""]",1,"[""fixture:8745d047b6f61aa5720f""]",PASS
2024-03-18 00:00:00+00:00,team:flyquest,"[""team:cloud9""]",1,"[""fixture:8745d047b6f61aa5720f""]",PASS
2024-03-18 00:00:00+00:00,team:team_liquid,"[""team:100_thieves""]",1,"[""fixture:79441b6922a3dbcfe565""]",PASS
2024-03-25 00:00:00+00:00,team:cloud9,"[""team:team_liquid""]",1,"[""fixture:c3f1ed90302a05e6368c""]",PASS
2024-03-25 00:00:00+00:00,team:flyquest,"[""team:team_liquid""]",1,"[""fixture:94dcea61ef71ec58648d""]",PASS
2024-03-25 00:00:00+00:00,team:team_liquid,"[""team:cloud9"",""team:flyquest""]",2,"[""fixture:94dcea61ef71ec58648d"",""fixture:c3f1ed90302a05e6368c""]",PASS
2024-06-10 00:00:00+00:00,team:100_thieves,"[""team:nrg""]",1,"[""fixture:8e683257aa99cb259efa""]",PASS
2024-06-10 00:00:00+00:00,team:cloud9,"[""team:dignitas""]",1,"[""fixture:5a75332ad23e8e7b3f13""]",PASS
2024-06-10 00:00:00+00:00,team:dignitas,"[""team:cloud9""]",1,"[""fixture:5a75332ad23e8e7b3f13""]",PASS
2024-06-10 00:00:00+00:00,team:flyquest,"[""team:team_liquid""]",1,"[""fixture:2452a2d4f8e4dd17509f""]",PASS
2024-06-10 00:00:00+00:00,team:immortals,"[""team:shopify_rebellion""]",1,"[""fixture:8a734bfd9a83afa2da74""]",PASS
2024-06-10 00:00:00+00:00,team:nrg,"[""team:100_thieves""]",1,"[""fixture:8e683257aa99cb259efa""]",PASS
2024-06-10 00:00:00+00:00,team:shopify_rebellion,"[""team:immortals""]",1,"[""fixture:8a734bfd9a83afa2da74""]",PASS
2024-06-10 00:00:00+00:00,team:team_liquid,"[""team:flyquest""]",1,"[""fixture:2452a2d4f8e4dd17509f""]",PASS
2024-06-17 00:00:00+00:00,team:100_thieves,"[""team:dignitas""]",1,"[""fixture:27ece29e793ef0fff424""]",PASS
2024-06-17 00:00:00+00:00,team:cloud9,"[""team:immortals""]",1,"[""fixture:7faccce12bb4b384c344""]",PASS
2024-06-17 00:00:00+00:00,team:dignitas,"[""team:100_thieves""]",1,"[""fixture:27ece29e793ef0fff424""]",PASS
2024-06-17 00:00:00+00:00,team:flyquest,"[""team:nrg""]",1,"[""fixture:c9a75880f8c0ce1147d9""]",PASS
2024-06-17 00:00:00+00:00,team:immortals,"[""team:cloud9""]",1,"[""fixture:7faccce12bb4b384c344""]",PASS
2024-06-17 00:00:00+00:00,team:nrg,"[""team:flyquest""]",1,"[""fixture:c9a75880f8c0ce1147d9""]",PASS
2024-06-17 00:00:00+00:00,team:shopify_rebellion,"[""team:team_liquid""]",1,"[""fixture:d7fedbb4e6cbc473a20b""]",PASS
2024-06-17 00:00:00+00:00,team:team_liquid,"[""team:shopify_rebellion""]",1,"[""fixture:d7fedbb4e6cbc473a20b""]",PASS
2024-06-24 00:00:00+00:00,team:100_thieves,"[""team:team_liquid""]",1,"[""fixture:4bcd65e28ac0f44b9f36""]",PASS
2024-06-24 00:00:00+00:00,team:cloud9,"[""team:shopify_rebellion""]",1,"[""fixture:a4186020af2b309b7ab8""]",PASS
2024-06-24 00:00:00+00:00,team:dignitas,"[""team:flyquest""]",1,"[""fixture:65d57bd72a8afe4132e2""]",PASS
2024-06-24 00:00:00+00:00,team:flyquest,"[""team:dignitas""]",1,"[""fixture:65d57bd72a8afe4132e2""]",PASS
2024-06-24 00:00:00+00:00,team:immortals,"[""team:nrg""]",1,"[""fixture:2684c3d2eddad000d70c""]",PASS
2024-06-24 00:00:00+00:00,team:nrg,"[""team:immortals""]",1,"[""fixture:2684c3d2eddad000d70c""]",PASS
2024-06-24 00:00:00+00:00,team:shopify_rebellion,"[""team:cloud9""]",1,"[""fixture:a4186020af2b309b7ab8""]",PASS
2024-06-24 00:00:00+00:00,team:team_liquid,"[""team:100_thieves""]",1,"[""fixture:4bcd65e28ac0f44b9f36""]",PASS
2024-07-15 00:00:00+00:00,team:100_thieves,"[""team:cloud9""]",1,"[""fixture:5060eee930f03bb146c1""]",PASS
2024-07-15 00:00:00+00:00,team:cloud9,"[""team:100_thieves""]",1,"[""fixture:5060eee930f03bb146c1""]",PASS
2024-07-15 00:00:00+00:00,team:dignitas,"[""team:team_liquid""]",1,"[""fixture:0da58681f1f5291c37b9""]",PASS
2024-07-15 00:00:00+00:00,team:flyquest,"[""team:immortals""]",1,"[""fixture:4d27bcd9e112cc20add1""]",PASS
2024-07-15 00:00:00+00:00,team:immortals,"[""team:flyquest""]",1,"[""fixture:4d27bcd9e112cc20add1""]",PASS
2024-07-15 00:00:00+00:00,team:nrg,"[""team:shopify_rebellion""]",1,"[""fixture:440f7ca9baab297c1868""]",PASS
2024-07-15 00:00:00+00:00,team:shopify_rebellion,"[""team:nrg""]",1,"[""fixture:440f7ca9baab297c1868""]",PASS
2024-07-15 00:00:00+00:00,team:team_liquid,"[""team:dignitas""]",1,"[""fixture:0da58681f1f5291c37b9""]",PASS
2024-07-22 00:00:00+00:00,team:100_thieves,"[""team:flyquest""]",1,"[""fixture:85d7714f538f6d991a13""]",PASS
2024-07-22 00:00:00+00:00,team:cloud9,"[""team:nrg""]",1,"[""fixture:11d9bde77bae441c7d6b""]",PASS
2024-07-22 00:00:00+00:00,team:dignitas,"[""team:shopify_rebellion""]",1,"[""fixture:d4cbbb146756def215d5""]",PASS
2024-07-22 00:00:00+00:00,team:flyquest,"[""team:100_thieves""]",1,"[""fixture:85d7714f538f6d991a13""]",PASS
2024-07-22 00:00:00+00:00,team:immortals,"[""team:team_liquid""]",1,"[""fixture:f4dee798dd034db023f0""]",PASS
2024-07-22 00:00:00+00:00,team:nrg,"[""team:cloud9""]",1,"[""fixture:11d9bde77bae441c7d6b""]",PASS
2024-07-22 00:00:00+00:00,team:shopify_rebellion,"[""team:dignitas""]",1,"[""fixture:d4cbbb146756def215d5""]",PASS
2024-07-22 00:00:00+00:00,team:team_liquid,"[""team:immortals""]",1,"[""fixture:f4dee798dd034db023f0""]",PASS
2024-07-29 00:00:00+00:00,team:100_thieves,"[""team:immortals""]",1,"[""fixture:9cacff8da14b56b93d06""]",PASS
2024-07-29 00:00:00+00:00,team:cloud9,"[""team:team_liquid""]",1,"[""fixture:6c40e3b7cf1ad5228191""]",PASS
2024-07-29 00:00:00+00:00,team:dignitas,"[""team:nrg""]",1,"[""fixture:df4ab456dca07a10dbf1""]",PASS
2024-07-29 00:00:00+00:00,team:flyquest,"[""team:shopify_rebellion""]",1,"[""fixture:658a69e591ff27eadf45""]",PASS
2024-07-29 00:00:00+00:00,team:immortals,"[""team:100_thieves""]",1,"[""fixture:9cacff8da14b56b93d06""]",PASS
2024-07-29 00:00:00+00:00,team:nrg,"[""team:dignitas""]",1,"[""fixture:df4ab456dca07a10dbf1""]",PASS
2024-07-29 00:00:00+00:00,team:shopify_rebellion,"[""team:flyquest""]",1,"[""fixture:658a69e591ff27eadf45""]",PASS
2024-07-29 00:00:00+00:00,team:team_liquid,"[""team:cloud9""]",1,"[""fixture:6c40e3b7cf1ad5228191""]",PASS
2024-08-05 00:00:00+00:00,team:100_thieves,"[""team:shopify_rebellion""]",1,"[""fixture:ba5d1b6cbe3fd4a2f060""]",PASS
2024-08-05 00:00:00+00:00,team:cloud9,"[""team:flyquest""]",1,"[""fixture:7e48e290cfb2a31bff1d""]",PASS
2024-08-05 00:00:00+00:00,team:dignitas,"[""team:immortals""]",1,"[""fixture:0f63f2bc7dc7c0130586""]",PASS
2024-08-05 00:00:00+00:00,team:flyquest,"[""team:cloud9""]",1,"[""fixture:7e48e290cfb2a31bff1d""]",PASS
2024-08-05 00:00:00+00:00,team:immortals,"[""team:dignitas""]",1,"[""fixture:0f63f2bc7dc7c0130586""]",PASS
2024-08-05 00:00:00+00:00,team:nrg,"[""team:team_liquid""]",1,"[""fixture:b26bedb8139c0e261623""]",PASS
2024-08-05 00:00:00+00:00,team:shopify_rebellion,"[""team:100_thieves""]",1,"[""fixture:ba5d1b6cbe3fd4a2f060""]",PASS
2024-08-05 00:00:00+00:00,team:team_liquid,"[""team:nrg""]",1,"[""fixture:b26bedb8139c0e261623""]",PASS
2024-08-12 00:00:00+00:00,team:100_thieves,"[""team:dignitas""]",1,"[""fixture:87e314795d001cb15483""]",PASS
2024-08-12 00:00:00+00:00,team:dignitas,"[""team:100_thieves""]",1,"[""fixture:87e314795d001cb15483""]",PASS
2024-08-12 00:00:00+00:00,team:flyquest,"[""team:nrg""]",1,"[""fixture:e42c1daa835180e490c7""]",PASS
2024-08-12 00:00:00+00:00,team:nrg,"[""team:flyquest""]",1,"[""fixture:e42c1daa835180e490c7""]",PASS
2024-08-19 00:00:00+00:00,team:100_thieves,"[""team:team_liquid""]",1,"[""fixture:ef10da17426efb120d9f""]",PASS
2024-08-19 00:00:00+00:00,team:cloud9,"[""team:flyquest""]",1,"[""fixture:1ad48b3489c5c03e12b6""]",PASS
2024-08-19 00:00:00+00:00,team:dignitas,"[""team:nrg""]",1,"[""fixture:5d1cedf0b7dad78b613c""]",PASS
2024-08-19 00:00:00+00:00,team:flyquest,"[""team:cloud9""]",1,"[""fixture:1ad48b3489c5c03e12b6""]",PASS
2024-08-19 00:00:00+00:00,team:nrg,"[""team:dignitas""]",1,"[""fixture:5d1cedf0b7dad78b613c""]",PASS
2024-08-19 00:00:00+00:00,team:team_liquid,"[""team:100_thieves""]",1,"[""fixture:ef10da17426efb120d9f""]",PASS
2024-08-26 00:00:00+00:00,team:100_thieves,"[""team:cloud9"",""team:dignitas""]",2,"[""fixture:349a7ca0e70e709d878a"",""fixture:f51bf7da6069ab469632""]",PASS
2024-08-26 00:00:00+00:00,team:cloud9,"[""team:100_thieves""]",1,"[""fixture:f51bf7da6069ab469632""]",PASS
2024-08-26 00:00:00+00:00,team:dignitas,"[""team:100_thieves""]",1,"[""fixture:349a7ca0e70e709d878a""]",PASS
2024-08-26 00:00:00+00:00,team:flyquest,"[""team:team_liquid""]",1,"[""fixture:33748551ade88967258a""]",PASS
2024-08-26 00:00:00+00:00,team:team_liquid,"[""team:flyquest""]",1,"[""fixture:33748551ade88967258a""]",PASS
2024-09-02 00:00:00+00:00,team:100_thieves,"[""team:flyquest""]",1,"[""fixture:8ad4ef9bb998101f710c""]",PASS
2024-09-02 00:00:00+00:00,team:flyquest,"[""team:100_thieves"",""team:team_liquid""]",2,"[""fixture:15cf7b24b17b28bfa0cd"",""fixture:8ad4ef9bb998101f710c""]",PASS
2024-09-02 00:00:00+00:00,team:team_liquid,"[""team:flyquest""]",1,"[""fixture:15cf7b24b17b28bfa0cd""]",PASS
2025-01-20 00:00:00+00:00,team:100_thieves,"[""team:disguised""]",1,"[""fixture:6a4d38f790f5ee1de09f""]",PASS
2025-01-20 00:00:00+00:00,team:cloud9,"[""team:lyon""]",1,"[""fixture:d6aaaa30b7b54fa498ec""]",PASS
2025-01-20 00:00:00+00:00,team:disguised,"[""team:100_thieves""]",1,"[""fixture:6a4d38f790f5ee1de09f""]",PASS
2025-01-20 00:00:00+00:00,team:flyquest,"[""team:shopify_rebellion""]",1,"[""fixture:b5cf9ba3736dd82cb69c""]",PASS
2025-01-20 00:00:00+00:00,team:lyon,"[""team:cloud9""]",1,"[""fixture:d6aaaa30b7b54fa498ec""]",PASS
2025-01-20 00:00:00+00:00,team:shopify_rebellion,"[""team:flyquest""]",1,"[""fixture:b5cf9ba3736dd82cb69c""]",PASS
2025-01-27 00:00:00+00:00,team:100_thieves,"[""team:team_liquid""]",1,"[""fixture:c88fe1b25f40ab5f1fc4""]",PASS
2025-01-27 00:00:00+00:00,team:dignitas,"[""team:disguised"",""team:team_liquid""]",2,"[""fixture:421b5415209dcb20ad1e"",""fixture:502ddbb5f6341a798255""]",PASS
2025-01-27 00:00:00+00:00,team:disguised,"[""team:dignitas""]",1,"[""fixture:421b5415209dcb20ad1e""]",PASS
2025-01-27 00:00:00+00:00,team:lyon,"[""team:shopify_rebellion""]",1,"[""fixture:75abbd2242f90ae073c6""]",PASS
2025-01-27 00:00:00+00:00,team:shopify_rebellion,"[""team:lyon""]",1,"[""fixture:75abbd2242f90ae073c6""]",PASS
2025-01-27 00:00:00+00:00,team:team_liquid,"[""team:100_thieves"",""team:dignitas""]",2,"[""fixture:502ddbb5f6341a798255"",""fixture:c88fe1b25f40ab5f1fc4""]",PASS
2025-02-03 00:00:00+00:00,team:100_thieves,"[""team:cloud9""]",1,"[""fixture:f393928ee4d6a87c8b1f""]",PASS
2025-02-03 00:00:00+00:00,team:cloud9,"[""team:100_thieves"",""team:flyquest""]",2,"[""fixture:b594d65cbd7c5869f029"",""fixture:f393928ee4d6a87c8b1f""]",PASS
2025-02-03 00:00:00+00:00,team:flyquest,"[""team:cloud9""]",1,"[""fixture:b594d65cbd7c5869f029""]",PASS
2025-02-03 00:00:00+00:00,team:shopify_rebellion,"[""team:team_liquid""]",1,"[""fixture:154471a039032cb50957""]",PASS
2025-02-03 00:00:00+00:00,team:team_liquid,"[""team:shopify_rebellion""]",1,"[""fixture:154471a039032cb50957""]",PASS
2025-02-10 00:00:00+00:00,team:dignitas,"[""team:flyquest""]",1,"[""fixture:4a372476cfdc040c4c5f""]",PASS
2025-02-10 00:00:00+00:00,team:flyquest,"[""team:dignitas"",""team:team_liquid""]",2,"[""fixture:4a372476cfdc040c4c5f"",""fixture:a10f2a23237d3120dd54""]",PASS
2025-02-10 00:00:00+00:00,team:team_liquid,"[""team:flyquest""]",1,"[""fixture:a10f2a23237d3120dd54""]",PASS
2025-02-17 00:00:00+00:00,team:100_thieves,"[""team:flyquest"",""team:team_liquid""]",2,"[""fixture:3af992917685fdcb6fca"",""fixture:43ea7fc6c554007fb93a""]",PASS
2025-02-17 00:00:00+00:00,team:cloud9,"[""team:team_liquid""]",1,"[""fixture:06b728d0cb3ed26e83d7""]",PASS
2025-02-17 00:00:00+00:00,team:flyquest,"[""team:100_thieves""]",1,"[""fixture:3af992917685fdcb6fca""]",PASS
2025-02-17 00:00:00+00:00,team:team_liquid,"[""team:100_thieves"",""team:cloud9""]",2,"[""fixture:06b728d0cb3ed26e83d7"",""fixture:43ea7fc6c554007fb93a""]",PASS
2025-03-31 00:00:00+00:00,team:100_thieves,"[""team:cloud9"",""team:team_liquid""]",2,"[""fixture:7a45189a80ea884b0749"",""fixture:cacdac7c893f4ecee20e""]",PASS
2025-03-31 00:00:00+00:00,team:cloud9,"[""team:100_thieves"",""team:shopify_rebellion""]",2,"[""fixture:bc56a151e2c748046d2e"",""fixture:cacdac7c893f4ecee20e""]",PASS
2025-03-31 00:00:00+00:00,team:dignitas,"[""team:lyon"",""team:shopify_rebellion""]",2,"[""fixture:74bac0bb6e7b44856884"",""fixture:f6f461c498669a18f874""]",PASS
2025-03-31 00:00:00+00:00,team:disguised,"[""team:flyquest"",""team:lyon""]",2,"[""fixture:1a476e1d1408ace332ce"",""fixture:8e31e9306d9507e3ee22""]",PASS
2025-03-31 00:00:00+00:00,team:flyquest,"[""team:disguised"",""team:team_liquid""]",2,"[""fixture:56e54097293154b4009b"",""fixture:8e31e9306d9507e3ee22""]",PASS
2025-03-31 00:00:00+00:00,team:lyon,"[""team:dignitas"",""team:disguised""]",2,"[""fixture:1a476e1d1408ace332ce"",""fixture:f6f461c498669a18f874""]",PASS
2025-03-31 00:00:00+00:00,team:shopify_rebellion,"[""team:cloud9"",""team:dignitas""]",2,"[""fixture:74bac0bb6e7b44856884"",""fixture:bc56a151e2c748046d2e""]",PASS
2025-03-31 00:00:00+00:00,team:team_liquid,"[""team:100_thieves"",""team:flyquest""]",2,"[""fixture:56e54097293154b4009b"",""fixture:7a45189a80ea884b0749""]",PASS
2025-04-07 00:00:00+00:00,team:100_thieves,"[""team:disguised"",""team:flyquest""]",2,"[""fixture:373c9dd8b791494ccb26"",""fixture:950ed7d33c63935a54c7""]",PASS
2025-04-07 00:00:00+00:00,team:cloud9,"[""team:dignitas"",""team:disguised""]",2,"[""fixture:99025ff11ae2a0076f89"",""fixture:b7553877fd54288f65d7""]",PASS
2025-04-07 00:00:00+00:00,team:dignitas,"[""team:cloud9"",""team:team_liquid""]",2,"[""fixture:4e788fe45101dfc561dd"",""fixture:99025ff11ae2a0076f89""]",PASS
2025-04-07 00:00:00+00:00,team:disguised,"[""team:100_thieves"",""team:cloud9""]",2,"[""fixture:373c9dd8b791494ccb26"",""fixture:b7553877fd54288f65d7""]",PASS
2025-04-07 00:00:00+00:00,team:flyquest,"[""team:100_thieves"",""team:shopify_rebellion""]",2,"[""fixture:78575463867f3a531577"",""fixture:950ed7d33c63935a54c7""]",PASS
2025-04-07 00:00:00+00:00,team:lyon,"[""team:shopify_rebellion"",""team:team_liquid""]",2,"[""fixture:774cf4ea38d48fbab515"",""fixture:78fd60469d06efbcac30""]",PASS
2025-04-07 00:00:00+00:00,team:shopify_rebellion,"[""team:flyquest"",""team:lyon""]",2,"[""fixture:774cf4ea38d48fbab515"",""fixture:78575463867f3a531577""]",PASS
2025-04-07 00:00:00+00:00,team:team_liquid,"[""team:dignitas"",""team:lyon""]",2,"[""fixture:4e788fe45101dfc561dd"",""fixture:78fd60469d06efbcac30""]",PASS
2025-04-14 00:00:00+00:00,team:100_thieves,"[""team:dignitas"",""team:lyon""]",2,"[""fixture:3354006664a46682404c"",""fixture:f090bfd94ea339ff2075""]",PASS
2025-04-14 00:00:00+00:00,team:cloud9,"[""team:flyquest"",""team:team_liquid""]",2,"[""fixture:a16fe5525bf6c1bc35c9"",""fixture:d45d4f0d882670b78d40""]",PASS
2025-04-14 00:00:00+00:00,team:dignitas,"[""team:100_thieves"",""team:disguised""]",2,"[""fixture:5a186b687974fa957f26"",""fixture:f090bfd94ea339ff2075""]",PASS
2025-04-14 00:00:00+00:00,team:disguised,"[""team:dignitas"",""team:shopify_rebellion""]",2,"[""fixture:5a186b687974fa957f26"",""fixture:74fed88495dbe5ff65c8""]",PASS
2025-04-14 00:00:00+00:00,team:flyquest,"[""team:cloud9"",""team:lyon""]",2,"[""fixture:b0c1d70ec053ac45d38b"",""fixture:d45d4f0d882670b78d40""]",PASS
2025-04-14 00:00:00+00:00,team:lyon,"[""team:100_thieves"",""team:flyquest""]",2,"[""fixture:3354006664a46682404c"",""fixture:b0c1d70ec053ac45d38b""]",PASS
2025-04-14 00:00:00+00:00,team:shopify_rebellion,"[""team:disguised"",""team:team_liquid""]",2,"[""fixture:74fed88495dbe5ff65c8"",""fixture:7ecb88d15a5050bef56d""]",PASS
2025-04-14 00:00:00+00:00,team:team_liquid,"[""team:cloud9"",""team:shopify_rebellion""]",2,"[""fixture:7ecb88d15a5050bef56d"",""fixture:a16fe5525bf6c1bc35c9""]",PASS
2025-04-21 00:00:00+00:00,team:100_thieves,"[""team:flyquest"",""team:shopify_rebellion""]",2,"[""fixture:1f4bfab497a6b3df6b57"",""fixture:60d62167578cb6789d52""]",PASS
2025-04-21 00:00:00+00:00,team:cloud9,"[""team:disguised"",""team:lyon""]",2,"[""fixture:5181b209d3e0adaa1611"",""fixture:d3b7fa6aaa1b7ad4302e""]",PASS
2025-04-21 00:00:00+00:00,team:dignitas,"[""team:flyquest"",""team:shopify_rebellion""]",2,"[""fixture:0e5f0a385975eefdd04a"",""fixture:bf4fee88cbbbd1b9683c""]",PASS
2025-04-21 00:00:00+00:00,team:disguised,"[""team:cloud9"",""team:team_liquid""]",2,"[""fixture:5181b209d3e0adaa1611"",""fixture:eb08085e5c081b7ab45e""]",PASS
2025-04-21 00:00:00+00:00,team:flyquest,"[""team:100_thieves"",""team:dignitas""]",2,"[""fixture:0e5f0a385975eefdd04a"",""fixture:60d62167578cb6789d52""]",PASS
2025-04-21 00:00:00+00:00,team:lyon,"[""team:cloud9"",""team:team_liquid""]",2,"[""fixture:006cc958630c4d782f89"",""fixture:d3b7fa6aaa1b7ad4302e""]",PASS
2025-04-21 00:00:00+00:00,team:shopify_rebellion,"[""team:100_thieves"",""team:dignitas""]",2,"[""fixture:1f4bfab497a6b3df6b57"",""fixture:bf4fee88cbbbd1b9683c""]",PASS
2025-04-21 00:00:00+00:00,team:team_liquid,"[""team:disguised"",""team:lyon""]",2,"[""fixture:006cc958630c4d782f89"",""fixture:eb08085e5c081b7ab45e""]",PASS
2025-04-28 00:00:00+00:00,team:100_thieves,"[""team:dignitas""]",1,"[""fixture:9f08012e8148a1d79615""]",PASS
2025-04-28 00:00:00+00:00,team:cloud9,"[""team:lyon""]",1,"[""fixture:3d300f1eb336aab222c1""]",PASS
2025-04-28 00:00:00+00:00,team:dignitas,"[""team:100_thieves""]",1,"[""fixture:9f08012e8148a1d79615""]",PASS
2025-04-28 00:00:00+00:00,team:disguised,"[""team:team_liquid""]",1,"[""fixture:b73a83a8eabb9ebc9704""]",PASS
2025-04-28 00:00:00+00:00,team:flyquest,"[""team:shopify_rebellion""]",1,"[""fixture:a5a60e40e4bca0c283e7""]",PASS
2025-04-28 00:00:00+00:00,team:lyon,"[""team:cloud9""]",1,"[""fixture:3d300f1eb336aab222c1""]",PASS
2025-04-28 00:00:00+00:00,team:shopify_rebellion,"[""team:flyquest""]",1,"[""fixture:a5a60e40e4bca0c283e7""]",PASS
2025-04-28 00:00:00+00:00,team:team_liquid,"[""team:disguised""]",1,"[""fixture:b73a83a8eabb9ebc9704""]",PASS
2025-05-05 00:00:00+00:00,team:100_thieves,"[""team:shopify_rebellion""]",1,"[""fixture:4be1c372502e6b382f77""]",PASS
2025-05-05 00:00:00+00:00,team:cloud9,"[""team:team_liquid""]",1,"[""fixture:17e23f5edd548a51bb64""]",PASS
2025-05-05 00:00:00+00:00,team:dignitas,"[""team:flyquest""]",1,"[""fixture:7b628b122547718dd7b9""]",PASS
2025-05-05 00:00:00+00:00,team:disguised,"[""team:lyon""]",1,"[""fixture:8e229cd7a1ecc1ea083c""]",PASS
2025-05-05 00:00:00+00:00,team:flyquest,"[""team:dignitas""]",1,"[""fixture:7b628b122547718dd7b9""]",PASS
2025-05-05 00:00:00+00:00,team:lyon,"[""team:disguised""]",1,"[""fixture:8e229cd7a1ecc1ea083c""]",PASS
2025-05-05 00:00:00+00:00,team:shopify_rebellion,"[""team:100_thieves""]",1,"[""fixture:4be1c372502e6b382f77""]",PASS
2025-05-05 00:00:00+00:00,team:team_liquid,"[""team:cloud9""]",1,"[""fixture:17e23f5edd548a51bb64""]",PASS
2025-05-12 00:00:00+00:00,team:100_thieves,"[""team:disguised""]",1,"[""fixture:bdf16feac883aa2c5c33""]",PASS
2025-05-12 00:00:00+00:00,team:cloud9,"[""team:flyquest""]",1,"[""fixture:eab23250384bf77866a0""]",PASS
2025-05-12 00:00:00+00:00,team:dignitas,"[""team:lyon""]",1,"[""fixture:9e393882a067a92cbdee""]",PASS
2025-05-12 00:00:00+00:00,team:disguised,"[""team:100_thieves""]",1,"[""fixture:bdf16feac883aa2c5c33""]",PASS
2025-05-12 00:00:00+00:00,team:flyquest,"[""team:cloud9""]",1,"[""fixture:eab23250384bf77866a0""]",PASS
2025-05-12 00:00:00+00:00,team:lyon,"[""team:dignitas""]",1,"[""fixture:9e393882a067a92cbdee""]",PASS
2025-05-12 00:00:00+00:00,team:shopify_rebellion,"[""team:team_liquid""]",1,"[""fixture:ae202fda51c975fb2cf7""]",PASS
2025-05-12 00:00:00+00:00,team:team_liquid,"[""team:shopify_rebellion""]",1,"[""fixture:ae202fda51c975fb2cf7""]",PASS
2025-05-19 00:00:00+00:00,team:cloud9,"[""team:team_liquid""]",1,"[""fixture:9bd6784e78afa6025310""]",PASS
2025-05-19 00:00:00+00:00,team:flyquest,"[""team:shopify_rebellion""]",1,"[""fixture:9e6f75b94de4fec79cd6""]",PASS
2025-05-19 00:00:00+00:00,team:shopify_rebellion,"[""team:flyquest""]",1,"[""fixture:9e6f75b94de4fec79cd6""]",PASS
2025-05-19 00:00:00+00:00,team:team_liquid,"[""team:cloud9""]",1,"[""fixture:9bd6784e78afa6025310""]",PASS
2025-05-26 00:00:00+00:00,team:100_thieves,"[""team:shopify_rebellion""]",1,"[""fixture:49ecba0c7bd671326192""]",PASS
2025-05-26 00:00:00+00:00,team:dignitas,"[""team:team_liquid""]",1,"[""fixture:6e5bfe5d0ff19ae03c67""]",PASS
2025-05-26 00:00:00+00:00,team:shopify_rebellion,"[""team:100_thieves""]",1,"[""fixture:49ecba0c7bd671326192""]",PASS
2025-05-26 00:00:00+00:00,team:team_liquid,"[""team:dignitas""]",1,"[""fixture:6e5bfe5d0ff19ae03c67""]",PASS
2025-06-02 00:00:00+00:00,team:cloud9,"[""team:flyquest""]",1,"[""fixture:1076673931ead0604b54""]",PASS
2025-06-02 00:00:00+00:00,team:flyquest,"[""team:cloud9""]",1,"[""fixture:1076673931ead0604b54""]",PASS
2025-06-02 00:00:00+00:00,team:shopify_rebellion,"[""team:team_liquid""]",1,"[""fixture:56143a85697b2cbe59fc""]",PASS
2025-06-02 00:00:00+00:00,team:team_liquid,"[""team:shopify_rebellion""]",1,"[""fixture:56143a85697b2cbe59fc""]",PASS
2025-06-09 00:00:00+00:00,team:cloud9,"[""team:flyquest"",""team:shopify_rebellion""]",2,"[""fixture:ca2c64610e822c940dd3"",""fixture:e7d1ee88d0f454bea210""]",PASS
2025-06-09 00:00:00+00:00,team:flyquest,"[""team:cloud9""]",1,"[""fixture:ca2c64610e822c940dd3""]",PASS
2025-06-09 00:00:00+00:00,team:shopify_rebellion,"[""team:cloud9""]",1,"[""fixture:e7d1ee88d0f454bea210""]",PASS
2025-07-21 00:00:00+00:00,team:100_thieves,"[""team:team_liquid""]",1,"[""fixture:fcc1109246c502a7ef95""]",PASS
2025-07-21 00:00:00+00:00,team:cloud9,"[""team:lyon""]",1,"[""fixture:99bbc01331027ff5d2c6""]",PASS
2025-07-21 00:00:00+00:00,team:dignitas,"[""team:shopify_rebellion""]",1,"[""fixture:c6f2af85d25487fd045f""]",PASS
2025-07-21 00:00:00+00:00,team:disguised,"[""team:flyquest""]",1,"[""fixture:40031b88ccbea36b9e87""]",PASS
2025-07-21 00:00:00+00:00,team:flyquest,"[""team:disguised""]",1,"[""fixture:40031b88ccbea36b9e87""]",PASS
2025-07-21 00:00:00+00:00,team:lyon,"[""team:cloud9""]",1,"[""fixture:99bbc01331027ff5d2c6""]",PASS
2025-07-21 00:00:00+00:00,team:shopify_rebellion,"[""team:dignitas""]",1,"[""fixture:c6f2af85d25487fd045f""]",PASS
2025-07-21 00:00:00+00:00,team:team_liquid,"[""team:100_thieves""]",1,"[""fixture:fcc1109246c502a7ef95""]",PASS
2025-07-28 00:00:00+00:00,team:100_thieves,"[""team:flyquest""]",1,"[""fixture:51413e9374fc3ba222a1""]",PASS
2025-07-28 00:00:00+00:00,team:cloud9,"[""team:dignitas""]",1,"[""fixture:e14929164bb488c62e5c""]",PASS
2025-07-28 00:00:00+00:00,team:dignitas,"[""team:cloud9""]",1,"[""fixture:e14929164bb488c62e5c""]",PASS
2025-07-28 00:00:00+00:00,team:disguised,"[""team:shopify_rebellion""]",1,"[""fixture:cf06ea12ff5895da698d""]",PASS
2025-07-28 00:00:00+00:00,team:flyquest,"[""team:100_thieves""]",1,"[""fixture:51413e9374fc3ba222a1""]",PASS
2025-07-28 00:00:00+00:00,team:lyon,"[""team:team_liquid""]",1,"[""fixture:57dd0cfe9a4d4d3b4b49""]",PASS
2025-07-28 00:00:00+00:00,team:shopify_rebellion,"[""team:disguised""]",1,"[""fixture:cf06ea12ff5895da698d""]",PASS
2025-07-28 00:00:00+00:00,team:team_liquid,"[""team:lyon""]",1,"[""fixture:57dd0cfe9a4d4d3b4b49""]",PASS
2025-08-04 00:00:00+00:00,team:100_thieves,"[""team:shopify_rebellion""]",1,"[""fixture:11c5513b397ee93a2d78""]",PASS
2025-08-04 00:00:00+00:00,team:cloud9,"[""team:team_liquid""]",1,"[""fixture:715294c7dd5d0b213e21""]",PASS
2025-08-04 00:00:00+00:00,team:dignitas,"[""team:disguised""]",1,"[""fixture:022975f8a7bbec6fc16f""]",PASS
2025-08-04 00:00:00+00:00,team:disguised,"[""team:dignitas""]",1,"[""fixture:022975f8a7bbec6fc16f""]",PASS
2025-08-04 00:00:00+00:00,team:flyquest,"[""team:lyon""]",1,"[""fixture:5dac2191596465df19c7""]",PASS
2025-08-04 00:00:00+00:00,team:lyon,"[""team:flyquest""]",1,"[""fixture:5dac2191596465df19c7""]",PASS
2025-08-04 00:00:00+00:00,team:shopify_rebellion,"[""team:100_thieves""]",1,"[""fixture:11c5513b397ee93a2d78""]",PASS
2025-08-04 00:00:00+00:00,team:team_liquid,"[""team:cloud9""]",1,"[""fixture:715294c7dd5d0b213e21""]",PASS
2025-08-11 00:00:00+00:00,team:cloud9,"[""team:shopify_rebellion""]",1,"[""fixture:0d784efde35d6987fbd9""]",PASS
2025-08-11 00:00:00+00:00,team:flyquest,"[""team:team_liquid""]",1,"[""fixture:db7e240512a45b4d3b14""]",PASS
2025-08-11 00:00:00+00:00,team:shopify_rebellion,"[""team:cloud9""]",1,"[""fixture:0d784efde35d6987fbd9""]",PASS
2025-08-11 00:00:00+00:00,team:team_liquid,"[""team:flyquest""]",1,"[""fixture:db7e240512a45b4d3b14""]",PASS
2025-08-18 00:00:00+00:00,team:100_thieves,"[""team:lyon""]",1,"[""fixture:b58fe9a7cd98b018c30c""]",PASS
2025-08-18 00:00:00+00:00,team:dignitas,"[""team:disguised""]",1,"[""fixture:71062206b23574957da0""]",PASS
2025-08-18 00:00:00+00:00,team:disguised,"[""team:dignitas""]",1,"[""fixture:71062206b23574957da0""]",PASS
2025-08-18 00:00:00+00:00,team:lyon,"[""team:100_thieves""]",1,"[""fixture:b58fe9a7cd98b018c30c""]",PASS
2025-08-25 00:00:00+00:00,team:100_thieves,"[""team:team_liquid""]",1,"[""fixture:a7f06e56674e76bf6c31""]",PASS
2025-08-25 00:00:00+00:00,team:cloud9,"[""team:disguised""]",1,"[""fixture:5da8e1b9c459d3f8bcb9""]",PASS
2025-08-25 00:00:00+00:00,team:disguised,"[""team:cloud9""]",1,"[""fixture:5da8e1b9c459d3f8bcb9""]",PASS
2025-08-25 00:00:00+00:00,team:flyquest,"[""team:shopify_rebellion""]",1,"[""fixture:970085700c2fc79a9dca""]",PASS
2025-08-25 00:00:00+00:00,team:shopify_rebellion,"[""team:flyquest""]",1,"[""fixture:970085700c2fc79a9dca""]",PASS
2025-08-25 00:00:00+00:00,team:team_liquid,"[""team:100_thieves""]",1,"[""fixture:a7f06e56674e76bf6c31""]",PASS
2025-09-01 00:00:00+00:00,team:100_thieves,"[""team:flyquest"",""team:shopify_rebellion""]",2,"[""fixture:61ee5af69ce23d6d55a8"",""fixture:a2ecb20b6dd5d01d8638""]",PASS
2025-09-01 00:00:00+00:00,team:flyquest,"[""team:100_thieves""]",1,"[""fixture:61ee5af69ce23d6d55a8""]",PASS
2025-09-01 00:00:00+00:00,team:shopify_rebellion,"[""team:100_thieves""]",1,"[""fixture:a2ecb20b6dd5d01d8638""]",PASS
2025-09-08 00:00:00+00:00,team:100_thieves,"[""team:pain_gaming""]",1,"[""fixture:1b49fd8100f745abcd88""]",PASS
2025-09-08 00:00:00+00:00,team:pain_gaming,"[""team:100_thieves""]",1,"[""fixture:1b49fd8100f745abcd88""]",PASS
2025-09-08 00:00:00+00:00,team:red_canids,"[""team:shopify_rebellion""]",1,"[""fixture:c414e79d7478d81c8aeb""]",PASS
2025-09-08 00:00:00+00:00,team:shopify_rebellion,"[""team:red_canids""]",1,"[""fixture:c414e79d7478d81c8aeb""]",PASS
2025-09-15 00:00:00+00:00,team:100_thieves,"[""team:red_canids""]",1,"[""fixture:9e82c5b262d1f96f2c10""]",PASS
2025-09-15 00:00:00+00:00,team:flyquest,"[""team:vivo_keyd_stars""]",1,"[""fixture:a2f8f3925d4fc72f2c8c""]",PASS
2025-09-15 00:00:00+00:00,team:red_canids,"[""team:100_thieves""]",1,"[""fixture:9e82c5b262d1f96f2c10""]",PASS
2025-09-15 00:00:00+00:00,team:vivo_keyd_stars,"[""team:flyquest""]",1,"[""fixture:a2f8f3925d4fc72f2c8c""]",PASS
2025-09-22 00:00:00+00:00,team:100_thieves,"[""team:vivo_keyd_stars""]",1,"[""fixture:966749db842baf9ea25b""]",PASS
2025-09-22 00:00:00+00:00,team:flyquest,"[""team:vivo_keyd_stars""]",1,"[""fixture:c737c938133126c850e5""]",PASS
2025-09-22 00:00:00+00:00,team:vivo_keyd_stars,"[""team:100_thieves"",""team:flyquest""]",2,"[""fixture:966749db842baf9ea25b"",""fixture:c737c938133126c850e5""]",PASS
2025-09-29 00:00:00+00:00,team:conviction,"[""team:estral_esports""]",1,"[""fixture:91f0f693d24f1fd61b98""]",PASS
2025-09-29 00:00:00+00:00,team:estral_esports,"[""team:conviction""]",1,"[""fixture:91f0f693d24f1fd61b98""]",PASS
2025-09-29 00:00:00+00:00,team:luminosity_gaming,"[""team:sdm_tigres""]",1,"[""fixture:27f607d8e2632740b64e""]",PASS
2025-09-29 00:00:00+00:00,team:sdm_tigres,"[""team:luminosity_gaming""]",1,"[""fixture:27f607d8e2632740b64e""]",PASS
2025-10-06 00:00:00+00:00,team:disguised,"[""team:estral_esports"",""team:luminosity_gaming""]",2,"[""fixture:9156efa86960235c7ca9"",""fixture:bfb3027329cb5d62b438""]",PASS
2025-10-06 00:00:00+00:00,team:estral_esports,"[""team:disguised"",""team:sdm_tigres""]",2,"[""fixture:9156efa86960235c7ca9"",""fixture:a201f63e50e9c59e840a""]",PASS
2025-10-06 00:00:00+00:00,team:luminosity_gaming,"[""team:disguised""]",1,"[""fixture:bfb3027329cb5d62b438""]",PASS
2025-10-06 00:00:00+00:00,team:sdm_tigres,"[""team:estral_esports""]",1,"[""fixture:a201f63e50e9c59e840a""]",PASS
