prediction_period_id,season,split_id,stage_id,period_label,prediction_lock_utc,period_end_utc,fixture_count,unique_team_count,source_coverage,status
period:448a8f91622619afdbe7,2024,LCS:2024:spring,LCS:2024:spring:playoffs,LCS:2024:spring:playoffs:event-group-01,2024-03-14T20:08:02Z,2024-03-17T21:43:44Z,4,6,100%,PASS
period:18a8b98d7b5d7f0b7105,2024,LCS:2024:spring,LCS:2024:spring:playoffs,LCS:2024:spring:playoffs:event-group-02,2024-03-22T20:08:04Z,2024-03-23T21:55:31Z,2,4,100%,PASS
period:0c3bfca85acd014e625d,2024,LCS:2024:spring,LCS:2024:spring:playoffs,LCS:2024:spring:playoffs:event-group-03,2024-03-30T20:22:30Z,2024-03-31T22:47:00Z,2,3,100%,PASS
period:27c11f42e65c97b901b8,2024,LCS:2024:spring,LCS:2024:spring:regular,LCS:2024:spring:regular:event-group-01,2024-01-20T20:15:01Z,2024-01-21T23:00:01Z,8,8,100%,PASS
period:ab546300266e49331659,2024,LCS:2024:spring,LCS:2024:spring:regular,LCS:2024:spring:regular:event-group-02,2024-01-27T20:15:48Z,2024-01-28T22:51:09Z,8,8,100%,PASS
period:f82eb58c594ccc349383,2024,LCS:2024:spring,LCS:2024:spring:regular,LCS:2024:spring:regular:event-group-03,2024-02-02T21:12:22Z,2024-02-04T23:23:54Z,12,8,100%,PASS
period:06566a2ea584fecf6c15,2024,LCS:2024:spring,LCS:2024:spring:regular,LCS:2024:spring:regular:event-group-04,2024-02-10T21:07:54Z,2024-02-11T23:41:19Z,8,8,100%,PASS
period:789a06731adc1e0c8798,2024,LCS:2024:spring,LCS:2024:spring:regular,LCS:2024:spring:regular:event-group-05,2024-03-02T21:07:29Z,2024-03-04T00:06:51Z,8,8,100%,PASS
period:a0f9da327c11cf3cc717,2024,LCS:2024:spring,LCS:2024:spring:regular,LCS:2024:spring:regular:event-group-06,2024-03-08T21:07:46Z,2024-03-10T23:49:34Z,12,8,100%,PASS
period:5218e82018c8910d187b,2024,LCS:2024:summer,LCS:2024:summer:playoffs,LCS:2024:summer:playoffs:event-group-01,2024-08-17T20:07:21Z,2024-08-18T22:50:10Z,2,4,100%,PASS
period:c0a1c4ffff2a32aacb10,2024,LCS:2024:summer,LCS:2024:summer:playoffs,LCS:2024:summer:playoffs:event-group-02,2024-08-23T20:07:51Z,2024-08-25T22:51:53Z,3,6,100%,PASS
period:3685f26c9338932445a9,2024,LCS:2024:summer,LCS:2024:summer:playoffs,LCS:2024:summer:playoffs:event-group-03,2024-08-30T20:08:40Z,2024-09-01T22:37:27Z,3,5,100%,PASS
period:77186dc9e4b5f1acc2df,2024,LCS:2024:summer,LCS:2024:summer:playoffs,LCS:2024:summer:playoffs:event-group-04,2024-09-06T20:13:13Z,2024-09-07T22:46:24Z,2,3,100%,PASS
period:697d8a8453920f1ff1c8,2024,LCS:2024:summer,LCS:2024:summer:regular,LCS:2024:summer:regular:event-group-01,2024-06-15T20:11:50Z,2024-06-16T22:33:45Z,4,8,100%,PASS
period:ea10f8bb7f189dc4197a,2024,LCS:2024:summer,LCS:2024:summer:regular,LCS:2024:summer:regular:event-group-02,2024-06-22T20:11:50Z,2024-06-23T23:33:13Z,4,8,100%,PASS
period:fb51ebc6418ce68c46c6,2024,LCS:2024:summer,LCS:2024:summer:regular,LCS:2024:summer:regular:event-group-03,2024-06-27T20:07:21Z,2024-06-28T22:16:26Z,4,8,100%,PASS
period:0f3dd675ff7b55987f43,2024,LCS:2024:summer,LCS:2024:summer:regular,LCS:2024:summer:regular:event-group-04,2024-07-20T20:10:15Z,2024-07-21T22:53:27Z,4,8,100%,PASS
period:29c7eddc03e68fe96070,2024,LCS:2024:summer,LCS:2024:summer:regular,LCS:2024:summer:regular:event-group-05,2024-07-27T20:09:19Z,2024-07-28T23:12:39Z,4,8,100%,PASS
period:03ffd32cfddfafb63d73,2024,LCS:2024:summer,LCS:2024:summer:regular,LCS:2024:summer:regular:event-group-06,2024-08-03T20:08:15Z,2024-08-05T00:15:54Z,4,8,100%,PASS
period:cdd6b3ae49979eef3d9f,2024,LCS:2024:summer,LCS:2024:summer:regular,LCS:2024:summer:regular:event-group-07,2024-08-10T20:07:50Z,2024-08-11T23:48:41Z,4,8,100%,PASS
period:ee078790277fa6a5a0ce,2025,LCS:2025:split1,LCS:2025:split1:regular,LCS:2025:split1:regular:event-group-01,2025-01-25T21:14:31Z,2025-01-26T23:52:28Z,4,8,100%,PASS
period:b08144b94745feadc04c,2025,LCS:2025:split1,LCS:2025:split1:regular,LCS:2025:split1:regular:event-group-02,2025-02-01T21:06:58Z,2025-02-03T02:54:42Z,5,8,100%,PASS
period:bcc5730448bc2219d32a,2025,LCS:2025:split1,LCS:2025:split1:regular,LCS:2025:split1:regular:event-group-03,2025-02-09T21:07:49Z,2025-02-10T00:46:00Z,3,4,100%,PASS
period:769a792cb95be4e074fc,2025,LCS:2025:split2,LCS:2025:split2:playoffs,LCS:2025:split2:playoffs:event-group-01,2025-05-24T20:07:34Z,2025-05-25T21:52:08Z,2,4,100%,PASS
period:540a575a08edacdeb808,2025,LCS:2025:split2,LCS:2025:split2:playoffs,LCS:2025:split2:playoffs:event-group-02,2025-05-31T20:08:28Z,2025-06-01T22:06:16Z,2,4,100%,PASS
period:b6b241bcd2df026a0c10,2025,LCS:2025:split2,LCS:2025:split2:playoffs,LCS:2025:split2:playoffs:event-group-03,2025-06-07T20:06:56Z,2025-06-08T23:09:04Z,2,4,100%,PASS
period:780234292186bbac5f9e,2025,LCS:2025:split2,LCS:2025:split2:playoffs,LCS:2025:split2:playoffs:event-group-04,2025-06-14T20:12:24Z,2025-06-15T23:43:18Z,2,3,100%,PASS
period:5a5260defef5072643d0,2025,LCS:2025:split2,LCS:2025:split2:regular,LCS:2025:split2:regular:event-group-01,2025-04-05T20:14:15Z,2025-04-06T23:23:09Z,8,8,100%,PASS
period:fb622d9f67b0d1bacd81,2025,LCS:2025:split2,LCS:2025:split2:regular,LCS:2025:split2:regular:event-group-02,2025-04-12T20:06:56Z,2025-04-13T22:48:13Z,8,8,100%,PASS
period:ab17bbbf5d12cdddc770,2025,LCS:2025:split2,LCS:2025:split2:regular,LCS:2025:split2:regular:event-group-03,2025-04-19T20:08:34Z,2025-04-21T22:34:22Z,12,8,100%,PASS
period:0bd7b62868a6e6fa9a6d,2025,LCS:2025:split2,LCS:2025:split2:regular,LCS:2025:split2:regular:event-group-04,2025-04-26T20:08:33Z,2025-04-27T23:47:01Z,4,8,100%,PASS
period:f91ca0f544586fb72c4d,2025,LCS:2025:split2,LCS:2025:split2:regular,LCS:2025:split2:regular:event-group-05,2025-05-03T20:08:26Z,2025-05-04T23:57:16Z,4,8,100%,PASS
period:92eb584d41521b4a115a,2025,LCS:2025:split2,LCS:2025:split2:regular,LCS:2025:split2:regular:event-group-06,2025-05-10T20:09:23Z,2025-05-11T22:38:25Z,4,8,100%,PASS
period:42a66f8e41011df34073,2025,LCS:2025:split2,LCS:2025:split2:regular,LCS:2025:split2:regular:event-group-07,2025-05-17T20:08:05Z,2025-05-18T22:38:41Z,4,8,100%,PASS
period:f92170f131413923b84c,2025,LCS:2025:split3,LCS:2025:split3:regular,LCS:2025:split3:regular:event-group-01,2025-07-26T20:10:23Z,2025-07-27T22:54:47Z,4,8,100%,PASS
period:c7231b512ce5dfec31cf,2025,LCS:2025:split3,LCS:2025:split3:regular,LCS:2025:split3:regular:event-group-02,2025-08-02T20:08:18Z,2025-08-03T23:42:20Z,4,8,100%,PASS
period:c139a580fc7ad181ea33,2025,LCS:2025:split3,LCS:2025:split3:regular,LCS:2025:split3:regular:event-group-03,2025-08-09T20:06:58Z,2025-08-10T23:30:53Z,4,8,100%,PASS
period:9d2506f6d55754824303,2025,LCS:2025:split3,LCS:2025:split3:regular,LCS:2025:split3:regular:event-group-04,2025-08-16T20:06:27Z,2025-08-17T22:02:15Z,2,4,100%,PASS
period:7c6d5817a7155f3a80bb,2025,LCS:2025:split3,LCS:2025:split3:regular,LCS:2025:split3:regular:event-group-05,2025-08-23T20:06:29Z,2025-08-24T22:42:54Z,2,4,100%,PASS
period:1f209e72d41ceba11c39,2025,LTA:2025:split1,LTA:2025:split1:playoffs,LTA:2025:split1:playoffs:event-group-04,2025-02-22T19:00:00Z,2025-02-23T19:00:00Z,3,4,100%,PASS
period:22187ef9992aba12746a,2025,LTA_North:2025:split3,LTA_North:2025:split3:elimination,LTA_North:2025:split3:elimination:event-group-01,2025-08-29T20:00:00Z,2025-08-31T20:00:00Z,3,6,100%,PASS
period:e2ebb42e043a8066f8a1,2025,LTA_North:2025:split3,LTA_North:2025:split3:elimination,LTA_North:2025:split3:elimination:event-group-02,2025-09-06T20:00:00Z,2025-09-07T20:00:00Z,2,3,100%,PASS
period:bc6d5272e3ab0aba1027,2025,LTA:2025:championship,LTA:2025:championship:playoffs,LTA:2025:championship:playoffs:event-group-01,2025-09-13T20:00:00Z,2025-09-14T20:00:00Z,2,4,100%,PASS
period:d30ad08d6376955907eb,2025,LTA:2025:championship,LTA:2025:championship:playoffs,LTA:2025:championship:playoffs:event-group-02,2025-09-20T20:00:00Z,2025-09-21T20:00:00Z,2,4,100%,PASS
period:10bb5b524b9ff6808ddb,2025,LTA:2025:championship,LTA:2025:championship:playoffs,LTA:2025:championship:playoffs:event-group-03,2025-09-27T20:00:00Z,2025-09-28T20:00:00Z,2,3,100%,PASS
period:00fa1c99fc0a0ea50678,2025,LTA_North:2026:promotion,LTA_North:2026:promotion:playoffs,LTA_North:2026:promotion:playoffs:event-group-01,2025-10-04T20:00:00Z,2025-10-05T20:00:00Z,2,4,100%,PASS
period:cd3506492f2acb4e74ca,2025,LTA_North:2026:promotion,LTA_North:2026:promotion:playoffs,LTA_North:2026:promotion:playoffs:event-group-02,2025-10-07T20:00:00Z,2025-10-09T20:00:00Z,3,4,100%,PASS
